mtllib nex10_link_6_t.mtl
usemtl f2
v 0.585750 0.002100 0.830700
v 0.585207 0.002028 0.830700
v 0.584700 0.001819 0.830700
v 0.584265 0.001485 0.830700
v 0.583931 0.001050 0.830700
v 0.583722 0.000544 0.830700
v 0.583650 0.000000 0.830700
v 0.583722 -0.000544 0.830700
v 0.583931 -0.001050 0.830700
v 0.584265 -0.001485 0.830700
v 0.584700 -0.001819 0.830700
v 0.585207 -0.002028 0.830700
v 0.585750 -0.002100 0.830700
v 0.585750 -0.002800 0.830000
v 0.585025 -0.002705 0.830000
v 0.584350 -0.002425 0.830000
v 0.583770 -0.001980 0.830000
v 0.583325 -0.001400 0.830000
v 0.583045 -0.000725 0.830000
v 0.582950 0.000000 0.830000
v 0.583045 0.000725 0.830000
v 0.583325 0.001400 0.830000
v 0.583770 0.001980 0.830000
v 0.584350 0.002425 0.830000
v 0.585025 0.002705 0.830000
v 0.585750 0.002800 0.830000
v 0.585750 0.002100 0.830700
v 0.585750 0.002800 0.830000
v 0.586475 0.002705 0.830000
v 0.587150 0.002425 0.830000
v 0.587730 0.001980 0.830000
v 0.588175 0.001400 0.830000
v 0.588455 0.000725 0.830000
v 0.588550 0.000000 0.830000
v 0.588455 -0.000725 0.830000
v 0.588175 -0.001400 0.830000
v 0.587730 -0.001980 0.830000
v 0.587150 -0.002425 0.830000
v 0.586475 -0.002705 0.830000
v 0.585750 -0.002800 0.830000
v 0.585750 -0.002100 0.830700
v 0.586294 -0.002028 0.830700
v 0.586800 -0.001819 0.830700
v 0.587235 -0.001485 0.830700
v 0.587569 -0.001050 0.830700
v 0.587778 -0.000544 0.830700
v 0.587850 0.000000 0.830700
v 0.587778 0.000544 0.830700
v 0.587569 0.001050 0.830700
v 0.587235 0.001485 0.830700
v 0.586800 0.001819 0.830700
v 0.586294 0.002028 0.830700
v 0.585750 0.002100 0.840400
v 0.585750 0.002100 0.830700
v 0.586294 0.002028 0.830700
v 0.586800 0.001819 0.830700
v 0.587235 0.001485 0.830700
v 0.587569 0.001050 0.830700
v 0.587778 0.000544 0.830700
v 0.587850 0.000000 0.830700
v 0.587778 -0.000544 0.830700
v 0.587569 -0.001050 0.830700
v 0.587235 -0.001485 0.830700
v 0.586800 -0.001819 0.830700
v 0.586294 -0.002028 0.830700
v 0.585750 -0.002100 0.830700
v 0.585750 -0.002100 0.840400
v 0.586294 -0.002028 0.840400
v 0.586800 -0.001819 0.840400
v 0.587235 -0.001485 0.840400
v 0.587569 -0.001050 0.840400
v 0.587778 -0.000544 0.840400
v 0.587850 0.000000 0.840400
v 0.587778 0.000544 0.840400
v 0.587569 0.001050 0.840400
v 0.587235 0.001485 0.840400
v 0.586800 0.001819 0.840400
v 0.586294 0.002028 0.840400
v 0.585750 0.000000 0.841662
v 0.585750 0.002100 0.840400
v 0.586294 0.002028 0.840400
v 0.586800 0.001819 0.840400
v 0.587235 0.001485 0.840400
v 0.587569 0.001050 0.840400
v 0.587778 0.000544 0.840400
v 0.587850 0.000000 0.840400
v 0.587778 -0.000544 0.840400
v 0.587569 -0.001050 0.840400
v 0.587235 -0.001485 0.840400
v 0.586800 -0.001819 0.840400
v 0.586294 -0.002028 0.840400
v 0.585750 -0.002100 0.840400
v 0.585750 0.000000 0.841662
v 0.585750 0.000000 0.841662
v 0.585750 0.000000 0.841662
v 0.585750 0.000000 0.841662
v 0.585750 0.000000 0.841662
v 0.585750 0.000000 0.841662
v 0.585750 0.000000 0.841662
v 0.585750 0.000000 0.841662
v 0.585750 -0.002100 0.840400
v 0.585207 -0.002028 0.840400
v 0.584700 -0.001819 0.840400
v 0.584265 -0.001485 0.840400
v 0.583931 -0.001050 0.840400
v 0.583722 -0.000544 0.840400
v 0.583650 0.000000 0.840400
v 0.583722 0.000544 0.840400
v 0.583931 0.001050 0.840400
v 0.584265 0.001485 0.840400
v 0.584700 0.001819 0.840400
v 0.585207 0.002028 0.840400
v 0.585750 0.002100 0.840400
v 0.585750 0.000000 0.841662
v 0.585750 0.000000 0.841662
v 0.585750 0.000000 0.841662
v 0.585750 0.000000 0.841662
v 0.585750 0.000000 0.841662
v 0.585750 0.000000 0.841662
v 0.585750 0.000000 0.841662
v 0.585750 0.000000 0.841662
v 0.585750 0.002100 0.840400
v 0.585207 0.002028 0.840400
v 0.584700 0.001819 0.840400
v 0.584265 0.001485 0.840400
v 0.583931 0.001050 0.840400
v 0.583722 0.000544 0.840400
v 0.583650 0.000000 0.840400
v 0.583722 -0.000544 0.840400
v 0.583931 -0.001050 0.840400
v 0.584265 -0.001485 0.840400
v 0.584700 -0.001819 0.840400
v 0.585207 -0.002028 0.840400
v 0.585750 -0.002100 0.840400
v 0.585750 -0.002100 0.830700
v 0.585207 -0.002028 0.830700
v 0.584700 -0.001819 0.830700
v 0.584265 -0.001485 0.830700
v 0.583931 -0.001050 0.830700
v 0.583722 -0.000544 0.830700
v 0.583650 0.000000 0.830700
v 0.583722 0.000544 0.830700
v 0.583931 0.001050 0.830700
v 0.584265 0.001485 0.830700
v 0.584700 0.001819 0.830700
v 0.585207 0.002028 0.830700
v 0.585750 0.002100 0.830700
v 0.570000 0.020000 0.830000
v 0.572981 0.019777 0.830000
v 0.575895 0.019111 0.830000
v 0.578678 0.018019 0.830000
v 0.581266 0.016525 0.830000
v 0.583604 0.014661 0.830000
v 0.585637 0.012470 0.830000
v 0.587321 0.010000 0.830000
v 0.588618 0.007307 0.830000
v 0.589499 0.004450 0.830000
v 0.589944 0.001495 0.830000
v 0.589944 -0.001495 0.830000
v 0.589499 -0.004450 0.830000
v 0.588618 -0.007307 0.830000
v 0.587321 -0.010000 0.830000
v 0.585637 -0.012470 0.830000
v 0.583604 -0.014661 0.830000
v 0.581266 -0.016525 0.830000
v 0.578678 -0.018019 0.830000
v 0.575895 -0.019111 0.830000
v 0.572981 -0.019777 0.830000
v 0.570000 -0.020000 0.830000
v 0.567019 -0.019777 0.830000
v 0.564105 -0.019111 0.830000
v 0.561322 -0.018019 0.830000
v 0.558734 -0.016525 0.830000
v 0.556397 -0.014661 0.830000
v 0.554363 -0.012470 0.830000
v 0.552680 -0.010000 0.830000
v 0.551383 -0.007307 0.830000
v 0.550501 -0.004450 0.830000
v 0.550056 -0.001495 0.830000
v 0.550056 0.001495 0.830000
v 0.550501 0.004450 0.830000
v 0.551383 0.007307 0.830000
v 0.552680 0.010000 0.830000
v 0.554363 0.012470 0.830000
v 0.556397 0.014661 0.830000
v 0.558734 0.016525 0.830000
v 0.561322 0.018019 0.830000
v 0.564105 0.019111 0.830000
v 0.567019 0.019777 0.830000
v 0.554250 -0.002700 0.830000
v 0.554949 -0.002608 0.830000
v 0.555600 -0.002338 0.830000
v 0.556159 -0.001909 0.830000
v 0.556588 -0.001350 0.830000
v 0.556858 -0.000699 0.830000
v 0.556950 0.000000 0.830000
v 0.556858 0.000699 0.830000
v 0.556588 0.001350 0.830000
v 0.556159 0.001909 0.830000
v 0.555600 0.002338 0.830000
v 0.554949 0.002608 0.830000
v 0.554250 0.002700 0.830000
v 0.553551 0.002608 0.830000
v 0.552900 0.002338 0.830000
v 0.552341 0.001909 0.830000
v 0.551912 0.001350 0.830000
v 0.551642 0.000699 0.830000
v 0.551550 0.000000 0.830000
v 0.551642 -0.000699 0.830000
v 0.551912 -0.001350 0.830000
v 0.552341 -0.001909 0.830000
v 0.552900 -0.002338 0.830000
v 0.553551 -0.002608 0.830000
v 0.570000 0.012950 0.830000
v 0.570725 0.013045 0.830000
v 0.571400 0.013325 0.830000
v 0.571980 0.013770 0.830000
v 0.572425 0.014350 0.830000
v 0.572705 0.015025 0.830000
v 0.572800 0.015750 0.830000
v 0.572705 0.016475 0.830000
v 0.572425 0.017150 0.830000
v 0.571980 0.017730 0.830000
v 0.571400 0.018175 0.830000
v 0.570725 0.018455 0.830000
v 0.570000 0.018550 0.830000
v 0.569275 0.018455 0.830000
v 0.568600 0.018175 0.830000
v 0.568020 0.017730 0.830000
v 0.567575 0.017150 0.830000
v 0.567295 0.016475 0.830000
v 0.567200 0.015750 0.830000
v 0.567295 0.015025 0.830000
v 0.567575 0.014350 0.830000
v 0.568020 0.013770 0.830000
v 0.568600 0.013325 0.830000
v 0.569275 0.013045 0.830000
v 0.585750 -0.002800 0.830000
v 0.586475 -0.002705 0.830000
v 0.587150 -0.002425 0.830000
v 0.587730 -0.001980 0.830000
v 0.588175 -0.001400 0.830000
v 0.588455 -0.000725 0.830000
v 0.588550 0.000000 0.830000
v 0.588455 0.000725 0.830000
v 0.588175 0.001400 0.830000
v 0.587730 0.001980 0.830000
v 0.587150 0.002425 0.830000
v 0.586475 0.002705 0.830000
v 0.585750 0.002800 0.830000
v 0.585025 0.002705 0.830000
v 0.584350 0.002425 0.830000
v 0.583770 0.001980 0.830000
v 0.583325 0.001400 0.830000
v 0.583045 0.000725 0.830000
v 0.582950 0.000000 0.830000
v 0.583045 -0.000725 0.830000
v 0.583325 -0.001400 0.830000
v 0.583770 -0.001980 0.830000
v 0.584350 -0.002425 0.830000
v 0.585025 -0.002705 0.830000
v 0.570000 -0.018550 0.830000
v 0.570725 -0.018455 0.830000
v 0.571400 -0.018175 0.830000
v 0.571980 -0.017730 0.830000
v 0.572425 -0.017150 0.830000
v 0.572705 -0.016475 0.830000
v 0.572800 -0.015750 0.830000
v 0.572705 -0.015025 0.830000
v 0.572425 -0.014350 0.830000
v 0.571980 -0.013770 0.830000
v 0.571400 -0.013325 0.830000
v 0.570725 -0.013045 0.830000
v 0.570000 -0.012950 0.830000
v 0.569275 -0.013045 0.830000
v 0.568600 -0.013325 0.830000
v 0.568020 -0.013770 0.830000
v 0.567575 -0.014350 0.830000
v 0.567295 -0.015025 0.830000
v 0.567200 -0.015750 0.830000
v 0.567295 -0.016475 0.830000
v 0.567575 -0.017150 0.830000
v 0.568020 -0.017730 0.830000
v 0.568600 -0.018175 0.830000
v 0.569275 -0.018455 0.830000
v 0.558863 -0.013937 0.830000
v 0.559588 -0.013842 0.830000
v 0.560263 -0.013562 0.830000
v 0.560843 -0.013117 0.830000
v 0.561288 -0.012537 0.830000
v 0.561568 -0.011862 0.830000
v 0.561663 -0.011137 0.830000
v 0.561568 -0.010412 0.830000
v 0.561288 -0.009737 0.830000
v 0.560843 -0.009157 0.830000
v 0.560263 -0.008712 0.830000
v 0.559588 -0.008432 0.830000
v 0.558863 -0.008337 0.830000
v 0.558138 -0.008432 0.830000
v 0.557463 -0.008712 0.830000
v 0.556883 -0.009157 0.830000
v 0.556438 -0.009737 0.830000
v 0.556158 -0.010412 0.830000
v 0.556063 -0.011137 0.830000
v 0.556158 -0.011862 0.830000
v 0.556438 -0.012537 0.830000
v 0.556883 -0.013117 0.830000
v 0.557463 -0.013562 0.830000
v 0.558138 -0.013842 0.830000
v 0.581137 -0.013937 0.830000
v 0.581862 -0.013842 0.830000
v 0.582537 -0.013562 0.830000
v 0.583117 -0.013117 0.830000
v 0.583562 -0.012537 0.830000
v 0.583842 -0.011862 0.830000
v 0.583937 -0.011137 0.830000
v 0.583842 -0.010412 0.830000
v 0.583562 -0.009737 0.830000
v 0.583117 -0.009157 0.830000
v 0.582537 -0.008712 0.830000
v 0.581862 -0.008432 0.830000
v 0.581137 -0.008337 0.830000
v 0.580412 -0.008432 0.830000
v 0.579737 -0.008712 0.830000
v 0.579157 -0.009157 0.830000
v 0.578712 -0.009737 0.830000
v 0.578432 -0.010412 0.830000
v 0.578337 -0.011137 0.830000
v 0.578432 -0.011862 0.830000
v 0.578712 -0.012537 0.830000
v 0.579157 -0.013117 0.830000
v 0.579737 -0.013562 0.830000
v 0.580412 -0.013842 0.830000
v 0.581137 0.008337 0.830000
v 0.581862 0.008432 0.830000
v 0.582537 0.008712 0.830000
v 0.583117 0.009157 0.830000
v 0.583562 0.009737 0.830000
v 0.583842 0.010412 0.830000
v 0.583937 0.011137 0.830000
v 0.583842 0.011862 0.830000
v 0.583562 0.012537 0.830000
v 0.583117 0.013117 0.830000
v 0.582537 0.013562 0.830000
v 0.581862 0.013842 0.830000
v 0.581137 0.013937 0.830000
v 0.580412 0.013842 0.830000
v 0.579737 0.013562 0.830000
v 0.579157 0.013117 0.830000
v 0.578712 0.012537 0.830000
v 0.578432 0.011862 0.830000
v 0.578337 0.011137 0.830000
v 0.578432 0.010412 0.830000
v 0.578712 0.009737 0.830000
v 0.579157 0.009157 0.830000
v 0.579737 0.008712 0.830000
v 0.580412 0.008432 0.830000
v 0.558863 0.008337 0.830000
v 0.559588 0.008432 0.830000
v 0.560263 0.008712 0.830000
v 0.560843 0.009157 0.830000
v 0.561288 0.009737 0.830000
v 0.561568 0.010412 0.830000
v 0.561663 0.011137 0.830000
v 0.561568 0.011862 0.830000
v 0.561288 0.012537 0.830000
v 0.560843 0.013117 0.830000
v 0.560263 0.013562 0.830000
v 0.559588 0.013842 0.830000
v 0.558863 0.013937 0.830000
v 0.558138 0.013842 0.830000
v 0.557463 0.013562 0.830000
v 0.556883 0.013117 0.830000
v 0.556438 0.012537 0.830000
v 0.556158 0.011862 0.830000
v 0.556063 0.011137 0.830000
v 0.556158 0.010412 0.830000
v 0.556438 0.009737 0.830000
v 0.556883 0.009157 0.830000
v 0.557463 0.008712 0.830000
v 0.558138 0.008432 0.830000
v 0.570000 -0.020000 0.830000
v 0.570000 -0.021000 0.831000
v 0.566870 -0.020765 0.831000
v 0.563810 -0.020067 0.831000
v 0.560888 -0.018920 0.831000
v 0.558170 -0.017351 0.831000
v 0.555716 -0.015394 0.831000
v 0.553582 -0.013093 0.831000
v 0.551813 -0.010500 0.831000
v 0.550452 -0.007672 0.831000
v 0.549527 -0.004673 0.831000
v 0.549059 -0.001569 0.831000
v 0.549059 0.001569 0.831000
v 0.549527 0.004673 0.831000
v 0.550452 0.007672 0.831000
v 0.551813 0.010500 0.831000
v 0.553582 0.013093 0.831000
v 0.555716 0.015394 0.831000
v 0.558170 0.017351 0.831000
v 0.560888 0.018920 0.831000
v 0.563810 0.020067 0.831000
v 0.566870 0.020765 0.831000
v 0.570000 0.021000 0.831000
v 0.570000 0.020000 0.830000
v 0.567019 0.019777 0.830000
v 0.564105 0.019111 0.830000
v 0.561322 0.018019 0.830000
v 0.558734 0.016525 0.830000
v 0.556397 0.014661 0.830000
v 0.554363 0.012470 0.830000
v 0.552680 0.010000 0.830000
v 0.551383 0.007307 0.830000
v 0.550501 0.004450 0.830000
v 0.550056 0.001495 0.830000
v 0.550056 -0.001495 0.830000
v 0.550501 -0.004450 0.830000
v 0.551383 -0.007307 0.830000
v 0.552680 -0.010000 0.830000
v 0.554363 -0.012470 0.830000
v 0.556397 -0.014661 0.830000
v 0.558734 -0.016525 0.830000
v 0.561322 -0.018019 0.830000
v 0.564105 -0.019111 0.830000
v 0.567019 -0.019777 0.830000
v 0.570000 -0.020000 0.830000
v 0.572981 -0.019777 0.830000
v 0.575895 -0.019111 0.830000
v 0.578678 -0.018019 0.830000
v 0.581266 -0.016525 0.830000
v 0.583604 -0.014661 0.830000
v 0.585637 -0.012470 0.830000
v 0.587321 -0.010000 0.830000
v 0.588618 -0.007307 0.830000
v 0.589499 -0.004450 0.830000
v 0.589944 -0.001495 0.830000
v 0.589944 0.001495 0.830000
v 0.589499 0.004450 0.830000
v 0.588618 0.007307 0.830000
v 0.587321 0.010000 0.830000
v 0.585637 0.012470 0.830000
v 0.583604 0.014661 0.830000
v 0.581266 0.016525 0.830000
v 0.578678 0.018019 0.830000
v 0.575895 0.019111 0.830000
v 0.572981 0.019777 0.830000
v 0.570000 0.020000 0.830000
v 0.570000 0.021000 0.831000
v 0.573130 0.020765 0.831000
v 0.576190 0.020067 0.831000
v 0.579112 0.018920 0.831000
v 0.581830 0.017351 0.831000
v 0.584284 0.015394 0.831000
v 0.586419 0.013093 0.831000
v 0.588187 0.010500 0.831000
v 0.589548 0.007672 0.831000
v 0.590474 0.004673 0.831000
v 0.590941 0.001569 0.831000
v 0.590941 -0.001569 0.831000
v 0.590474 -0.004673 0.831000
v 0.589548 -0.007672 0.831000
v 0.588187 -0.010500 0.831000
v 0.586419 -0.013093 0.831000
v 0.584284 -0.015394 0.831000
v 0.581830 -0.017351 0.831000
v 0.579112 -0.018920 0.831000
v 0.576190 -0.020067 0.831000
v 0.573130 -0.020765 0.831000
v 0.570000 -0.021000 0.831000
v 0.570000 -0.021000 0.842000
v 0.570000 -0.021000 0.831000
v 0.573130 -0.020765 0.831000
v 0.576190 -0.020067 0.831000
v 0.579112 -0.018920 0.831000
v 0.581830 -0.017351 0.831000
v 0.584284 -0.015394 0.831000
v 0.586419 -0.013093 0.831000
v 0.588187 -0.010500 0.831000
v 0.589548 -0.007672 0.831000
v 0.590474 -0.004673 0.831000
v 0.590941 -0.001569 0.831000
v 0.590941 0.001569 0.831000
v 0.590474 0.004673 0.831000
v 0.589548 0.007672 0.831000
v 0.588187 0.010500 0.831000
v 0.586419 0.013093 0.831000
v 0.584284 0.015394 0.831000
v 0.581830 0.017351 0.831000
v 0.579112 0.018920 0.831000
v 0.576190 0.020067 0.831000
v 0.573130 0.020765 0.831000
v 0.570000 0.021000 0.831000
v 0.570000 0.021000 0.842000
v 0.573130 0.020765 0.842000
v 0.576190 0.020067 0.842000
v 0.579112 0.018920 0.842000
v 0.581830 0.017351 0.842000
v 0.584284 0.015394 0.842000
v 0.586419 0.013093 0.842000
v 0.588187 0.010500 0.842000
v 0.589548 0.007672 0.842000
v 0.590474 0.004673 0.842000
v 0.590941 0.001569 0.842000
v 0.590941 -0.001569 0.842000
v 0.590474 -0.004673 0.842000
v 0.589548 -0.007672 0.842000
v 0.588187 -0.010500 0.842000
v 0.586419 -0.013093 0.842000
v 0.584284 -0.015394 0.842000
v 0.581830 -0.017351 0.842000
v 0.579112 -0.018920 0.842000
v 0.576190 -0.020067 0.842000
v 0.573130 -0.020765 0.842000
v 0.570000 0.021000 0.842000
v 0.566870 0.020765 0.842000
v 0.563810 0.020067 0.842000
v 0.560888 0.018920 0.842000
v 0.558170 0.017351 0.842000
v 0.555716 0.015394 0.842000
v 0.553582 0.013093 0.842000
v 0.551813 0.010500 0.842000
v 0.550452 0.007672 0.842000
v 0.549527 0.004673 0.842000
v 0.549059 0.001569 0.842000
v 0.549059 -0.001569 0.842000
v 0.549527 -0.004673 0.842000
v 0.550452 -0.007672 0.842000
v 0.551813 -0.010500 0.842000
v 0.553582 -0.013093 0.842000
v 0.555716 -0.015394 0.842000
v 0.558170 -0.017351 0.842000
v 0.560888 -0.018920 0.842000
v 0.563810 -0.020067 0.842000
v 0.566870 -0.020765 0.842000
v 0.570000 -0.021000 0.842000
v 0.573130 -0.020765 0.842000
v 0.576190 -0.020067 0.842000
v 0.579112 -0.018920 0.842000
v 0.581830 -0.017351 0.842000
v 0.584284 -0.015394 0.842000
v 0.586419 -0.013093 0.842000
v 0.588187 -0.010500 0.842000
v 0.589548 -0.007672 0.842000
v 0.590474 -0.004673 0.842000
v 0.590941 -0.001569 0.842000
v 0.590941 0.001569 0.842000
v 0.590474 0.004673 0.842000
v 0.589548 0.007672 0.842000
v 0.588187 0.010500 0.842000
v 0.586419 0.013093 0.842000
v 0.584284 0.015394 0.842000
v 0.581830 0.017351 0.842000
v 0.579112 0.018920 0.842000
v 0.576190 0.020067 0.842000
v 0.573130 0.020765 0.842000
v 0.570000 0.021000 0.842000
v 0.570000 0.021000 0.831000
v 0.566870 0.020765 0.831000
v 0.563810 0.020067 0.831000
v 0.560888 0.018920 0.831000
v 0.558170 0.017351 0.831000
v 0.555716 0.015394 0.831000
v 0.553582 0.013093 0.831000
v 0.551813 0.010500 0.831000
v 0.550452 0.007672 0.831000
v 0.549527 0.004673 0.831000
v 0.549059 0.001569 0.831000
v 0.549059 -0.001569 0.831000
v 0.549527 -0.004673 0.831000
v 0.550452 -0.007672 0.831000
v 0.551813 -0.010500 0.831000
v 0.553582 -0.013093 0.831000
v 0.555716 -0.015394 0.831000
v 0.558170 -0.017351 0.831000
v 0.560888 -0.018920 0.831000
v 0.563810 -0.020067 0.831000
v 0.566870 -0.020765 0.831000
v 0.570000 -0.021000 0.831000
v 0.570000 -0.021000 0.842000
v 0.566870 -0.020765 0.842000
v 0.563810 -0.020067 0.842000
v 0.560888 -0.018920 0.842000
v 0.558170 -0.017351 0.842000
v 0.555716 -0.015394 0.842000
v 0.553582 -0.013093 0.842000
v 0.551813 -0.010500 0.842000
v 0.550452 -0.007672 0.842000
v 0.549527 -0.004673 0.842000
v 0.549059 -0.001569 0.842000
v 0.549059 0.001569 0.842000
v 0.549527 0.004673 0.842000
v 0.550452 0.007672 0.842000
v 0.551813 0.010500 0.842000
v 0.553582 0.013093 0.842000
v 0.555716 0.015394 0.842000
v 0.558170 0.017351 0.842000
v 0.560888 0.018920 0.842000
v 0.563810 0.020067 0.842000
v 0.566870 0.020765 0.842000
v 0.554250 0.002500 0.830115
v 0.553603 0.002415 0.830115
v 0.553000 0.002165 0.830115
v 0.552482 0.001768 0.830115
v 0.552085 0.001250 0.830115
v 0.551835 0.000647 0.830115
v 0.551750 0.000000 0.830115
v 0.551835 -0.000647 0.830115
v 0.552085 -0.001250 0.830115
v 0.552482 -0.001768 0.830115
v 0.553000 -0.002165 0.830115
v 0.553603 -0.002415 0.830115
v 0.554250 -0.002500 0.830115
v 0.554250 -0.002700 0.830000
v 0.553551 -0.002608 0.830000
v 0.552900 -0.002338 0.830000
v 0.552341 -0.001909 0.830000
v 0.551912 -0.001350 0.830000
v 0.551642 -0.000699 0.830000
v 0.551550 0.000000 0.830000
v 0.551642 0.000699 0.830000
v 0.551912 0.001350 0.830000
v 0.552341 0.001909 0.830000
v 0.552900 0.002338 0.830000
v 0.553551 0.002608 0.830000
v 0.554250 0.002700 0.830000
v 0.554250 0.002500 0.830115
v 0.554250 0.002700 0.830000
v 0.554949 0.002608 0.830000
v 0.555600 0.002338 0.830000
v 0.556159 0.001909 0.830000
v 0.556588 0.001350 0.830000
v 0.556858 0.000699 0.830000
v 0.556950 0.000000 0.830000
v 0.556858 -0.000699 0.830000
v 0.556588 -0.001350 0.830000
v 0.556159 -0.001909 0.830000
v 0.555600 -0.002338 0.830000
v 0.554949 -0.002608 0.830000
v 0.554250 -0.002700 0.830000
v 0.554250 -0.002500 0.830115
v 0.554897 -0.002415 0.830115
v 0.555500 -0.002165 0.830115
v 0.556018 -0.001768 0.830115
v 0.556415 -0.001250 0.830115
v 0.556665 -0.000647 0.830115
v 0.556750 0.000000 0.830115
v 0.556665 0.000647 0.830115
v 0.556415 0.001250 0.830115
v 0.556018 0.001768 0.830115
v 0.555500 0.002165 0.830115
v 0.554897 0.002415 0.830115
v 0.554250 0.002500 0.836000
v 0.554250 0.002500 0.830115
v 0.554897 0.002415 0.830115
v 0.555500 0.002165 0.830115
v 0.556018 0.001768 0.830115
v 0.556415 0.001250 0.830115
v 0.556665 0.000647 0.830115
v 0.556750 0.000000 0.830115
v 0.556665 -0.000647 0.830115
v 0.556415 -0.001250 0.830115
v 0.556018 -0.001768 0.830115
v 0.555500 -0.002165 0.830115
v 0.554897 -0.002415 0.830115
v 0.554250 -0.002500 0.830115
v 0.554250 -0.002500 0.836000
v 0.554897 -0.002415 0.836000
v 0.555500 -0.002165 0.836000
v 0.556018 -0.001768 0.836000
v 0.556415 -0.001250 0.836000
v 0.556665 -0.000647 0.836000
v 0.556750 0.000000 0.836000
v 0.556665 0.000647 0.836000
v 0.556415 0.001250 0.836000
v 0.556018 0.001768 0.836000
v 0.555500 0.002165 0.836000
v 0.554897 0.002415 0.836000
v 0.554250 0.002250 0.836144
v 0.554250 0.002500 0.836000
v 0.554897 0.002415 0.836000
v 0.555500 0.002165 0.836000
v 0.556018 0.001768 0.836000
v 0.556415 0.001250 0.836000
v 0.556665 0.000647 0.836000
v 0.556750 0.000000 0.836000
v 0.556665 -0.000647 0.836000
v 0.556415 -0.001250 0.836000
v 0.556018 -0.001768 0.836000
v 0.555500 -0.002165 0.836000
v 0.554897 -0.002415 0.836000
v 0.554250 -0.002500 0.836000
v 0.554250 -0.002250 0.836144
v 0.554832 -0.002173 0.836144
v 0.555375 -0.001949 0.836144
v 0.555841 -0.001591 0.836144
v 0.556199 -0.001125 0.836144
v 0.556423 -0.000582 0.836144
v 0.556500 0.000000 0.836144
v 0.556423 0.000582 0.836144
v 0.556199 0.001125 0.836144
v 0.555841 0.001591 0.836144
v 0.555375 0.001949 0.836144
v 0.554832 0.002173 0.836144
v 0.554250 0.002250 0.839000
v 0.554250 0.002250 0.836144
v 0.554832 0.002173 0.836144
v 0.555375 0.001949 0.836144
v 0.555841 0.001591 0.836144
v 0.556199 0.001125 0.836144
v 0.556423 0.000582 0.836144
v 0.556500 0.000000 0.836144
v 0.556423 -0.000582 0.836144
v 0.556199 -0.001125 0.836144
v 0.555841 -0.001591 0.836144
v 0.555375 -0.001949 0.836144
v 0.554832 -0.002173 0.836144
v 0.554250 -0.002250 0.836144
v 0.554250 -0.002250 0.839000
v 0.554832 -0.002173 0.839000
v 0.555375 -0.001949 0.839000
v 0.555841 -0.001591 0.839000
v 0.556199 -0.001125 0.839000
v 0.556423 -0.000582 0.839000
v 0.556500 0.000000 0.839000
v 0.556423 0.000582 0.839000
v 0.556199 0.001125 0.839000
v 0.555841 0.001591 0.839000
v 0.555375 0.001949 0.839000
v 0.554832 0.002173 0.839000
v 0.554250 0.000000 0.840352
v 0.554250 0.002250 0.839000
v 0.554832 0.002173 0.839000
v 0.555375 0.001949 0.839000
v 0.555841 0.001591 0.839000
v 0.556199 0.001125 0.839000
v 0.556423 0.000582 0.839000
v 0.556500 0.000000 0.839000
v 0.556423 -0.000582 0.839000
v 0.556199 -0.001125 0.839000
v 0.555841 -0.001591 0.839000
v 0.555375 -0.001949 0.839000
v 0.554832 -0.002173 0.839000
v 0.554250 -0.002250 0.839000
v 0.554250 0.000000 0.840352
v 0.554250 0.000000 0.840352
v 0.554250 0.000000 0.840352
v 0.554250 0.000000 0.840352
v 0.554250 0.000000 0.840352
v 0.554250 0.000000 0.840352
v 0.554250 0.000000 0.840352
v 0.554250 0.000000 0.840352
v 0.554250 -0.002250 0.839000
v 0.553668 -0.002173 0.839000
v 0.553125 -0.001949 0.839000
v 0.552659 -0.001591 0.839000
v 0.552301 -0.001125 0.839000
v 0.552077 -0.000582 0.839000
v 0.552000 0.000000 0.839000
v 0.552077 0.000582 0.839000
v 0.552301 0.001125 0.839000
v 0.552659 0.001591 0.839000
v 0.553125 0.001949 0.839000
v 0.553668 0.002173 0.839000
v 0.554250 0.002250 0.839000
v 0.554250 0.000000 0.840352
v 0.554250 0.000000 0.840352
v 0.554250 0.000000 0.840352
v 0.554250 0.000000 0.840352
v 0.554250 0.000000 0.840352
v 0.554250 0.000000 0.840352
v 0.554250 0.000000 0.840352
v 0.554250 0.000000 0.840352
v 0.554250 0.002250 0.839000
v 0.553668 0.002173 0.839000
v 0.553125 0.001949 0.839000
v 0.552659 0.001591 0.839000
v 0.552301 0.001125 0.839000
v 0.552077 0.000582 0.839000
v 0.552000 0.000000 0.839000
v 0.552077 -0.000582 0.839000
v 0.552301 -0.001125 0.839000
v 0.552659 -0.001591 0.839000
v 0.553125 -0.001949 0.839000
v 0.553668 -0.002173 0.839000
v 0.554250 -0.002250 0.839000
v 0.554250 -0.002250 0.836144
v 0.553668 -0.002173 0.836144
v 0.553125 -0.001949 0.836144
v 0.552659 -0.001591 0.836144
v 0.552301 -0.001125 0.836144
v 0.552077 -0.000582 0.836144
v 0.552000 0.000000 0.836144
v 0.552077 0.000582 0.836144
v 0.552301 0.001125 0.836144
v 0.552659 0.001591 0.836144
v 0.553125 0.001949 0.836144
v 0.553668 0.002173 0.836144
v 0.554250 0.002250 0.836144
v 0.554250 0.002250 0.836144
v 0.553668 0.002173 0.836144
v 0.553125 0.001949 0.836144
v 0.552659 0.001591 0.836144
v 0.552301 0.001125 0.836144
v 0.552077 0.000582 0.836144
v 0.552000 0.000000 0.836144
v 0.552077 -0.000582 0.836144
v 0.552301 -0.001125 0.836144
v 0.552659 -0.001591 0.836144
v 0.553125 -0.001949 0.836144
v 0.553668 -0.002173 0.836144
v 0.554250 -0.002250 0.836144
v 0.554250 -0.002500 0.836000
v 0.553603 -0.002415 0.836000
v 0.553000 -0.002165 0.836000
v 0.552482 -0.001768 0.836000
v 0.552085 -0.001250 0.836000
v 0.551835 -0.000647 0.836000
v 0.551750 0.000000 0.836000
v 0.551835 0.000647 0.836000
v 0.552085 0.001250 0.836000
v 0.552482 0.001768 0.836000
v 0.553000 0.002165 0.836000
v 0.553603 0.002415 0.836000
v 0.554250 0.002500 0.836000
v 0.554250 0.002500 0.836000
v 0.553603 0.002415 0.836000
v 0.553000 0.002165 0.836000
v 0.552482 0.001768 0.836000
v 0.552085 0.001250 0.836000
v 0.551835 0.000647 0.836000
v 0.551750 0.000000 0.836000
v 0.551835 -0.000647 0.836000
v 0.552085 -0.001250 0.836000
v 0.552482 -0.001768 0.836000
v 0.553000 -0.002165 0.836000
v 0.553603 -0.002415 0.836000
v 0.554250 -0.002500 0.836000
v 0.554250 -0.002500 0.830115
v 0.553603 -0.002415 0.830115
v 0.553000 -0.002165 0.830115
v 0.552482 -0.001768 0.830115
v 0.552085 -0.001250 0.830115
v 0.551835 -0.000647 0.830115
v 0.551750 0.000000 0.830115
v 0.551835 0.000647 0.830115
v 0.552085 0.001250 0.830115
v 0.552482 0.001768 0.830115
v 0.553000 0.002165 0.830115
v 0.553603 0.002415 0.830115
v 0.554250 0.002500 0.830115
v 0.570000 0.017850 0.830700
v 0.569457 0.017778 0.830700
v 0.568950 0.017569 0.830700
v 0.568515 0.017235 0.830700
v 0.568181 0.016800 0.830700
v 0.567972 0.016294 0.830700
v 0.567900 0.015750 0.830700
v 0.567972 0.015206 0.830700
v 0.568181 0.014700 0.830700
v 0.568515 0.014265 0.830700
v 0.568950 0.013931 0.830700
v 0.569457 0.013722 0.830700
v 0.570000 0.013650 0.830700
v 0.570000 0.012950 0.830000
v 0.569275 0.013045 0.830000
v 0.568600 0.013325 0.830000
v 0.568020 0.013770 0.830000
v 0.567575 0.014350 0.830000
v 0.567295 0.015025 0.830000
v 0.567200 0.015750 0.830000
v 0.567295 0.016475 0.830000
v 0.567575 0.017150 0.830000
v 0.568020 0.017730 0.830000
v 0.568600 0.018175 0.830000
v 0.569275 0.018455 0.830000
v 0.570000 0.018550 0.830000
v 0.570000 0.017850 0.830700
v 0.570000 0.018550 0.830000
v 0.570725 0.018455 0.830000
v 0.571400 0.018175 0.830000
v 0.571980 0.017730 0.830000
v 0.572425 0.017150 0.830000
v 0.572705 0.016475 0.830000
v 0.572800 0.015750 0.830000
v 0.572705 0.015025 0.830000
v 0.572425 0.014350 0.830000
v 0.571980 0.013770 0.830000
v 0.571400 0.013325 0.830000
v 0.570725 0.013045 0.830000
v 0.570000 0.012950 0.830000
v 0.570000 0.013650 0.830700
v 0.570544 0.013722 0.830700
v 0.571050 0.013931 0.830700
v 0.571485 0.014265 0.830700
v 0.571819 0.014700 0.830700
v 0.572028 0.015206 0.830700
v 0.572100 0.015750 0.830700
v 0.572028 0.016294 0.830700
v 0.571819 0.016800 0.830700
v 0.571485 0.017235 0.830700
v 0.571050 0.017569 0.830700
v 0.570544 0.017778 0.830700
v 0.570000 0.017850 0.840400
v 0.570000 0.017850 0.830700
v 0.570544 0.017778 0.830700
v 0.571050 0.017569 0.830700
v 0.571485 0.017235 0.830700
v 0.571819 0.016800 0.830700
v 0.572028 0.016294 0.830700
v 0.572100 0.015750 0.830700
v 0.572028 0.015206 0.830700
v 0.571819 0.014700 0.830700
v 0.571485 0.014265 0.830700
v 0.571050 0.013931 0.830700
v 0.570544 0.013722 0.830700
v 0.570000 0.013650 0.830700
v 0.570000 0.013650 0.840400
v 0.570544 0.013722 0.840400
v 0.571050 0.013931 0.840400
v 0.571485 0.014265 0.840400
v 0.571819 0.014700 0.840400
v 0.572028 0.015206 0.840400
v 0.572100 0.015750 0.840400
v 0.572028 0.016294 0.840400
v 0.571819 0.016800 0.840400
v 0.571485 0.017235 0.840400
v 0.571050 0.017569 0.840400
v 0.570544 0.017778 0.840400
v 0.570000 0.015750 0.841662
v 0.570000 0.017850 0.840400
v 0.570544 0.017778 0.840400
v 0.571050 0.017569 0.840400
v 0.571485 0.017235 0.840400
v 0.571819 0.016800 0.840400
v 0.572028 0.016294 0.840400
v 0.572100 0.015750 0.840400
v 0.572028 0.015206 0.840400
v 0.571819 0.014700 0.840400
v 0.571485 0.014265 0.840400
v 0.571050 0.013931 0.840400
v 0.570544 0.013722 0.840400
v 0.570000 0.013650 0.840400
v 0.570000 0.015750 0.841662
v 0.570000 0.015750 0.841662
v 0.570000 0.015750 0.841662
v 0.570000 0.015750 0.841662
v 0.570000 0.015750 0.841662
v 0.570000 0.015750 0.841662
v 0.570000 0.015750 0.841662
v 0.570000 0.015750 0.841662
v 0.570000 0.013650 0.840400
v 0.569457 0.013722 0.840400
v 0.568950 0.013931 0.840400
v 0.568515 0.014265 0.840400
v 0.568181 0.014700 0.840400
v 0.567972 0.015206 0.840400
v 0.567900 0.015750 0.840400
v 0.567972 0.016294 0.840400
v 0.568181 0.016800 0.840400
v 0.568515 0.017235 0.840400
v 0.568950 0.017569 0.840400
v 0.569457 0.017778 0.840400
v 0.570000 0.017850 0.840400
v 0.570000 0.015750 0.841662
v 0.570000 0.015750 0.841662
v 0.570000 0.015750 0.841662
v 0.570000 0.015750 0.841662
v 0.570000 0.015750 0.841662
v 0.570000 0.015750 0.841662
v 0.570000 0.015750 0.841662
v 0.570000 0.015750 0.841662
v 0.570000 0.017850 0.840400
v 0.569457 0.017778 0.840400
v 0.568950 0.017569 0.840400
v 0.568515 0.017235 0.840400
v 0.568181 0.016800 0.840400
v 0.567972 0.016294 0.840400
v 0.567900 0.015750 0.840400
v 0.567972 0.015206 0.840400
v 0.568181 0.014700 0.840400
v 0.568515 0.014265 0.840400
v 0.568950 0.013931 0.840400
v 0.569457 0.013722 0.840400
v 0.570000 0.013650 0.840400
v 0.570000 0.013650 0.830700
v 0.569457 0.013722 0.830700
v 0.568950 0.013931 0.830700
v 0.568515 0.014265 0.830700
v 0.568181 0.014700 0.830700
v 0.567972 0.015206 0.830700
v 0.567900 0.015750 0.830700
v 0.567972 0.016294 0.830700
v 0.568181 0.016800 0.830700
v 0.568515 0.017235 0.830700
v 0.568950 0.017569 0.830700
v 0.569457 0.017778 0.830700
v 0.570000 0.017850 0.830700
v 0.570000 -0.013650 0.830700
v 0.569457 -0.013722 0.830700
v 0.568950 -0.013931 0.830700
v 0.568515 -0.014265 0.830700
v 0.568181 -0.014700 0.830700
v 0.567972 -0.015206 0.830700
v 0.567900 -0.015750 0.830700
v 0.567972 -0.016294 0.830700
v 0.568181 -0.016800 0.830700
v 0.568515 -0.017235 0.830700
v 0.568950 -0.017569 0.830700
v 0.569457 -0.017778 0.830700
v 0.570000 -0.017850 0.830700
v 0.570000 -0.018550 0.830000
v 0.569275 -0.018455 0.830000
v 0.568600 -0.018175 0.830000
v 0.568020 -0.017730 0.830000
v 0.567575 -0.017150 0.830000
v 0.567295 -0.016475 0.830000
v 0.567200 -0.015750 0.830000
v 0.567295 -0.015025 0.830000
v 0.567575 -0.014350 0.830000
v 0.568020 -0.013770 0.830000
v 0.568600 -0.013325 0.830000
v 0.569275 -0.013045 0.830000
v 0.570000 -0.012950 0.830000
v 0.570000 -0.013650 0.830700
v 0.570000 -0.012950 0.830000
v 0.570725 -0.013045 0.830000
v 0.571400 -0.013325 0.830000
v 0.571980 -0.013770 0.830000
v 0.572425 -0.014350 0.830000
v 0.572705 -0.015025 0.830000
v 0.572800 -0.015750 0.830000
v 0.572705 -0.016475 0.830000
v 0.572425 -0.017150 0.830000
v 0.571980 -0.017730 0.830000
v 0.571400 -0.018175 0.830000
v 0.570725 -0.018455 0.830000
v 0.570000 -0.018550 0.830000
v 0.570000 -0.017850 0.830700
v 0.570544 -0.017778 0.830700
v 0.571050 -0.017569 0.830700
v 0.571485 -0.017235 0.830700
v 0.571819 -0.016800 0.830700
v 0.572028 -0.016294 0.830700
v 0.572100 -0.015750 0.830700
v 0.572028 -0.015206 0.830700
v 0.571819 -0.014700 0.830700
v 0.571485 -0.014265 0.830700
v 0.571050 -0.013931 0.830700
v 0.570544 -0.013722 0.830700
v 0.570000 -0.013650 0.840400
v 0.570000 -0.013650 0.830700
v 0.570544 -0.013722 0.830700
v 0.571050 -0.013931 0.830700
v 0.571485 -0.014265 0.830700
v 0.571819 -0.014700 0.830700
v 0.572028 -0.015206 0.830700
v 0.572100 -0.015750 0.830700
v 0.572028 -0.016294 0.830700
v 0.571819 -0.016800 0.830700
v 0.571485 -0.017235 0.830700
v 0.571050 -0.017569 0.830700
v 0.570544 -0.017778 0.830700
v 0.570000 -0.017850 0.830700
v 0.570000 -0.017850 0.840400
v 0.570544 -0.017778 0.840400
v 0.571050 -0.017569 0.840400
v 0.571485 -0.017235 0.840400
v 0.571819 -0.016800 0.840400
v 0.572028 -0.016294 0.840400
v 0.572100 -0.015750 0.840400
v 0.572028 -0.015206 0.840400
v 0.571819 -0.014700 0.840400
v 0.571485 -0.014265 0.840400
v 0.571050 -0.013931 0.840400
v 0.570544 -0.013722 0.840400
v 0.570000 -0.015750 0.841662
v 0.570000 -0.013650 0.840400
v 0.570544 -0.013722 0.840400
v 0.571050 -0.013931 0.840400
v 0.571485 -0.014265 0.840400
v 0.571819 -0.014700 0.840400
v 0.572028 -0.015206 0.840400
v 0.572100 -0.015750 0.840400
v 0.572028 -0.016294 0.840400
v 0.571819 -0.016800 0.840400
v 0.571485 -0.017235 0.840400
v 0.571050 -0.017569 0.840400
v 0.570544 -0.017778 0.840400
v 0.570000 -0.017850 0.840400
v 0.570000 -0.015750 0.841662
v 0.570000 -0.015750 0.841662
v 0.570000 -0.015750 0.841662
v 0.570000 -0.015750 0.841662
v 0.570000 -0.015750 0.841662
v 0.570000 -0.015750 0.841662
v 0.570000 -0.015750 0.841662
v 0.570000 -0.015750 0.841662
v 0.570000 -0.017850 0.840400
v 0.569457 -0.017778 0.840400
v 0.568950 -0.017569 0.840400
v 0.568515 -0.017235 0.840400
v 0.568181 -0.016800 0.840400
v 0.567972 -0.016294 0.840400
v 0.567900 -0.015750 0.840400
v 0.567972 -0.015206 0.840400
v 0.568181 -0.014700 0.840400
v 0.568515 -0.014265 0.840400
v 0.568950 -0.013931 0.840400
v 0.569457 -0.013722 0.840400
v 0.570000 -0.013650 0.840400
v 0.570000 -0.015750 0.841662
v 0.570000 -0.015750 0.841662
v 0.570000 -0.015750 0.841662
v 0.570000 -0.015750 0.841662
v 0.570000 -0.015750 0.841662
v 0.570000 -0.015750 0.841662
v 0.570000 -0.015750 0.841662
v 0.570000 -0.015750 0.841662
v 0.570000 -0.013650 0.840400
v 0.569457 -0.013722 0.840400
v 0.568950 -0.013931 0.840400
v 0.568515 -0.014265 0.840400
v 0.568181 -0.014700 0.840400
v 0.567972 -0.015206 0.840400
v 0.567900 -0.015750 0.840400
v 0.567972 -0.016294 0.840400
v 0.568181 -0.016800 0.840400
v 0.568515 -0.017235 0.840400
v 0.568950 -0.017569 0.840400
v 0.569457 -0.017778 0.840400
v 0.570000 -0.017850 0.840400
v 0.570000 -0.017850 0.830700
v 0.569457 -0.017778 0.830700
v 0.568950 -0.017569 0.830700
v 0.568515 -0.017235 0.830700
v 0.568181 -0.016800 0.830700
v 0.567972 -0.016294 0.830700
v 0.567900 -0.015750 0.830700
v 0.567972 -0.015206 0.830700
v 0.568181 -0.014700 0.830700
v 0.568515 -0.014265 0.830700
v 0.568950 -0.013931 0.830700
v 0.569457 -0.013722 0.830700
v 0.570000 -0.013650 0.830700
v 0.558863 -0.009037 0.830700
v 0.558320 -0.009108 0.830700
v 0.557813 -0.009318 0.830700
v 0.557378 -0.009652 0.830700
v 0.557044 -0.010087 0.830700
v 0.556835 -0.010593 0.830700
v 0.556763 -0.011137 0.830700
v 0.556835 -0.011680 0.830700
v 0.557044 -0.012187 0.830700
v 0.557378 -0.012622 0.830700
v 0.557813 -0.012956 0.830700
v 0.558320 -0.013165 0.830700
v 0.558863 -0.013237 0.830700
v 0.558863 -0.013937 0.830000
v 0.558138 -0.013842 0.830000
v 0.557463 -0.013562 0.830000
v 0.556883 -0.013117 0.830000
v 0.556438 -0.012537 0.830000
v 0.556158 -0.011862 0.830000
v 0.556063 -0.011137 0.830000
v 0.556158 -0.010412 0.830000
v 0.556438 -0.009737 0.830000
v 0.556883 -0.009157 0.830000
v 0.557463 -0.008712 0.830000
v 0.558138 -0.008432 0.830000
v 0.558863 -0.008337 0.830000
v 0.558863 -0.009037 0.830700
v 0.558863 -0.008337 0.830000
v 0.559588 -0.008432 0.830000
v 0.560263 -0.008712 0.830000
v 0.560843 -0.009157 0.830000
v 0.561288 -0.009737 0.830000
v 0.561568 -0.010412 0.830000
v 0.561663 -0.011137 0.830000
v 0.561568 -0.011862 0.830000
v 0.561288 -0.012537 0.830000
v 0.560843 -0.013117 0.830000
v 0.560263 -0.013562 0.830000
v 0.559588 -0.013842 0.830000
v 0.558863 -0.013937 0.830000
v 0.558863 -0.013237 0.830700
v 0.559407 -0.013165 0.830700
v 0.559913 -0.012956 0.830700
v 0.560348 -0.012622 0.830700
v 0.560682 -0.012187 0.830700
v 0.560892 -0.011680 0.830700
v 0.560963 -0.011137 0.830700
v 0.560892 -0.010593 0.830700
v 0.560682 -0.010087 0.830700
v 0.560348 -0.009652 0.830700
v 0.559913 -0.009318 0.830700
v 0.559407 -0.009108 0.830700
v 0.558863 -0.009037 0.840400
v 0.558863 -0.009037 0.830700
v 0.559407 -0.009108 0.830700
v 0.559913 -0.009318 0.830700
v 0.560348 -0.009652 0.830700
v 0.560682 -0.010087 0.830700
v 0.560892 -0.010593 0.830700
v 0.560963 -0.011137 0.830700
v 0.560892 -0.011680 0.830700
v 0.560682 -0.012187 0.830700
v 0.560348 -0.012622 0.830700
v 0.559913 -0.012956 0.830700
v 0.559407 -0.013165 0.830700
v 0.558863 -0.013237 0.830700
v 0.558863 -0.013237 0.840400
v 0.559407 -0.013165 0.840400
v 0.559913 -0.012956 0.840400
v 0.560348 -0.012622 0.840400
v 0.560682 -0.012187 0.840400
v 0.560892 -0.011680 0.840400
v 0.560963 -0.011137 0.840400
v 0.560892 -0.010593 0.840400
v 0.560682 -0.010087 0.840400
v 0.560348 -0.009652 0.840400
v 0.559913 -0.009318 0.840400
v 0.559407 -0.009108 0.840400
v 0.558863 -0.011137 0.841662
v 0.558863 -0.009037 0.840400
v 0.559407 -0.009108 0.840400
v 0.559913 -0.009318 0.840400
v 0.560348 -0.009652 0.840400
v 0.560682 -0.010087 0.840400
v 0.560892 -0.010593 0.840400
v 0.560963 -0.011137 0.840400
v 0.560892 -0.011680 0.840400
v 0.560682 -0.012187 0.840400
v 0.560348 -0.012622 0.840400
v 0.559913 -0.012956 0.840400
v 0.559407 -0.013165 0.840400
v 0.558863 -0.013237 0.840400
v 0.558863 -0.011137 0.841662
v 0.558863 -0.011137 0.841662
v 0.558863 -0.011137 0.841662
v 0.558863 -0.011137 0.841662
v 0.558863 -0.011137 0.841662
v 0.558863 -0.011137 0.841662
v 0.558863 -0.011137 0.841662
v 0.558863 -0.011137 0.841662
v 0.558863 -0.013237 0.840400
v 0.558320 -0.013165 0.840400
v 0.557813 -0.012956 0.840400
v 0.557378 -0.012622 0.840400
v 0.557044 -0.012187 0.840400
v 0.556835 -0.011680 0.840400
v 0.556763 -0.011137 0.840400
v 0.556835 -0.010593 0.840400
v 0.557044 -0.010087 0.840400
v 0.557378 -0.009652 0.840400
v 0.557813 -0.009318 0.840400
v 0.558320 -0.009108 0.840400
v 0.558863 -0.009037 0.840400
v 0.558863 -0.011137 0.841662
v 0.558863 -0.011137 0.841662
v 0.558863 -0.011137 0.841662
v 0.558863 -0.011137 0.841662
v 0.558863 -0.011137 0.841662
v 0.558863 -0.011137 0.841662
v 0.558863 -0.011137 0.841662
v 0.558863 -0.011137 0.841662
v 0.558863 -0.009037 0.840400
v 0.558320 -0.009108 0.840400
v 0.557813 -0.009318 0.840400
v 0.557378 -0.009652 0.840400
v 0.557044 -0.010087 0.840400
v 0.556835 -0.010593 0.840400
v 0.556763 -0.011137 0.840400
v 0.556835 -0.011680 0.840400
v 0.557044 -0.012187 0.840400
v 0.557378 -0.012622 0.840400
v 0.557813 -0.012956 0.840400
v 0.558320 -0.013165 0.840400
v 0.558863 -0.013237 0.840400
v 0.558863 -0.013237 0.830700
v 0.558320 -0.013165 0.830700
v 0.557813 -0.012956 0.830700
v 0.557378 -0.012622 0.830700
v 0.557044 -0.012187 0.830700
v 0.556835 -0.011680 0.830700
v 0.556763 -0.011137 0.830700
v 0.556835 -0.010593 0.830700
v 0.557044 -0.010087 0.830700
v 0.557378 -0.009652 0.830700
v 0.557813 -0.009318 0.830700
v 0.558320 -0.009108 0.830700
v 0.558863 -0.009037 0.830700
v 0.581137 -0.009037 0.830700
v 0.580593 -0.009108 0.830700
v 0.580087 -0.009318 0.830700
v 0.579652 -0.009652 0.830700
v 0.579318 -0.010087 0.830700
v 0.579108 -0.010593 0.830700
v 0.579037 -0.011137 0.830700
v 0.579108 -0.011680 0.830700
v 0.579318 -0.012187 0.830700
v 0.579652 -0.012622 0.830700
v 0.580087 -0.012956 0.830700
v 0.580593 -0.013165 0.830700
v 0.581137 -0.013237 0.830700
v 0.581137 -0.013937 0.830000
v 0.580412 -0.013842 0.830000
v 0.579737 -0.013562 0.830000
v 0.579157 -0.013117 0.830000
v 0.578712 -0.012537 0.830000
v 0.578432 -0.011862 0.830000
v 0.578337 -0.011137 0.830000
v 0.578432 -0.010412 0.830000
v 0.578712 -0.009737 0.830000
v 0.579157 -0.009157 0.830000
v 0.579737 -0.008712 0.830000
v 0.580412 -0.008432 0.830000
v 0.581137 -0.008337 0.830000
v 0.581137 -0.009037 0.830700
v 0.581137 -0.008337 0.830000
v 0.581862 -0.008432 0.830000
v 0.582537 -0.008712 0.830000
v 0.583117 -0.009157 0.830000
v 0.583562 -0.009737 0.830000
v 0.583842 -0.010412 0.830000
v 0.583937 -0.011137 0.830000
v 0.583842 -0.011862 0.830000
v 0.583562 -0.012537 0.830000
v 0.583117 -0.013117 0.830000
v 0.582537 -0.013562 0.830000
v 0.581862 -0.013842 0.830000
v 0.581137 -0.013937 0.830000
v 0.581137 -0.013237 0.830700
v 0.581681 -0.013165 0.830700
v 0.582187 -0.012956 0.830700
v 0.582622 -0.012622 0.830700
v 0.582956 -0.012187 0.830700
v 0.583165 -0.011680 0.830700
v 0.583237 -0.011137 0.830700
v 0.583165 -0.010593 0.830700
v 0.582956 -0.010087 0.830700
v 0.582622 -0.009652 0.830700
v 0.582187 -0.009318 0.830700
v 0.581681 -0.009108 0.830700
v 0.581137 -0.009037 0.840400
v 0.581137 -0.009037 0.830700
v 0.581681 -0.009108 0.830700
v 0.582187 -0.009318 0.830700
v 0.582622 -0.009652 0.830700
v 0.582956 -0.010087 0.830700
v 0.583165 -0.010593 0.830700
v 0.583237 -0.011137 0.830700
v 0.583165 -0.011680 0.830700
v 0.582956 -0.012187 0.830700
v 0.582622 -0.012622 0.830700
v 0.582187 -0.012956 0.830700
v 0.581681 -0.013165 0.830700
v 0.581137 -0.013237 0.830700
v 0.581137 -0.013237 0.840400
v 0.581681 -0.013165 0.840400
v 0.582187 -0.012956 0.840400
v 0.582622 -0.012622 0.840400
v 0.582956 -0.012187 0.840400
v 0.583165 -0.011680 0.840400
v 0.583237 -0.011137 0.840400
v 0.583165 -0.010593 0.840400
v 0.582956 -0.010087 0.840400
v 0.582622 -0.009652 0.840400
v 0.582187 -0.009318 0.840400
v 0.581681 -0.009108 0.840400
v 0.581137 -0.011137 0.841662
v 0.581137 -0.009037 0.840400
v 0.581681 -0.009108 0.840400
v 0.582187 -0.009318 0.840400
v 0.582622 -0.009652 0.840400
v 0.582956 -0.010087 0.840400
v 0.583165 -0.010593 0.840400
v 0.583237 -0.011137 0.840400
v 0.583165 -0.011680 0.840400
v 0.582956 -0.012187 0.840400
v 0.582622 -0.012622 0.840400
v 0.582187 -0.012956 0.840400
v 0.581681 -0.013165 0.840400
v 0.581137 -0.013237 0.840400
v 0.581137 -0.011137 0.841662
v 0.581137 -0.011137 0.841662
v 0.581137 -0.011137 0.841662
v 0.581137 -0.011137 0.841662
v 0.581137 -0.011137 0.841662
v 0.581137 -0.011137 0.841662
v 0.581137 -0.011137 0.841662
v 0.581137 -0.011137 0.841662
v 0.581137 -0.013237 0.840400
v 0.580593 -0.013165 0.840400
v 0.580087 -0.012956 0.840400
v 0.579652 -0.012622 0.840400
v 0.579318 -0.012187 0.840400
v 0.579108 -0.011680 0.840400
v 0.579037 -0.011137 0.840400
v 0.579108 -0.010593 0.840400
v 0.579318 -0.010087 0.840400
v 0.579652 -0.009652 0.840400
v 0.580087 -0.009318 0.840400
v 0.580593 -0.009108 0.840400
v 0.581137 -0.009037 0.840400
v 0.581137 -0.011137 0.841662
v 0.581137 -0.011137 0.841662
v 0.581137 -0.011137 0.841662
v 0.581137 -0.011137 0.841662
v 0.581137 -0.011137 0.841662
v 0.581137 -0.011137 0.841662
v 0.581137 -0.011137 0.841662
v 0.581137 -0.011137 0.841662
v 0.581137 -0.009037 0.840400
v 0.580593 -0.009108 0.840400
v 0.580087 -0.009318 0.840400
v 0.579652 -0.009652 0.840400
v 0.579318 -0.010087 0.840400
v 0.579108 -0.010593 0.840400
v 0.579037 -0.011137 0.840400
v 0.579108 -0.011680 0.840400
v 0.579318 -0.012187 0.840400
v 0.579652 -0.012622 0.840400
v 0.580087 -0.012956 0.840400
v 0.580593 -0.013165 0.840400
v 0.581137 -0.013237 0.840400
v 0.581137 -0.013237 0.830700
v 0.580593 -0.013165 0.830700
v 0.580087 -0.012956 0.830700
v 0.579652 -0.012622 0.830700
v 0.579318 -0.012187 0.830700
v 0.579108 -0.011680 0.830700
v 0.579037 -0.011137 0.830700
v 0.579108 -0.010593 0.830700
v 0.579318 -0.010087 0.830700
v 0.579652 -0.009652 0.830700
v 0.580087 -0.009318 0.830700
v 0.580593 -0.009108 0.830700
v 0.581137 -0.009037 0.830700
v 0.581137 0.013237 0.830700
v 0.580593 0.013165 0.830700
v 0.580087 0.012956 0.830700
v 0.579652 0.012622 0.830700
v 0.579318 0.012187 0.830700
v 0.579108 0.011680 0.830700
v 0.579037 0.011137 0.830700
v 0.579108 0.010593 0.830700
v 0.579318 0.010087 0.830700
v 0.579652 0.009652 0.830700
v 0.580087 0.009318 0.830700
v 0.580593 0.009108 0.830700
v 0.581137 0.009037 0.830700
v 0.581137 0.008337 0.830000
v 0.580412 0.008432 0.830000
v 0.579737 0.008712 0.830000
v 0.579157 0.009157 0.830000
v 0.578712 0.009737 0.830000
v 0.578432 0.010412 0.830000
v 0.578337 0.011137 0.830000
v 0.578432 0.011862 0.830000
v 0.578712 0.012537 0.830000
v 0.579157 0.013117 0.830000
v 0.579737 0.013562 0.830000
v 0.580412 0.013842 0.830000
v 0.581137 0.013937 0.830000
v 0.581137 0.013237 0.830700
v 0.581137 0.013937 0.830000
v 0.581862 0.013842 0.830000
v 0.582537 0.013562 0.830000
v 0.583117 0.013117 0.830000
v 0.583562 0.012537 0.830000
v 0.583842 0.011862 0.830000
v 0.583937 0.011137 0.830000
v 0.583842 0.010412 0.830000
v 0.583562 0.009737 0.830000
v 0.583117 0.009157 0.830000
v 0.582537 0.008712 0.830000
v 0.581862 0.008432 0.830000
v 0.581137 0.008337 0.830000
v 0.581137 0.009037 0.830700
v 0.581681 0.009108 0.830700
v 0.582187 0.009318 0.830700
v 0.582622 0.009652 0.830700
v 0.582956 0.010087 0.830700
v 0.583165 0.010593 0.830700
v 0.583237 0.011137 0.830700
v 0.583165 0.011680 0.830700
v 0.582956 0.012187 0.830700
v 0.582622 0.012622 0.830700
v 0.582187 0.012956 0.830700
v 0.581681 0.013165 0.830700
v 0.581137 0.013237 0.840400
v 0.581137 0.013237 0.830700
v 0.581681 0.013165 0.830700
v 0.582187 0.012956 0.830700
v 0.582622 0.012622 0.830700
v 0.582956 0.012187 0.830700
v 0.583165 0.011680 0.830700
v 0.583237 0.011137 0.830700
v 0.583165 0.010593 0.830700
v 0.582956 0.010087 0.830700
v 0.582622 0.009652 0.830700
v 0.582187 0.009318 0.830700
v 0.581681 0.009108 0.830700
v 0.581137 0.009037 0.830700
v 0.581137 0.009037 0.840400
v 0.581681 0.009108 0.840400
v 0.582187 0.009318 0.840400
v 0.582622 0.009652 0.840400
v 0.582956 0.010087 0.840400
v 0.583165 0.010593 0.840400
v 0.583237 0.011137 0.840400
v 0.583165 0.011680 0.840400
v 0.582956 0.012187 0.840400
v 0.582622 0.012622 0.840400
v 0.582187 0.012956 0.840400
v 0.581681 0.013165 0.840400
v 0.581137 0.011137 0.841662
v 0.581137 0.013237 0.840400
v 0.581681 0.013165 0.840400
v 0.582187 0.012956 0.840400
v 0.582622 0.012622 0.840400
v 0.582956 0.012187 0.840400
v 0.583165 0.011680 0.840400
v 0.583237 0.011137 0.840400
v 0.583165 0.010593 0.840400
v 0.582956 0.010087 0.840400
v 0.582622 0.009652 0.840400
v 0.582187 0.009318 0.840400
v 0.581681 0.009108 0.840400
v 0.581137 0.009037 0.840400
v 0.581137 0.011137 0.841662
v 0.581137 0.011137 0.841662
v 0.581137 0.011137 0.841662
v 0.581137 0.011137 0.841662
v 0.581137 0.011137 0.841662
v 0.581137 0.011137 0.841662
v 0.581137 0.011137 0.841662
v 0.581137 0.011137 0.841662
v 0.581137 0.009037 0.840400
v 0.580593 0.009108 0.840400
v 0.580087 0.009318 0.840400
v 0.579652 0.009652 0.840400
v 0.579318 0.010087 0.840400
v 0.579108 0.010593 0.840400
v 0.579037 0.011137 0.840400
v 0.579108 0.011680 0.840400
v 0.579318 0.012187 0.840400
v 0.579652 0.012622 0.840400
v 0.580087 0.012956 0.840400
v 0.580593 0.013165 0.840400
v 0.581137 0.013237 0.840400
v 0.581137 0.011137 0.841662
v 0.581137 0.011137 0.841662
v 0.581137 0.011137 0.841662
v 0.581137 0.011137 0.841662
v 0.581137 0.011137 0.841662
v 0.581137 0.011137 0.841662
v 0.581137 0.011137 0.841662
v 0.581137 0.011137 0.841662
v 0.581137 0.013237 0.840400
v 0.580593 0.013165 0.840400
v 0.580087 0.012956 0.840400
v 0.579652 0.012622 0.840400
v 0.579318 0.012187 0.840400
v 0.579108 0.011680 0.840400
v 0.579037 0.011137 0.840400
v 0.579108 0.010593 0.840400
v 0.579318 0.010087 0.840400
v 0.579652 0.009652 0.840400
v 0.580087 0.009318 0.840400
v 0.580593 0.009108 0.840400
v 0.581137 0.009037 0.840400
v 0.581137 0.009037 0.830700
v 0.580593 0.009108 0.830700
v 0.580087 0.009318 0.830700
v 0.579652 0.009652 0.830700
v 0.579318 0.010087 0.830700
v 0.579108 0.010593 0.830700
v 0.579037 0.011137 0.830700
v 0.579108 0.011680 0.830700
v 0.579318 0.012187 0.830700
v 0.579652 0.012622 0.830700
v 0.580087 0.012956 0.830700
v 0.580593 0.013165 0.830700
v 0.581137 0.013237 0.830700
v 0.558863 0.013237 0.830700
v 0.558320 0.013165 0.830700
v 0.557813 0.012956 0.830700
v 0.557378 0.012622 0.830700
v 0.557044 0.012187 0.830700
v 0.556835 0.011680 0.830700
v 0.556763 0.011137 0.830700
v 0.556835 0.010593 0.830700
v 0.557044 0.010087 0.830700
v 0.557378 0.009652 0.830700
v 0.557813 0.009318 0.830700
v 0.558320 0.009108 0.830700
v 0.558863 0.009037 0.830700
v 0.558863 0.008337 0.830000
v 0.558138 0.008432 0.830000
v 0.557463 0.008712 0.830000
v 0.556883 0.009157 0.830000
v 0.556438 0.009737 0.830000
v 0.556158 0.010412 0.830000
v 0.556063 0.011137 0.830000
v 0.556158 0.011862 0.830000
v 0.556438 0.012537 0.830000
v 0.556883 0.013117 0.830000
v 0.557463 0.013562 0.830000
v 0.558138 0.013842 0.830000
v 0.558863 0.013937 0.830000
v 0.558863 0.013237 0.830700
v 0.558863 0.013937 0.830000
v 0.559588 0.013842 0.830000
v 0.560263 0.013562 0.830000
v 0.560843 0.013117 0.830000
v 0.561288 0.012537 0.830000
v 0.561568 0.011862 0.830000
v 0.561663 0.011137 0.830000
v 0.561568 0.010412 0.830000
v 0.561288 0.009737 0.830000
v 0.560843 0.009157 0.830000
v 0.560263 0.008712 0.830000
v 0.559588 0.008432 0.830000
v 0.558863 0.008337 0.830000
v 0.558863 0.009037 0.830700
v 0.559407 0.009108 0.830700
v 0.559913 0.009318 0.830700
v 0.560348 0.009652 0.830700
v 0.560682 0.010087 0.830700
v 0.560892 0.010593 0.830700
v 0.560963 0.011137 0.830700
v 0.560892 0.011680 0.830700
v 0.560682 0.012187 0.830700
v 0.560348 0.012622 0.830700
v 0.559913 0.012956 0.830700
v 0.559407 0.013165 0.830700
v 0.558863 0.013237 0.840400
v 0.558863 0.013237 0.830700
v 0.559407 0.013165 0.830700
v 0.559913 0.012956 0.830700
v 0.560348 0.012622 0.830700
v 0.560682 0.012187 0.830700
v 0.560892 0.011680 0.830700
v 0.560963 0.011137 0.830700
v 0.560892 0.010593 0.830700
v 0.560682 0.010087 0.830700
v 0.560348 0.009652 0.830700
v 0.559913 0.009318 0.830700
v 0.559407 0.009108 0.830700
v 0.558863 0.009037 0.830700
v 0.558863 0.009037 0.840400
v 0.559407 0.009108 0.840400
v 0.559913 0.009318 0.840400
v 0.560348 0.009652 0.840400
v 0.560682 0.010087 0.840400
v 0.560892 0.010593 0.840400
v 0.560963 0.011137 0.840400
v 0.560892 0.011680 0.840400
v 0.560682 0.012187 0.840400
v 0.560348 0.012622 0.840400
v 0.559913 0.012956 0.840400
v 0.559407 0.013165 0.840400
v 0.558863 0.011137 0.841662
v 0.558863 0.013237 0.840400
v 0.559407 0.013165 0.840400
v 0.559913 0.012956 0.840400
v 0.560348 0.012622 0.840400
v 0.560682 0.012187 0.840400
v 0.560892 0.011680 0.840400
v 0.560963 0.011137 0.840400
v 0.560892 0.010593 0.840400
v 0.560682 0.010087 0.840400
v 0.560348 0.009652 0.840400
v 0.559913 0.009318 0.840400
v 0.559407 0.009108 0.840400
v 0.558863 0.009037 0.840400
v 0.558863 0.011137 0.841662
v 0.558863 0.011137 0.841662
v 0.558863 0.011137 0.841662
v 0.558863 0.011137 0.841662
v 0.558863 0.011137 0.841662
v 0.558863 0.011137 0.841662
v 0.558863 0.011137 0.841662
v 0.558863 0.011137 0.841662
v 0.558863 0.009037 0.840400
v 0.558320 0.009108 0.840400
v 0.557813 0.009318 0.840400
v 0.557378 0.009652 0.840400
v 0.557044 0.010087 0.840400
v 0.556835 0.010593 0.840400
v 0.556763 0.011137 0.840400
v 0.556835 0.011680 0.840400
v 0.557044 0.012187 0.840400
v 0.557378 0.012622 0.840400
v 0.557813 0.012956 0.840400
v 0.558320 0.013165 0.840400
v 0.558863 0.013237 0.840400
v 0.558863 0.011137 0.841662
v 0.558863 0.011137 0.841662
v 0.558863 0.011137 0.841662
v 0.558863 0.011137 0.841662
v 0.558863 0.011137 0.841662
v 0.558863 0.011137 0.841662
v 0.558863 0.011137 0.841662
v 0.558863 0.011137 0.841662
v 0.558863 0.013237 0.840400
v 0.558320 0.013165 0.840400
v 0.557813 0.012956 0.840400
v 0.557378 0.012622 0.840400
v 0.557044 0.012187 0.840400
v 0.556835 0.011680 0.840400
v 0.556763 0.011137 0.840400
v 0.556835 0.010593 0.840400
v 0.557044 0.010087 0.840400
v 0.557378 0.009652 0.840400
v 0.557813 0.009318 0.840400
v 0.558320 0.009108 0.840400
v 0.558863 0.009037 0.840400
v 0.558863 0.009037 0.830700
v 0.558320 0.009108 0.830700
v 0.557813 0.009318 0.830700
v 0.557378 0.009652 0.830700
v 0.557044 0.010087 0.830700
v 0.556835 0.010593 0.830700
v 0.556763 0.011137 0.830700
v 0.556835 0.011680 0.830700
v 0.557044 0.012187 0.830700
v 0.557378 0.012622 0.830700
v 0.557813 0.012956 0.830700
v 0.558320 0.013165 0.830700
v 0.558863 0.013237 0.830700
vn -0.000000 -0.707107 -0.707107
vn 0.183013 -0.683013 -0.707107
vn 0.353553 -0.612372 -0.707107
vn 0.500000 -0.500000 -0.707107
vn 0.612372 -0.353553 -0.707107
vn 0.683013 -0.183013 -0.707107
vn 0.707107 -0.000000 -0.707107
vn 0.683013 0.183013 -0.707107
vn 0.612372 0.353553 -0.707107
vn 0.500000 0.500000 -0.707107
vn 0.353553 0.612372 -0.707107
vn 0.183013 0.683013 -0.707107
vn -0.000000 0.707107 -0.707107
vn -0.000000 0.707107 -0.707107
vn 0.183013 0.683013 -0.707107
vn 0.353553 0.612372 -0.707107
vn 0.500000 0.500000 -0.707107
vn 0.612372 0.353553 -0.707107
vn 0.683013 0.183013 -0.707107
vn 0.707107 -0.000000 -0.707107
vn 0.683013 -0.183013 -0.707107
vn 0.612372 -0.353553 -0.707107
vn 0.500000 -0.500000 -0.707107
vn 0.353553 -0.612372 -0.707107
vn 0.183013 -0.683013 -0.707107
vn -0.000000 -0.707107 -0.707107
vn -0.000000 -0.707107 -0.707107
vn -0.000000 -0.707107 -0.707107
vn -0.183013 -0.683013 -0.707107
vn -0.353554 -0.612372 -0.707107
vn -0.500000 -0.500000 -0.707107
vn -0.612372 -0.353553 -0.707107
vn -0.683013 -0.183013 -0.707107
vn -0.707107 -0.000000 -0.707107
vn -0.683013 0.183013 -0.707107
vn -0.612373 0.353553 -0.707107
vn -0.500000 0.500000 -0.707107
vn -0.353553 0.612372 -0.707107
vn -0.183013 0.683013 -0.707107
vn -0.000000 0.707107 -0.707107
vn -0.000000 0.707107 -0.707107
vn -0.183013 0.683013 -0.707107
vn -0.353553 0.612372 -0.707107
vn -0.500000 0.500000 -0.707107
vn -0.612373 0.353553 -0.707107
vn -0.683013 0.183013 -0.707107
vn -0.707107 -0.000000 -0.707107
vn -0.683013 -0.183013 -0.707107
vn -0.612372 -0.353553 -0.707107
vn -0.500000 -0.500000 -0.707107
vn -0.353554 -0.612372 -0.707107
vn -0.183013 -0.683013 -0.707107
vn -0.000000 -1.000000 0.000000
vn -0.000000 -1.000000 0.000000
vn -0.258818 -0.965926 0.000000
vn -0.500000 -0.866025 0.000000
vn -0.707107 -0.707107 0.000000
vn -0.866025 -0.500000 0.000000
vn -0.965926 -0.258819 0.000000
vn -1.000000 -0.000000 0.000000
vn -0.965926 0.258819 0.000000
vn -0.866025 0.500000 0.000000
vn -0.707107 0.707107 0.000000
vn -0.500000 0.866025 0.000000
vn -0.258819 0.965926 0.000000
vn 0.000000 1.000000 0.000000
vn 0.000000 1.000000 0.000000
vn -0.258819 0.965926 0.000000
vn -0.500000 0.866025 0.000000
vn -0.707107 0.707107 0.000000
vn -0.866025 0.500000 0.000000
vn -0.965926 0.258819 0.000000
vn -1.000000 -0.000000 0.000000
vn -0.965926 -0.258819 0.000000
vn -0.866025 -0.500000 0.000000
vn -0.707107 -0.707107 0.000000
vn -0.500000 -0.866025 0.000000
vn -0.258818 -0.965926 0.000000
vn -0.067226 -0.510632 -0.857167
vn -0.000000 -0.515038 -0.857167
vn -0.133302 -0.497489 -0.857167
vn -0.257519 -0.446036 -0.857167
vn -0.364187 -0.364187 -0.857167
vn -0.446036 -0.257519 -0.857167
vn -0.497488 -0.133302 -0.857167
vn -0.515038 -0.000000 -0.857167
vn -0.497489 0.133302 -0.857167
vn -0.446036 0.257519 -0.857167
vn -0.364187 0.364187 -0.857167
vn -0.257519 0.446036 -0.857167
vn -0.133302 0.497488 -0.857167
vn -0.000000 0.515038 -0.857167
vn -0.197097 -0.475833 -0.857167
vn -0.313535 -0.408607 -0.857167
vn -0.408607 -0.313535 -0.857167
vn -0.514489 -0.023786 -0.857167
vn -0.510632 0.067226 -0.857167
vn -0.408607 0.313535 -0.857167
vn -0.313535 0.408607 -0.857167
vn 0.047522 0.512841 -0.857167
vn -0.000000 0.515038 -0.857167
vn 0.133302 0.497488 -0.857167
vn 0.257519 0.446036 -0.857167
vn 0.364187 0.364187 -0.857167
vn 0.446036 0.257519 -0.857167
vn 0.497489 0.133302 -0.857167
vn 0.515038 -0.000000 -0.857167
vn 0.497489 -0.133302 -0.857167
vn 0.446036 -0.257519 -0.857167
vn 0.364187 -0.364187 -0.857167
vn 0.257519 -0.446036 -0.857167
vn 0.133302 -0.497489 -0.857167
vn -0.000000 -0.515038 -0.857167
vn -0.000000 0.515038 -0.857167
vn 0.197097 0.475833 -0.857167
vn 0.408607 0.313535 -0.857167
vn 0.510632 0.067226 -0.857167
vn 0.475833 0.197096 -0.857167
vn 0.510632 -0.067226 -0.857167
vn 0.475833 -0.197097 -0.857167
vn 0.408607 -0.313535 -0.857167
vn -0.000000 -1.000000 0.000000
vn 0.258818 -0.965926 0.000000
vn 0.500000 -0.866025 0.000000
vn 0.707107 -0.707107 0.000000
vn 0.866025 -0.500000 0.000000
vn 0.965926 -0.258819 0.000000
vn 1.000000 -0.000000 0.000000
vn 0.965926 0.258819 0.000000
vn 0.866025 0.500000 0.000000
vn 0.707107 0.707107 0.000000
vn 0.500000 0.866025 0.000000
vn 0.258819 0.965926 0.000000
vn 0.000000 1.000000 0.000000
vn 0.000000 1.000000 0.000000
vn 0.258819 0.965926 0.000000
vn 0.500000 0.866025 0.000000
vn 0.707107 0.707107 0.000000
vn 0.866025 0.500000 0.000000
vn 0.965926 0.258819 0.000000
vn 1.000000 -0.000000 0.000000
vn 0.965926 -0.258819 0.000000
vn 0.866025 -0.500000 0.000000
vn 0.707107 -0.707107 0.000000
vn 0.500000 -0.866025 0.000000
vn 0.258818 -0.965926 0.000000
vn -0.000000 -1.000000 0.000000
vn -0.000000 -0.000000 -1.000000
vn -0.000000 -0.000000 -1.000000
vn -0.000000 -0.000000 -1.000000
vn -0.000000 -0.000000 -1.000000
vn -0.000000 -0.000000 -1.000000
vn -0.000000 -0.000000 -1.000000
vn -0.000000 -0.000000 -1.000000
vn -0.000000 -0.000000 -1.000000
vn -0.000000 -0.000000 -1.000000
vn -0.000000 -0.000000 -1.000000
vn -0.000000 -0.000000 -1.000000
vn -0.000000 -0.000000 -1.000000
vn -0.000000 -0.000000 -1.000000
vn -0.000000 -0.000000 -1.000000
vn -0.000000 -0.000000 -1.000000
vn -0.000000 -0.000000 -1.000000
vn -0.000000 -0.000000 -1.000000
vn -0.000000 -0.000000 -1.000000
vn -0.000000 -0.000000 -1.000000
vn -0.000000 -0.000000 -1.000000
vn -0.000000 -0.000000 -1.000000
vn -0.000000 -0.000000 -1.000000
vn -0.000000 -0.000000 -1.000000
vn -0.000000 -0.000000 -1.000000
vn -0.000000 -0.000000 -1.000000
vn -0.000000 -0.000000 -1.000000
vn -0.000000 -0.000000 -1.000000
vn -0.000000 -0.000000 -1.000000
vn -0.000000 -0.000000 -1.000000
vn -0.000000 -0.000000 -1.000000
vn -0.000000 -0.000000 -1.000000
vn -0.000000 -0.000000 -1.000000
vn -0.000000 -0.000000 -1.000000
vn -0.000000 -0.000000 -1.000000
vn -0.000000 -0.000000 -1.000000
vn -0.000000 -0.000000 -1.000000
vn -0.000000 -0.000000 -1.000000
vn -0.000000 -0.000000 -1.000000
vn -0.000000 -0.000000 -1.000000
vn -0.000000 -0.000000 -1.000000
vn -0.000000 -0.000000 -1.000000
vn -0.000000 -0.000000 -1.000000
vn -0.000000 -0.000000 -1.000000
vn -0.000000 -0.000000 -1.000000
vn -0.000000 -0.000000 -1.000000
vn -0.000000 -0.000000 -1.000000
vn -0.000000 -0.000000 -1.000000
vn -0.000000 -0.000000 -1.000000
vn -0.000000 -0.000000 -1.000000
vn -0.000000 -0.000000 -1.000000
vn -0.000000 -0.000000 -1.000000
vn -0.000000 -0.000000 -1.000000
vn -0.000000 -0.000000 -1.000000
vn -0.000000 -0.000000 -1.000000
vn -0.000000 -0.000000 -1.000000
vn -0.000000 -0.000000 -1.000000
vn -0.000000 -0.000000 -1.000000
vn -0.000000 -0.000000 -1.000000
vn -0.000000 -0.000000 -1.000000
vn -0.000000 -0.000000 -1.000000
vn -0.000000 -0.000000 -1.000000
vn -0.000000 -0.000000 -1.000000
vn -0.000000 -0.000000 -1.000000
vn -0.000000 -0.000000 -1.000000
vn -0.000000 -0.000000 -1.000000
vn -0.000000 -0.000000 -1.000000
vn -0.000000 -0.000000 -1.000000
vn -0.000000 -0.000000 -1.000000
vn -0.000000 -0.000000 -1.000000
vn -0.000000 -0.000000 -1.000000
vn -0.000000 -0.000000 -1.000000
vn -0.000000 -0.000000 -1.000000
vn -0.000000 -0.000000 -1.000000
vn -0.000000 -0.000000 -1.000000
vn -0.000000 -0.000000 -1.000000
vn -0.000000 -0.000000 -1.000000
vn -0.000000 -0.000000 -1.000000
vn -0.000000 -0.000000 -1.000000
vn -0.000000 -0.000000 -1.000000
vn -0.000000 -0.000000 -1.000000
vn -0.000000 -0.000000 -1.000000
vn -0.000000 -0.000000 -1.000000
vn -0.000000 -0.000000 -1.000000
vn -0.000000 -0.000000 -1.000000
vn -0.000000 -0.000000 -1.000000
vn -0.000000 -0.000000 -1.000000
vn -0.000000 -0.000000 -1.000000
vn -0.000000 -0.000000 -1.000000
vn -0.000000 -0.000000 -1.000000
vn -0.000000 -0.000000 -1.000000
vn -0.000000 -0.000000 -1.000000
vn -0.000000 -0.000000 -1.000000
vn -0.000000 -0.000000 -1.000000
vn -0.000000 -0.000000 -1.000000
vn -0.000000 -0.000000 -1.000000
vn -0.000000 -0.000000 -1.000000
vn -0.000000 -0.000000 -1.000000
vn -0.000000 -0.000000 -1.000000
vn -0.000000 -0.000000 -1.000000
vn -0.000000 -0.000000 -1.000000
vn -0.000000 -0.000000 -1.000000
vn -0.000000 -0.000000 -1.000000
vn -0.000000 -0.000000 -1.000000
vn -0.000000 -0.000000 -1.000000
vn -0.000000 -0.000000 -1.000000
vn -0.000000 -0.000000 -1.000000
vn -0.000000 -0.000000 -1.000000
vn -0.000000 -0.000000 -1.000000
vn -0.000000 -0.000000 -1.000000
vn -0.000000 -0.000000 -1.000000
vn -0.000000 -0.000000 -1.000000
vn -0.000000 -0.000000 -1.000000
vn -0.000000 -0.000000 -1.000000
vn -0.000000 -0.000000 -1.000000
vn -0.000000 -0.000000 -1.000000
vn -0.000000 -0.000000 -1.000000
vn -0.000000 -0.000000 -1.000000
vn -0.000000 -0.000000 -1.000000
vn -0.000000 -0.000000 -1.000000
vn -0.000000 -0.000000 -1.000000
vn -0.000000 -0.000000 -1.000000
vn -0.000000 -0.000000 -1.000000
vn -0.000000 -0.000000 -1.000000
vn -0.000000 -0.000000 -1.000000
vn -0.000000 -0.000000 -1.000000
vn -0.000000 -0.000000 -1.000000
vn -0.000000 -0.000000 -1.000000
vn -0.000000 -0.000000 -1.000000
vn -0.000000 -0.000000 -1.000000
vn -0.000000 -0.000000 -1.000000
vn -0.000000 -0.000000 -1.000000
vn -0.000000 -0.000000 -1.000000
vn -0.000000 -0.000000 -1.000000
vn -0.000000 -0.000000 -1.000000
vn -0.000000 -0.000000 -1.000000
vn -0.000000 -0.000000 -1.000000
vn -0.000000 -0.000000 -1.000000
vn -0.000000 -0.000000 -1.000000
vn -0.000000 -0.000000 -1.000000
vn -0.000000 -0.000000 -1.000000
vn -0.000000 -0.000000 -1.000000
vn -0.000000 -0.000000 -1.000000
vn -0.000000 -0.000000 -1.000000
vn -0.000000 -0.000000 -1.000000
vn -0.000000 -0.000000 -1.000000
vn -0.000000 -0.000000 -1.000000
vn -0.000000 -0.000000 -1.000000
vn -0.000000 -0.000000 -1.000000
vn -0.000000 -0.000000 -1.000000
vn -0.000000 -0.000000 -1.000000
vn -0.000000 -0.000000 -1.000000
vn -0.000000 -0.000000 -1.000000
vn -0.000000 -0.000000 -1.000000
vn -0.000000 -0.000000 -1.000000
vn -0.000000 -0.000000 -1.000000
vn -0.000000 -0.000000 -1.000000
vn -0.000000 -0.000000 -1.000000
vn -0.000000 -0.000000 -1.000000
vn -0.000000 -0.000000 -1.000000
vn -0.000000 -0.000000 -1.000000
vn -0.000000 -0.000000 -1.000000
vn -0.000000 -0.000000 -1.000000
vn -0.000000 -0.000000 -1.000000
vn -0.000000 -0.000000 -1.000000
vn -0.000000 -0.000000 -1.000000
vn -0.000000 -0.000000 -1.000000
vn -0.000000 -0.000000 -1.000000
vn -0.000000 -0.000000 -1.000000
vn -0.000000 -0.000000 -1.000000
vn -0.000000 -0.000000 -1.000000
vn -0.000000 -0.000000 -1.000000
vn -0.000000 -0.000000 -1.000000
vn -0.000000 -0.000000 -1.000000
vn -0.000000 -0.000000 -1.000000
vn -0.000000 -0.000000 -1.000000
vn -0.000000 -0.000000 -1.000000
vn -0.000000 -0.000000 -1.000000
vn -0.000000 -0.000000 -1.000000
vn -0.000000 -0.000000 -1.000000
vn -0.000000 -0.000000 -1.000000
vn -0.000000 -0.000000 -1.000000
vn -0.000000 -0.000000 -1.000000
vn -0.000000 -0.000000 -1.000000
vn -0.000000 -0.000000 -1.000000
vn -0.000000 -0.000000 -1.000000
vn -0.000000 -0.000000 -1.000000
vn -0.000000 -0.000000 -1.000000
vn -0.000000 -0.000000 -1.000000
vn -0.000000 -0.000000 -1.000000
vn -0.000000 -0.000000 -1.000000
vn -0.000000 -0.000000 -1.000000
vn -0.000000 -0.000000 -1.000000
vn -0.000000 -0.000000 -1.000000
vn -0.000000 -0.000000 -1.000000
vn -0.000000 -0.000000 -1.000000
vn -0.000000 -0.000000 -1.000000
vn -0.000000 -0.000000 -1.000000
vn -0.000000 -0.000000 -1.000000
vn -0.000000 -0.000000 -1.000000
vn -0.000000 -0.000000 -1.000000
vn -0.000000 -0.000000 -1.000000
vn -0.000000 -0.000000 -1.000000
vn -0.000000 -0.000000 -1.000000
vn -0.000000 -0.000000 -1.000000
vn -0.000000 -0.000000 -1.000000
vn -0.000000 -0.000000 -1.000000
vn -0.000000 -0.000000 -1.000000
vn -0.000000 -0.000000 -1.000000
vn -0.000000 -0.000000 -1.000000
vn -0.000000 -0.000000 -1.000000
vn -0.000000 -0.000000 -1.000000
vn -0.000000 -0.000000 -1.000000
vn -0.000000 -0.000000 -1.000000
vn -0.000000 -0.000000 -1.000000
vn -0.000000 -0.000000 -1.000000
vn -0.000000 -0.000000 -1.000000
vn -0.000000 -0.000000 -1.000000
vn -0.000000 -0.000000 -1.000000
vn -0.000000 -0.000000 -1.000000
vn -0.000000 -0.000000 -1.000000
vn -0.000000 -0.000000 -1.000000
vn -0.000000 -0.000000 -1.000000
vn -0.000000 -0.000000 -1.000000
vn -0.000000 -0.000000 -1.000000
vn -0.000000 -0.000000 -1.000000
vn -0.000000 -0.000000 -1.000000
vn -0.000000 -0.000000 -1.000000
vn -0.000000 -0.000000 -1.000000
vn -0.000000 -0.000000 -1.000000
vn -0.000000 -0.000000 -1.000000
vn -0.000000 -0.000000 -1.000000
vn -0.000000 -0.000000 -1.000000
vn -0.000000 -0.000000 -1.000000
vn -0.000000 -0.000000 -1.000000
vn -0.000000 -0.707107 -0.707107
vn -0.000000 -0.707107 -0.707107
vn -0.105389 -0.699209 -0.707107
vn -0.208423 -0.675692 -0.707107
vn -0.306802 -0.637081 -0.707107
vn -0.398327 -0.584239 -0.707107
vn -0.480955 -0.518346 -0.707107
vn -0.552838 -0.440874 -0.707107
vn -0.612372 -0.353553 -0.707107
vn -0.658227 -0.258335 -0.707107
vn -0.689378 -0.157346 -0.707107
vn -0.705130 -0.052842 -0.707107
vn -0.705130 0.052842 -0.707107
vn -0.689378 0.157346 -0.707107
vn -0.658227 0.258335 -0.707107
vn -0.612373 0.353553 -0.707107
vn -0.552838 0.440874 -0.707107
vn -0.480955 0.518346 -0.707107
vn -0.398327 0.584239 -0.707107
vn -0.306802 0.637081 -0.707107
vn -0.208423 0.675692 -0.707107
vn -0.105389 0.699209 -0.707107
vn -0.000000 0.707107 -0.707107
vn -0.000000 0.707107 -0.707107
vn -0.105389 0.699209 -0.707107
vn -0.208423 0.675692 -0.707107
vn -0.306802 0.637081 -0.707107
vn -0.398327 0.584239 -0.707107
vn -0.480955 0.518346 -0.707107
vn -0.552838 0.440874 -0.707107
vn -0.612373 0.353553 -0.707107
vn -0.658227 0.258335 -0.707107
vn -0.689378 0.157346 -0.707107
vn -0.705130 0.052842 -0.707107
vn -0.705130 -0.052842 -0.707107
vn -0.689378 -0.157346 -0.707107
vn -0.658227 -0.258335 -0.707107
vn -0.612372 -0.353553 -0.707107
vn -0.552838 -0.440874 -0.707107
vn -0.480955 -0.518346 -0.707107
vn -0.398327 -0.584239 -0.707107
vn -0.306802 -0.637081 -0.707107
vn -0.208423 -0.675692 -0.707107
vn -0.105389 -0.699209 -0.707107
vn -0.000000 -0.707107 -0.707107
vn 0.105389 -0.699209 -0.707107
vn 0.208423 -0.675692 -0.707107
vn 0.306802 -0.637081 -0.707107
vn 0.398327 -0.584239 -0.707107
vn 0.480955 -0.518346 -0.707107
vn 0.552838 -0.440874 -0.707107
vn 0.612372 -0.353553 -0.707107
vn 0.658227 -0.258335 -0.707107
vn 0.689378 -0.157346 -0.707107
vn 0.705130 -0.052842 -0.707107
vn 0.705130 0.052842 -0.707107
vn 0.689378 0.157346 -0.707107
vn 0.658227 0.258335 -0.707107
vn 0.612372 0.353553 -0.707107
vn 0.552838 0.440874 -0.707107
vn 0.480955 0.518346 -0.707107
vn 0.398327 0.584239 -0.707107
vn 0.306802 0.637081 -0.707107
vn 0.208423 0.675692 -0.707107
vn 0.105389 0.699209 -0.707107
vn -0.000000 0.707107 -0.707107
vn -0.000000 0.707107 -0.707107
vn 0.105389 0.699209 -0.707107
vn 0.208423 0.675692 -0.707107
vn 0.306802 0.637081 -0.707107
vn 0.398327 0.584239 -0.707107
vn 0.480955 0.518346 -0.707107
vn 0.552838 0.440874 -0.707107
vn 0.612372 0.353553 -0.707107
vn 0.658227 0.258335 -0.707107
vn 0.689378 0.157346 -0.707107
vn 0.705130 0.052842 -0.707107
vn 0.705130 -0.052842 -0.707107
vn 0.689378 -0.157346 -0.707107
vn 0.658227 -0.258335 -0.707107
vn 0.612372 -0.353553 -0.707107
vn 0.552838 -0.440874 -0.707107
vn 0.480955 -0.518346 -0.707107
vn 0.398327 -0.584239 -0.707107
vn 0.306802 -0.637081 -0.707107
vn 0.208423 -0.675692 -0.707107
vn 0.105389 -0.699209 -0.707107
vn -0.000000 -0.707107 -0.707107
vn -0.000000 -1.000000 0.000000
vn -0.000000 -1.000000 0.000000
vn 0.149042 -0.988831 0.000000
vn 0.294755 -0.955573 0.000000
vn 0.433883 -0.900969 0.000000
vn 0.563320 -0.826239 0.000000
vn 0.680173 -0.733052 0.000000
vn 0.781831 -0.623490 0.000000
vn 0.866025 -0.500000 0.000000
vn 0.930874 -0.365341 0.000000
vn 0.974928 -0.222521 0.000000
vn 0.997204 -0.074730 0.000000
vn 0.997204 0.074730 0.000000
vn 0.974928 0.222521 0.000000
vn 0.930874 0.365341 0.000000
vn 0.866025 0.500000 0.000000
vn 0.781832 0.623490 0.000000
vn 0.680173 0.733052 0.000000
vn 0.563320 0.826239 0.000000
vn 0.433883 0.900969 0.000000
vn 0.294754 0.955573 0.000000
vn 0.149042 0.988831 0.000000
vn 0.000000 1.000000 0.000000
vn 0.000000 1.000000 0.000000
vn 0.149042 0.988831 0.000000
vn 0.294754 0.955573 0.000000
vn 0.433883 0.900969 0.000000
vn 0.563320 0.826239 0.000000
vn 0.680173 0.733052 0.000000
vn 0.781832 0.623490 0.000000
vn 0.866025 0.500000 0.000000
vn 0.930874 0.365341 0.000000
vn 0.974928 0.222521 0.000000
vn 0.997204 0.074730 0.000000
vn 0.997204 -0.074730 0.000000
vn 0.974928 -0.222521 0.000000
vn 0.930874 -0.365341 0.000000
vn 0.866025 -0.500000 0.000000
vn 0.781831 -0.623490 0.000000
vn 0.680173 -0.733052 0.000000
vn 0.563320 -0.826239 0.000000
vn 0.433883 -0.900969 0.000000
vn 0.294755 -0.955573 0.000000
vn 0.149042 -0.988831 0.000000
vn -0.000000 -0.000000 1.000000
vn -0.000000 -0.000000 1.000000
vn -0.000000 -0.000000 1.000000
vn -0.000000 -0.000000 1.000000
vn -0.000000 -0.000000 1.000000
vn -0.000000 -0.000000 1.000000
vn -0.000000 -0.000000 1.000000
vn -0.000000 -0.000000 1.000000
vn -0.000000 -0.000000 1.000000
vn -0.000000 -0.000000 1.000000
vn -0.000000 -0.000000 1.000000
vn -0.000000 -0.000000 1.000000
vn -0.000000 -0.000000 1.000000
vn -0.000000 -0.000000 1.000000
vn -0.000000 -0.000000 1.000000
vn -0.000000 -0.000000 1.000000
vn -0.000000 -0.000000 1.000000
vn -0.000000 -0.000000 1.000000
vn -0.000000 -0.000000 1.000000
vn -0.000000 -0.000000 1.000000
vn -0.000000 -0.000000 1.000000
vn -0.000000 -0.000000 1.000000
vn -0.000000 -0.000000 1.000000
vn -0.000000 -0.000000 1.000000
vn -0.000000 -0.000000 1.000000
vn -0.000000 -0.000000 1.000000
vn -0.000000 -0.000000 1.000000
vn -0.000000 -0.000000 1.000000
vn -0.000000 -0.000000 1.000000
vn -0.000000 -0.000000 1.000000
vn -0.000000 -0.000000 1.000000
vn -0.000000 -0.000000 1.000000
vn -0.000000 -0.000000 1.000000
vn -0.000000 -0.000000 1.000000
vn -0.000000 -0.000000 1.000000
vn -0.000000 -0.000000 1.000000
vn -0.000000 -0.000000 1.000000
vn -0.000000 -0.000000 1.000000
vn -0.000000 -0.000000 1.000000
vn -0.000000 -0.000000 1.000000
vn -0.000000 -0.000000 1.000000
vn -0.000000 -0.000000 1.000000
vn 0.000000 1.000000 0.000000
vn 0.000000 1.000000 0.000000
vn -0.149042 0.988831 -0.000000
vn -0.294754 0.955573 -0.000000
vn -0.433883 0.900969 -0.000000
vn -0.563320 0.826239 -0.000000
vn -0.680173 0.733052 -0.000000
vn -0.781832 0.623490 -0.000000
vn -0.866025 0.500000 -0.000000
vn -0.930874 0.365341 -0.000000
vn -0.974928 0.222521 -0.000000
vn -0.997204 0.074730 -0.000000
vn -0.997204 -0.074730 -0.000000
vn -0.974928 -0.222521 -0.000000
vn -0.930874 -0.365341 -0.000000
vn -0.866025 -0.500000 -0.000000
vn -0.781831 -0.623490 -0.000000
vn -0.680173 -0.733052 -0.000000
vn -0.563320 -0.826239 -0.000000
vn -0.433883 -0.900969 -0.000000
vn -0.294755 -0.955573 -0.000000
vn -0.149042 -0.988831 -0.000000
vn -0.000000 -1.000000 0.000000
vn -0.000000 -1.000000 0.000000
vn -0.149042 -0.988831 -0.000000
vn -0.294755 -0.955573 -0.000000
vn -0.433883 -0.900969 -0.000000
vn -0.563320 -0.826239 -0.000000
vn -0.680173 -0.733052 -0.000000
vn -0.781831 -0.623490 -0.000000
vn -0.866025 -0.500000 -0.000000
vn -0.930874 -0.365341 -0.000000
vn -0.974928 -0.222521 -0.000000
vn -0.997204 -0.074730 -0.000000
vn -0.997204 0.074730 -0.000000
vn -0.974928 0.222521 -0.000000
vn -0.930874 0.365341 -0.000000
vn -0.866025 0.500000 -0.000000
vn -0.781832 0.623490 -0.000000
vn -0.680173 0.733052 -0.000000
vn -0.563320 0.826239 -0.000000
vn -0.433883 0.900969 -0.000000
vn -0.294754 0.955573 -0.000000
vn -0.149042 0.988831 -0.000000
vn -0.000000 -0.500000 -0.866025
vn 0.129410 -0.482963 -0.866025
vn 0.250000 -0.433013 -0.866025
vn 0.353553 -0.353553 -0.866025
vn 0.433013 -0.250000 -0.866025
vn 0.482963 -0.129410 -0.866025
vn 0.500000 -0.000000 -0.866025
vn 0.482963 0.129409 -0.866025
vn 0.433013 0.250000 -0.866025
vn 0.353553 0.353553 -0.866026
vn 0.250000 0.433013 -0.866025
vn 0.129410 0.482963 -0.866025
vn -0.000000 0.500000 -0.866025
vn -0.000000 0.500000 -0.866025
vn 0.129410 0.482963 -0.866025
vn 0.250000 0.433013 -0.866025
vn 0.353553 0.353553 -0.866026
vn 0.433013 0.250000 -0.866025
vn 0.482963 0.129409 -0.866025
vn 0.500000 -0.000000 -0.866025
vn 0.482963 -0.129410 -0.866025
vn 0.433013 -0.250000 -0.866025
vn 0.353553 -0.353553 -0.866025
vn 0.250000 -0.433013 -0.866025
vn 0.129410 -0.482963 -0.866025
vn -0.000000 -0.500000 -0.866025
vn -0.000000 -0.500000 -0.866025
vn -0.000000 -0.500000 -0.866025
vn -0.129410 -0.482963 -0.866025
vn -0.250000 -0.433013 -0.866025
vn -0.353554 -0.353553 -0.866025
vn -0.433013 -0.250000 -0.866025
vn -0.482963 -0.129410 -0.866025
vn -0.500000 -0.000000 -0.866025
vn -0.482963 0.129409 -0.866025
vn -0.433013 0.250000 -0.866025
vn -0.353553 0.353553 -0.866026
vn -0.250000 0.433013 -0.866026
vn -0.129410 0.482963 -0.866026
vn -0.000000 0.500000 -0.866025
vn -0.000000 0.500000 -0.866025
vn -0.129410 0.482963 -0.866026
vn -0.250000 0.433013 -0.866026
vn -0.353553 0.353553 -0.866026
vn -0.433013 0.250000 -0.866025
vn -0.482963 0.129409 -0.866025
vn -0.500000 -0.000000 -0.866025
vn -0.482963 -0.129410 -0.866025
vn -0.433013 -0.250000 -0.866025
vn -0.353554 -0.353553 -0.866025
vn -0.250000 -0.433013 -0.866025
vn -0.129410 -0.482963 -0.866025
vn -0.000000 -1.000000 0.000000
vn -0.000000 -1.000000 0.000000
vn -0.258818 -0.965926 0.000000
vn -0.500000 -0.866025 0.000000
vn -0.707107 -0.707107 0.000000
vn -0.866025 -0.500000 0.000000
vn -0.965926 -0.258819 0.000000
vn -1.000000 -0.000000 0.000000
vn -0.965926 0.258819 0.000000
vn -0.866025 0.500000 0.000000
vn -0.707107 0.707107 0.000000
vn -0.500000 0.866025 0.000000
vn -0.258819 0.965926 0.000000
vn 0.000000 1.000000 0.000000
vn 0.000000 1.000000 0.000000
vn -0.258819 0.965926 0.000000
vn -0.500000 0.866025 0.000000
vn -0.707107 0.707107 0.000000
vn -0.866025 0.500000 0.000000
vn -0.965926 0.258819 0.000000
vn -1.000000 -0.000000 0.000000
vn -0.965926 -0.258819 0.000000
vn -0.866025 -0.500000 0.000000
vn -0.707107 -0.707107 0.000000
vn -0.500000 -0.866025 0.000000
vn -0.258818 -0.965926 0.000000
vn -0.000000 -0.500000 -0.866025
vn -0.000000 -0.500000 -0.866025
vn -0.129410 -0.482963 -0.866025
vn -0.250000 -0.433013 -0.866025
vn -0.353554 -0.353553 -0.866025
vn -0.433013 -0.250000 -0.866025
vn -0.482963 -0.129410 -0.866025
vn -0.500000 -0.000000 -0.866025
vn -0.482963 0.129409 -0.866025
vn -0.433013 0.250000 -0.866025
vn -0.353553 0.353553 -0.866026
vn -0.250000 0.433013 -0.866026
vn -0.129410 0.482963 -0.866026
vn -0.000000 0.500000 -0.866025
vn -0.000000 0.500000 -0.866025
vn -0.129410 0.482963 -0.866026
vn -0.250000 0.433013 -0.866026
vn -0.353553 0.353553 -0.866026
vn -0.433013 0.250000 -0.866025
vn -0.482963 0.129409 -0.866025
vn -0.500000 -0.000000 -0.866025
vn -0.482963 -0.129410 -0.866025
vn -0.433013 -0.250000 -0.866025
vn -0.353554 -0.353553 -0.866025
vn -0.250000 -0.433013 -0.866025
vn -0.129410 -0.482963 -0.866025
vn -0.000000 -1.000000 0.000000
vn -0.000000 -1.000000 0.000000
vn -0.258818 -0.965926 0.000000
vn -0.500000 -0.866025 0.000000
vn -0.707107 -0.707107 0.000000
vn -0.866025 -0.500000 0.000000
vn -0.965926 -0.258819 0.000000
vn -1.000000 -0.000000 0.000000
vn -0.965926 0.258819 0.000000
vn -0.866025 0.500000 0.000000
vn -0.707107 0.707107 0.000000
vn -0.500000 0.866025 0.000000
vn -0.258819 0.965926 0.000000
vn 0.000000 1.000000 0.000000
vn 0.000000 1.000000 0.000000
vn -0.258819 0.965926 0.000000
vn -0.500000 0.866025 0.000000
vn -0.707107 0.707107 0.000000
vn -0.866025 0.500000 0.000000
vn -0.965926 0.258819 0.000000
vn -1.000000 -0.000000 0.000000
vn -0.965926 -0.258819 0.000000
vn -0.866025 -0.500000 0.000000
vn -0.707107 -0.707107 0.000000
vn -0.500000 -0.866025 0.000000
vn -0.258818 -0.965926 0.000000
vn -0.067226 -0.510632 -0.857167
vn -0.000000 -0.515038 -0.857167
vn -0.133302 -0.497489 -0.857167
vn -0.257519 -0.446036 -0.857167
vn -0.364187 -0.364187 -0.857167
vn -0.446036 -0.257519 -0.857167
vn -0.497488 -0.133302 -0.857167
vn -0.515038 -0.000000 -0.857167
vn -0.497489 0.133302 -0.857167
vn -0.446036 0.257519 -0.857167
vn -0.364187 0.364187 -0.857167
vn -0.257519 0.446036 -0.857167
vn -0.133302 0.497488 -0.857167
vn -0.000000 0.515038 -0.857167
vn -0.197097 -0.475833 -0.857167
vn -0.313535 -0.408607 -0.857167
vn -0.408607 -0.313535 -0.857167
vn -0.514489 -0.023786 -0.857167
vn -0.510632 0.067226 -0.857167
vn -0.408607 0.313535 -0.857167
vn -0.313535 0.408607 -0.857167
vn 0.047522 0.512841 -0.857167
vn -0.000000 0.515038 -0.857167
vn 0.133302 0.497488 -0.857167
vn 0.257519 0.446036 -0.857167
vn 0.364187 0.364187 -0.857167
vn 0.446036 0.257519 -0.857167
vn 0.497489 0.133302 -0.857167
vn 0.515038 -0.000000 -0.857167
vn 0.497489 -0.133302 -0.857167
vn 0.446036 -0.257519 -0.857167
vn 0.364187 -0.364187 -0.857167
vn 0.257519 -0.446036 -0.857167
vn 0.133302 -0.497489 -0.857167
vn -0.000000 -0.515038 -0.857167
vn -0.000000 0.515038 -0.857167
vn 0.197097 0.475833 -0.857167
vn 0.408607 0.313535 -0.857167
vn 0.510632 0.067226 -0.857167
vn 0.475833 0.197096 -0.857167
vn 0.510632 -0.067226 -0.857167
vn 0.475833 -0.197097 -0.857167
vn 0.408607 -0.313535 -0.857167
vn -0.000000 -1.000000 0.000000
vn 0.258818 -0.965926 0.000000
vn 0.500000 -0.866025 0.000000
vn 0.707107 -0.707107 0.000000
vn 0.866025 -0.500000 0.000000
vn 0.965926 -0.258819 0.000000
vn 1.000000 -0.000000 0.000000
vn 0.965926 0.258819 0.000000
vn 0.866025 0.500000 0.000000
vn 0.707107 0.707107 0.000000
vn 0.500000 0.866025 0.000000
vn 0.258819 0.965926 0.000000
vn 0.000000 1.000000 0.000000
vn 0.000000 1.000000 0.000000
vn 0.258819 0.965926 0.000000
vn 0.500000 0.866025 0.000000
vn 0.707107 0.707107 0.000000
vn 0.866025 0.500000 0.000000
vn 0.965926 0.258819 0.000000
vn 1.000000 -0.000000 0.000000
vn 0.965926 -0.258819 0.000000
vn 0.866025 -0.500000 0.000000
vn 0.707107 -0.707107 0.000000
vn 0.500000 -0.866025 0.000000
vn 0.258818 -0.965926 0.000000
vn -0.000000 -1.000000 0.000000
vn -0.000000 -0.500000 -0.866025
vn 0.129410 -0.482963 -0.866025
vn 0.250000 -0.433013 -0.866025
vn 0.353553 -0.353553 -0.866025
vn 0.433013 -0.250000 -0.866025
vn 0.482963 -0.129410 -0.866025
vn 0.500000 -0.000000 -0.866025
vn 0.482963 0.129409 -0.866025
vn 0.433013 0.250000 -0.866025
vn 0.353553 0.353553 -0.866026
vn 0.250000 0.433013 -0.866025
vn 0.129410 0.482963 -0.866025
vn -0.000000 0.500000 -0.866025
vn -0.000000 0.500000 -0.866025
vn 0.129410 0.482963 -0.866025
vn 0.250000 0.433013 -0.866025
vn 0.353553 0.353553 -0.866026
vn 0.433013 0.250000 -0.866025
vn 0.482963 0.129409 -0.866025
vn 0.500000 -0.000000 -0.866025
vn 0.482963 -0.129410 -0.866025
vn 0.433013 -0.250000 -0.866025
vn 0.353553 -0.353553 -0.866025
vn 0.250000 -0.433013 -0.866025
vn 0.129410 -0.482963 -0.866025
vn -0.000000 -0.500000 -0.866025
vn -0.000000 -1.000000 0.000000
vn 0.258818 -0.965926 0.000000
vn 0.500000 -0.866025 0.000000
vn 0.707107 -0.707107 0.000000
vn 0.866025 -0.500000 0.000000
vn 0.965926 -0.258819 0.000000
vn 1.000000 -0.000000 0.000000
vn 0.965926 0.258819 0.000000
vn 0.866025 0.500000 0.000000
vn 0.707107 0.707107 0.000000
vn 0.500000 0.866025 0.000000
vn 0.258819 0.965926 0.000000
vn 0.000000 1.000000 0.000000
vn 0.000000 1.000000 0.000000
vn 0.258819 0.965926 0.000000
vn 0.500000 0.866025 0.000000
vn 0.707107 0.707107 0.000000
vn 0.866025 0.500000 0.000000
vn 0.965926 0.258819 0.000000
vn 1.000000 -0.000000 0.000000
vn 0.965926 -0.258819 0.000000
vn 0.866025 -0.500000 0.000000
vn 0.707107 -0.707107 0.000000
vn 0.500000 -0.866025 0.000000
vn 0.258818 -0.965926 0.000000
vn -0.000000 -1.000000 0.000000
vn -0.000000 -0.707107 -0.707107
vn 0.183013 -0.683013 -0.707107
vn 0.353553 -0.612372 -0.707107
vn 0.500000 -0.500000 -0.707107
vn 0.612372 -0.353553 -0.707107
vn 0.683013 -0.183013 -0.707107
vn 0.707107 -0.000000 -0.707107
vn 0.683013 0.183013 -0.707107
vn 0.612372 0.353553 -0.707107
vn 0.500000 0.500000 -0.707107
vn 0.353553 0.612372 -0.707107
vn 0.183013 0.683013 -0.707107
vn -0.000000 0.707107 -0.707107
vn -0.000000 0.707107 -0.707107
vn 0.183013 0.683013 -0.707107
vn 0.353553 0.612372 -0.707107
vn 0.500000 0.500000 -0.707107
vn 0.612372 0.353553 -0.707107
vn 0.683013 0.183013 -0.707107
vn 0.707107 -0.000000 -0.707107
vn 0.683013 -0.183013 -0.707107
vn 0.612372 -0.353553 -0.707107
vn 0.500000 -0.500000 -0.707107
vn 0.353553 -0.612372 -0.707107
vn 0.183013 -0.683013 -0.707107
vn -0.000000 -0.707107 -0.707107
vn -0.000000 -0.707107 -0.707107
vn -0.000000 -0.707107 -0.707107
vn -0.183013 -0.683013 -0.707107
vn -0.353554 -0.612372 -0.707107
vn -0.500000 -0.500000 -0.707107
vn -0.612372 -0.353553 -0.707107
vn -0.683013 -0.183013 -0.707107
vn -0.707107 -0.000000 -0.707107
vn -0.683013 0.183013 -0.707107
vn -0.612373 0.353553 -0.707107
vn -0.500000 0.500000 -0.707107
vn -0.353553 0.612372 -0.707107
vn -0.183013 0.683013 -0.707107
vn -0.000000 0.707107 -0.707107
vn -0.000000 0.707107 -0.707107
vn -0.183013 0.683013 -0.707107
vn -0.353553 0.612372 -0.707107
vn -0.500000 0.500000 -0.707107
vn -0.612373 0.353553 -0.707107
vn -0.683013 0.183013 -0.707107
vn -0.707107 -0.000000 -0.707107
vn -0.683013 -0.183013 -0.707107
vn -0.612372 -0.353553 -0.707107
vn -0.500000 -0.500000 -0.707107
vn -0.353554 -0.612372 -0.707107
vn -0.183013 -0.683013 -0.707107
vn -0.000000 -1.000000 0.000000
vn -0.000000 -1.000000 0.000000
vn -0.258818 -0.965926 0.000000
vn -0.500000 -0.866025 0.000000
vn -0.707107 -0.707107 0.000000
vn -0.866025 -0.500000 0.000000
vn -0.965926 -0.258819 0.000000
vn -1.000000 -0.000000 0.000000
vn -0.965926 0.258819 0.000000
vn -0.866025 0.500000 0.000000
vn -0.707107 0.707107 0.000000
vn -0.500000 0.866025 0.000000
vn -0.258819 0.965926 0.000000
vn 0.000000 1.000000 0.000000
vn 0.000000 1.000000 0.000000
vn -0.258819 0.965926 0.000000
vn -0.500000 0.866025 0.000000
vn -0.707107 0.707107 0.000000
vn -0.866025 0.500000 0.000000
vn -0.965926 0.258819 0.000000
vn -1.000000 -0.000000 0.000000
vn -0.965926 -0.258819 0.000000
vn -0.866025 -0.500000 0.000000
vn -0.707107 -0.707107 0.000000
vn -0.500000 -0.866025 0.000000
vn -0.258818 -0.965926 0.000000
vn -0.067226 -0.510632 -0.857167
vn -0.000000 -0.515038 -0.857167
vn -0.133302 -0.497489 -0.857167
vn -0.257519 -0.446036 -0.857167
vn -0.364187 -0.364187 -0.857167
vn -0.446036 -0.257519 -0.857167
vn -0.497488 -0.133302 -0.857167
vn -0.515038 -0.000000 -0.857167
vn -0.497489 0.133302 -0.857167
vn -0.446036 0.257519 -0.857167
vn -0.364187 0.364187 -0.857167
vn -0.257519 0.446036 -0.857167
vn -0.133302 0.497488 -0.857167
vn -0.000000 0.515038 -0.857167
vn -0.197097 -0.475833 -0.857167
vn -0.313535 -0.408607 -0.857167
vn -0.408607 -0.313535 -0.857167
vn -0.514489 -0.023786 -0.857167
vn -0.510632 0.067226 -0.857167
vn -0.408607 0.313535 -0.857167
vn -0.313535 0.408607 -0.857167
vn 0.047522 0.512841 -0.857167
vn -0.000000 0.515038 -0.857167
vn 0.133302 0.497488 -0.857167
vn 0.257519 0.446036 -0.857167
vn 0.364187 0.364187 -0.857167
vn 0.446036 0.257519 -0.857167
vn 0.497489 0.133302 -0.857167
vn 0.515038 -0.000000 -0.857167
vn 0.497489 -0.133302 -0.857167
vn 0.446036 -0.257519 -0.857167
vn 0.364187 -0.364187 -0.857167
vn 0.257519 -0.446036 -0.857167
vn 0.133302 -0.497489 -0.857167
vn -0.000000 -0.515038 -0.857167
vn -0.000000 0.515038 -0.857167
vn 0.197097 0.475833 -0.857167
vn 0.408607 0.313535 -0.857167
vn 0.510632 0.067226 -0.857167
vn 0.475833 0.197096 -0.857167
vn 0.510632 -0.067226 -0.857167
vn 0.475833 -0.197097 -0.857167
vn 0.408607 -0.313535 -0.857167
vn -0.000000 -1.000000 0.000000
vn 0.258818 -0.965926 0.000000
vn 0.500000 -0.866025 0.000000
vn 0.707107 -0.707107 0.000000
vn 0.866025 -0.500000 0.000000
vn 0.965926 -0.258819 0.000000
vn 1.000000 -0.000000 0.000000
vn 0.965926 0.258819 0.000000
vn 0.866025 0.500000 0.000000
vn 0.707107 0.707107 0.000000
vn 0.500000 0.866025 0.000000
vn 0.258819 0.965926 0.000000
vn 0.000000 1.000000 0.000000
vn 0.000000 1.000000 0.000000
vn 0.258819 0.965926 0.000000
vn 0.500000 0.866025 0.000000
vn 0.707107 0.707107 0.000000
vn 0.866025 0.500000 0.000000
vn 0.965926 0.258819 0.000000
vn 1.000000 -0.000000 0.000000
vn 0.965926 -0.258819 0.000000
vn 0.866025 -0.500000 0.000000
vn 0.707107 -0.707107 0.000000
vn 0.500000 -0.866025 0.000000
vn 0.258818 -0.965926 0.000000
vn -0.000000 -1.000000 0.000000
vn -0.000000 -0.707107 -0.707107
vn 0.183013 -0.683013 -0.707107
vn 0.353553 -0.612372 -0.707107
vn 0.500000 -0.500000 -0.707107
vn 0.612372 -0.353553 -0.707107
vn 0.683013 -0.183013 -0.707107
vn 0.707107 -0.000000 -0.707107
vn 0.683013 0.183013 -0.707107
vn 0.612372 0.353553 -0.707107
vn 0.500000 0.500000 -0.707107
vn 0.353553 0.612372 -0.707107
vn 0.183013 0.683013 -0.707107
vn -0.000000 0.707107 -0.707107
vn -0.000000 0.707107 -0.707107
vn 0.183013 0.683013 -0.707107
vn 0.353553 0.612372 -0.707107
vn 0.500000 0.500000 -0.707107
vn 0.612372 0.353553 -0.707107
vn 0.683013 0.183013 -0.707107
vn 0.707107 -0.000000 -0.707107
vn 0.683013 -0.183013 -0.707107
vn 0.612372 -0.353553 -0.707107
vn 0.500000 -0.500000 -0.707107
vn 0.353553 -0.612372 -0.707107
vn 0.183013 -0.683013 -0.707107
vn -0.000000 -0.707107 -0.707107
vn -0.000000 -0.707107 -0.707107
vn -0.000000 -0.707107 -0.707107
vn -0.183013 -0.683013 -0.707107
vn -0.353554 -0.612372 -0.707107
vn -0.500000 -0.500000 -0.707107
vn -0.612372 -0.353553 -0.707107
vn -0.683013 -0.183013 -0.707107
vn -0.707107 -0.000000 -0.707107
vn -0.683013 0.183013 -0.707107
vn -0.612373 0.353553 -0.707107
vn -0.500000 0.500000 -0.707107
vn -0.353553 0.612372 -0.707107
vn -0.183013 0.683013 -0.707107
vn -0.000000 0.707107 -0.707107
vn -0.000000 0.707107 -0.707107
vn -0.183013 0.683013 -0.707107
vn -0.353553 0.612372 -0.707107
vn -0.500000 0.500000 -0.707107
vn -0.612373 0.353553 -0.707107
vn -0.683013 0.183013 -0.707107
vn -0.707107 -0.000000 -0.707107
vn -0.683013 -0.183013 -0.707107
vn -0.612372 -0.353553 -0.707107
vn -0.500000 -0.500000 -0.707107
vn -0.353554 -0.612372 -0.707107
vn -0.183013 -0.683013 -0.707107
vn -0.000000 -1.000000 0.000000
vn -0.000000 -1.000000 0.000000
vn -0.258818 -0.965926 0.000000
vn -0.500000 -0.866025 0.000000
vn -0.707107 -0.707107 0.000000
vn -0.866025 -0.500000 0.000000
vn -0.965926 -0.258819 0.000000
vn -1.000000 -0.000000 0.000000
vn -0.965926 0.258819 0.000000
vn -0.866025 0.500000 0.000000
vn -0.707107 0.707107 0.000000
vn -0.500000 0.866025 0.000000
vn -0.258819 0.965926 0.000000
vn 0.000000 1.000000 0.000000
vn 0.000000 1.000000 0.000000
vn -0.258819 0.965926 0.000000
vn -0.500000 0.866025 0.000000
vn -0.707107 0.707107 0.000000
vn -0.866025 0.500000 0.000000
vn -0.965926 0.258819 0.000000
vn -1.000000 -0.000000 0.000000
vn -0.965926 -0.258819 0.000000
vn -0.866025 -0.500000 0.000000
vn -0.707107 -0.707107 0.000000
vn -0.500000 -0.866025 0.000000
vn -0.258818 -0.965926 0.000000
vn -0.067226 -0.510632 -0.857167
vn -0.000000 -0.515038 -0.857167
vn -0.133302 -0.497489 -0.857167
vn -0.257519 -0.446036 -0.857167
vn -0.364187 -0.364187 -0.857167
vn -0.446036 -0.257519 -0.857167
vn -0.497488 -0.133302 -0.857167
vn -0.515038 -0.000000 -0.857167
vn -0.497489 0.133302 -0.857167
vn -0.446036 0.257519 -0.857167
vn -0.364187 0.364187 -0.857167
vn -0.257519 0.446036 -0.857167
vn -0.133302 0.497488 -0.857167
vn -0.000000 0.515038 -0.857167
vn -0.197097 -0.475833 -0.857167
vn -0.313535 -0.408607 -0.857167
vn -0.408607 -0.313535 -0.857167
vn -0.514489 -0.023786 -0.857167
vn -0.510632 0.067226 -0.857167
vn -0.408607 0.313535 -0.857167
vn -0.313535 0.408607 -0.857167
vn 0.047522 0.512841 -0.857167
vn -0.000000 0.515038 -0.857167
vn 0.133302 0.497488 -0.857167
vn 0.257519 0.446036 -0.857167
vn 0.364187 0.364187 -0.857167
vn 0.446036 0.257519 -0.857167
vn 0.497489 0.133302 -0.857167
vn 0.515038 -0.000000 -0.857167
vn 0.497489 -0.133302 -0.857167
vn 0.446036 -0.257519 -0.857167
vn 0.364187 -0.364187 -0.857167
vn 0.257519 -0.446036 -0.857167
vn 0.133302 -0.497489 -0.857167
vn -0.000000 -0.515038 -0.857167
vn -0.000000 0.515038 -0.857167
vn 0.197097 0.475833 -0.857167
vn 0.408607 0.313535 -0.857167
vn 0.510632 0.067226 -0.857167
vn 0.475833 0.197096 -0.857167
vn 0.510632 -0.067226 -0.857167
vn 0.475833 -0.197097 -0.857167
vn 0.408607 -0.313535 -0.857167
vn -0.000000 -1.000000 0.000000
vn 0.258818 -0.965926 0.000000
vn 0.500000 -0.866025 0.000000
vn 0.707107 -0.707107 0.000000
vn 0.866025 -0.500000 0.000000
vn 0.965926 -0.258819 0.000000
vn 1.000000 -0.000000 0.000000
vn 0.965926 0.258819 0.000000
vn 0.866025 0.500000 0.000000
vn 0.707107 0.707107 0.000000
vn 0.500000 0.866025 0.000000
vn 0.258819 0.965926 0.000000
vn 0.000000 1.000000 0.000000
vn 0.000000 1.000000 0.000000
vn 0.258819 0.965926 0.000000
vn 0.500000 0.866025 0.000000
vn 0.707107 0.707107 0.000000
vn 0.866025 0.500000 0.000000
vn 0.965926 0.258819 0.000000
vn 1.000000 -0.000000 0.000000
vn 0.965926 -0.258819 0.000000
vn 0.866025 -0.500000 0.000000
vn 0.707107 -0.707107 0.000000
vn 0.500000 -0.866025 0.000000
vn 0.258818 -0.965926 0.000000
vn -0.000000 -1.000000 0.000000
vn -0.000000 -0.707107 -0.707107
vn 0.183013 -0.683013 -0.707107
vn 0.353553 -0.612372 -0.707107
vn 0.500000 -0.500000 -0.707107
vn 0.612372 -0.353553 -0.707107
vn 0.683013 -0.183013 -0.707107
vn 0.707107 -0.000000 -0.707107
vn 0.683013 0.183013 -0.707107
vn 0.612372 0.353553 -0.707107
vn 0.500000 0.500000 -0.707107
vn 0.353553 0.612372 -0.707107
vn 0.183013 0.683013 -0.707107
vn -0.000000 0.707107 -0.707107
vn -0.000000 0.707107 -0.707107
vn 0.183013 0.683013 -0.707107
vn 0.353553 0.612372 -0.707107
vn 0.500000 0.500000 -0.707107
vn 0.612372 0.353553 -0.707107
vn 0.683013 0.183013 -0.707107
vn 0.707107 -0.000000 -0.707107
vn 0.683013 -0.183013 -0.707107
vn 0.612372 -0.353553 -0.707107
vn 0.500000 -0.500000 -0.707107
vn 0.353553 -0.612372 -0.707107
vn 0.183013 -0.683013 -0.707107
vn -0.000000 -0.707107 -0.707107
vn -0.000000 -0.707107 -0.707107
vn -0.000000 -0.707107 -0.707107
vn -0.183013 -0.683013 -0.707107
vn -0.353554 -0.612372 -0.707107
vn -0.500000 -0.500000 -0.707107
vn -0.612372 -0.353553 -0.707107
vn -0.683013 -0.183013 -0.707107
vn -0.707107 -0.000000 -0.707107
vn -0.683013 0.183013 -0.707107
vn -0.612373 0.353553 -0.707107
vn -0.500000 0.500000 -0.707107
vn -0.353553 0.612372 -0.707107
vn -0.183013 0.683013 -0.707107
vn -0.000000 0.707107 -0.707107
vn -0.000000 0.707107 -0.707107
vn -0.183013 0.683013 -0.707107
vn -0.353553 0.612372 -0.707107
vn -0.500000 0.500000 -0.707107
vn -0.612373 0.353553 -0.707107
vn -0.683013 0.183013 -0.707107
vn -0.707107 -0.000000 -0.707107
vn -0.683013 -0.183013 -0.707107
vn -0.612372 -0.353553 -0.707107
vn -0.500000 -0.500000 -0.707107
vn -0.353554 -0.612372 -0.707107
vn -0.183013 -0.683013 -0.707107
vn -0.000000 -1.000000 0.000000
vn -0.000000 -1.000000 0.000000
vn -0.258818 -0.965926 0.000000
vn -0.500000 -0.866025 0.000000
vn -0.707107 -0.707107 0.000000
vn -0.866025 -0.500000 0.000000
vn -0.965926 -0.258819 0.000000
vn -1.000000 -0.000000 0.000000
vn -0.965926 0.258819 0.000000
vn -0.866025 0.500000 0.000000
vn -0.707107 0.707107 0.000000
vn -0.500000 0.866025 0.000000
vn -0.258819 0.965926 0.000000
vn 0.000000 1.000000 0.000000
vn 0.000000 1.000000 0.000000
vn -0.258819 0.965926 0.000000
vn -0.500000 0.866025 0.000000
vn -0.707107 0.707107 0.000000
vn -0.866025 0.500000 0.000000
vn -0.965926 0.258819 0.000000
vn -1.000000 -0.000000 0.000000
vn -0.965926 -0.258819 0.000000
vn -0.866025 -0.500000 0.000000
vn -0.707107 -0.707107 0.000000
vn -0.500000 -0.866025 0.000000
vn -0.258818 -0.965926 0.000000
vn -0.067226 -0.510632 -0.857167
vn -0.000000 -0.515038 -0.857167
vn -0.133302 -0.497489 -0.857167
vn -0.257519 -0.446036 -0.857167
vn -0.364187 -0.364187 -0.857167
vn -0.446036 -0.257519 -0.857167
vn -0.497488 -0.133302 -0.857167
vn -0.515038 -0.000000 -0.857167
vn -0.497489 0.133302 -0.857167
vn -0.446036 0.257519 -0.857167
vn -0.364187 0.364187 -0.857167
vn -0.257519 0.446036 -0.857167
vn -0.133302 0.497488 -0.857167
vn -0.000000 0.515038 -0.857167
vn -0.197097 -0.475833 -0.857167
vn -0.313535 -0.408607 -0.857167
vn -0.408607 -0.313535 -0.857167
vn -0.514489 -0.023786 -0.857167
vn -0.510632 0.067226 -0.857167
vn -0.408607 0.313535 -0.857167
vn -0.313535 0.408607 -0.857167
vn 0.047522 0.512841 -0.857167
vn -0.000000 0.515038 -0.857167
vn 0.133302 0.497488 -0.857167
vn 0.257519 0.446036 -0.857167
vn 0.364187 0.364187 -0.857167
vn 0.446036 0.257519 -0.857167
vn 0.497489 0.133302 -0.857167
vn 0.515038 -0.000000 -0.857167
vn 0.497489 -0.133302 -0.857167
vn 0.446036 -0.257519 -0.857167
vn 0.364187 -0.364187 -0.857167
vn 0.257519 -0.446036 -0.857167
vn 0.133302 -0.497489 -0.857167
vn -0.000000 -0.515038 -0.857167
vn -0.000000 0.515038 -0.857167
vn 0.197097 0.475833 -0.857167
vn 0.408607 0.313535 -0.857167
vn 0.510632 0.067226 -0.857167
vn 0.475833 0.197096 -0.857167
vn 0.510632 -0.067226 -0.857167
vn 0.475833 -0.197097 -0.857167
vn 0.408607 -0.313535 -0.857167
vn -0.000000 -1.000000 0.000000
vn 0.258818 -0.965926 0.000000
vn 0.500000 -0.866025 0.000000
vn 0.707107 -0.707107 0.000000
vn 0.866025 -0.500000 0.000000
vn 0.965926 -0.258819 0.000000
vn 1.000000 -0.000000 0.000000
vn 0.965926 0.258819 0.000000
vn 0.866025 0.500000 0.000000
vn 0.707107 0.707107 0.000000
vn 0.500000 0.866025 0.000000
vn 0.258819 0.965926 0.000000
vn 0.000000 1.000000 0.000000
vn 0.000000 1.000000 0.000000
vn 0.258819 0.965926 0.000000
vn 0.500000 0.866025 0.000000
vn 0.707107 0.707107 0.000000
vn 0.866025 0.500000 0.000000
vn 0.965926 0.258819 0.000000
vn 1.000000 -0.000000 0.000000
vn 0.965926 -0.258819 0.000000
vn 0.866025 -0.500000 0.000000
vn 0.707107 -0.707107 0.000000
vn 0.500000 -0.866025 0.000000
vn 0.258818 -0.965926 0.000000
vn -0.000000 -1.000000 0.000000
vn -0.000000 -0.707107 -0.707107
vn 0.183013 -0.683013 -0.707107
vn 0.353553 -0.612372 -0.707107
vn 0.500000 -0.500000 -0.707107
vn 0.612372 -0.353553 -0.707107
vn 0.683013 -0.183013 -0.707107
vn 0.707107 -0.000000 -0.707107
vn 0.683013 0.183013 -0.707107
vn 0.612372 0.353553 -0.707107
vn 0.500000 0.500000 -0.707107
vn 0.353553 0.612372 -0.707107
vn 0.183013 0.683013 -0.707107
vn -0.000000 0.707107 -0.707107
vn -0.000000 0.707107 -0.707107
vn 0.183013 0.683013 -0.707107
vn 0.353553 0.612372 -0.707107
vn 0.500000 0.500000 -0.707107
vn 0.612372 0.353553 -0.707107
vn 0.683013 0.183013 -0.707107
vn 0.707107 -0.000000 -0.707107
vn 0.683013 -0.183013 -0.707107
vn 0.612372 -0.353553 -0.707107
vn 0.500000 -0.500000 -0.707107
vn 0.353553 -0.612372 -0.707107
vn 0.183013 -0.683013 -0.707107
vn -0.000000 -0.707107 -0.707107
vn -0.000000 -0.707107 -0.707107
vn -0.000000 -0.707107 -0.707107
vn -0.183013 -0.683013 -0.707107
vn -0.353554 -0.612372 -0.707107
vn -0.500000 -0.500000 -0.707107
vn -0.612372 -0.353553 -0.707107
vn -0.683013 -0.183013 -0.707107
vn -0.707107 -0.000000 -0.707107
vn -0.683013 0.183013 -0.707107
vn -0.612373 0.353553 -0.707107
vn -0.500000 0.500000 -0.707107
vn -0.353553 0.612372 -0.707107
vn -0.183013 0.683013 -0.707107
vn -0.000000 0.707107 -0.707107
vn -0.000000 0.707107 -0.707107
vn -0.183013 0.683013 -0.707107
vn -0.353553 0.612372 -0.707107
vn -0.500000 0.500000 -0.707107
vn -0.612373 0.353553 -0.707107
vn -0.683013 0.183013 -0.707107
vn -0.707107 -0.000000 -0.707107
vn -0.683013 -0.183013 -0.707107
vn -0.612372 -0.353553 -0.707107
vn -0.500000 -0.500000 -0.707107
vn -0.353554 -0.612372 -0.707107
vn -0.183013 -0.683013 -0.707107
vn -0.000000 -1.000000 0.000000
vn -0.000000 -1.000000 0.000000
vn -0.258818 -0.965926 0.000000
vn -0.500000 -0.866025 0.000000
vn -0.707107 -0.707107 0.000000
vn -0.866025 -0.500000 0.000000
vn -0.965926 -0.258819 0.000000
vn -1.000000 -0.000000 0.000000
vn -0.965926 0.258819 0.000000
vn -0.866025 0.500000 0.000000
vn -0.707107 0.707107 0.000000
vn -0.500000 0.866025 0.000000
vn -0.258819 0.965926 0.000000
vn 0.000000 1.000000 0.000000
vn 0.000000 1.000000 0.000000
vn -0.258819 0.965926 0.000000
vn -0.500000 0.866025 0.000000
vn -0.707107 0.707107 0.000000
vn -0.866025 0.500000 0.000000
vn -0.965926 0.258819 0.000000
vn -1.000000 -0.000000 0.000000
vn -0.965926 -0.258819 0.000000
vn -0.866025 -0.500000 0.000000
vn -0.707107 -0.707107 0.000000
vn -0.500000 -0.866025 0.000000
vn -0.258818 -0.965926 0.000000
vn -0.067226 -0.510632 -0.857167
vn -0.000000 -0.515038 -0.857167
vn -0.133302 -0.497489 -0.857167
vn -0.257519 -0.446036 -0.857167
vn -0.364187 -0.364187 -0.857167
vn -0.446036 -0.257519 -0.857167
vn -0.497488 -0.133302 -0.857167
vn -0.515038 -0.000000 -0.857167
vn -0.497489 0.133302 -0.857167
vn -0.446036 0.257519 -0.857167
vn -0.364187 0.364187 -0.857167
vn -0.257519 0.446036 -0.857167
vn -0.133302 0.497488 -0.857167
vn -0.000000 0.515038 -0.857167
vn -0.197097 -0.475833 -0.857167
vn -0.313535 -0.408607 -0.857167
vn -0.408607 -0.313535 -0.857167
vn -0.514489 -0.023786 -0.857167
vn -0.510632 0.067226 -0.857167
vn -0.408607 0.313535 -0.857167
vn -0.313535 0.408607 -0.857167
vn 0.047522 0.512841 -0.857167
vn -0.000000 0.515038 -0.857167
vn 0.133302 0.497488 -0.857167
vn 0.257519 0.446036 -0.857167
vn 0.364187 0.364187 -0.857167
vn 0.446036 0.257519 -0.857167
vn 0.497489 0.133302 -0.857167
vn 0.515038 -0.000000 -0.857167
vn 0.497489 -0.133302 -0.857167
vn 0.446036 -0.257519 -0.857167
vn 0.364187 -0.364187 -0.857167
vn 0.257519 -0.446036 -0.857167
vn 0.133302 -0.497489 -0.857167
vn -0.000000 -0.515038 -0.857167
vn -0.000000 0.515038 -0.857167
vn 0.197097 0.475833 -0.857167
vn 0.408607 0.313535 -0.857167
vn 0.510632 0.067226 -0.857167
vn 0.475833 0.197096 -0.857167
vn 0.510632 -0.067226 -0.857167
vn 0.475833 -0.197097 -0.857167
vn 0.408607 -0.313535 -0.857167
vn -0.000000 -1.000000 0.000000
vn 0.258818 -0.965926 0.000000
vn 0.500000 -0.866025 0.000000
vn 0.707107 -0.707107 0.000000
vn 0.866025 -0.500000 0.000000
vn 0.965926 -0.258819 0.000000
vn 1.000000 -0.000000 0.000000
vn 0.965926 0.258819 0.000000
vn 0.866025 0.500000 0.000000
vn 0.707107 0.707107 0.000000
vn 0.500000 0.866025 0.000000
vn 0.258819 0.965926 0.000000
vn 0.000000 1.000000 0.000000
vn 0.000000 1.000000 0.000000
vn 0.258819 0.965926 0.000000
vn 0.500000 0.866025 0.000000
vn 0.707107 0.707107 0.000000
vn 0.866025 0.500000 0.000000
vn 0.965926 0.258819 0.000000
vn 1.000000 -0.000000 0.000000
vn 0.965926 -0.258819 0.000000
vn 0.866025 -0.500000 0.000000
vn 0.707107 -0.707107 0.000000
vn 0.500000 -0.866025 0.000000
vn 0.258818 -0.965926 0.000000
vn -0.000000 -1.000000 0.000000
vn -0.000000 -0.707107 -0.707107
vn 0.183013 -0.683013 -0.707107
vn 0.353553 -0.612372 -0.707107
vn 0.500000 -0.500000 -0.707107
vn 0.612372 -0.353553 -0.707107
vn 0.683013 -0.183013 -0.707107
vn 0.707107 -0.000000 -0.707107
vn 0.683013 0.183013 -0.707107
vn 0.612372 0.353553 -0.707107
vn 0.500000 0.500000 -0.707107
vn 0.353553 0.612372 -0.707107
vn 0.183013 0.683013 -0.707107
vn -0.000000 0.707107 -0.707107
vn -0.000000 0.707107 -0.707107
vn 0.183013 0.683013 -0.707107
vn 0.353553 0.612372 -0.707107
vn 0.500000 0.500000 -0.707107
vn 0.612372 0.353553 -0.707107
vn 0.683013 0.183013 -0.707107
vn 0.707107 -0.000000 -0.707107
vn 0.683013 -0.183013 -0.707107
vn 0.612372 -0.353553 -0.707107
vn 0.500000 -0.500000 -0.707107
vn 0.353553 -0.612372 -0.707107
vn 0.183013 -0.683013 -0.707107
vn -0.000000 -0.707107 -0.707107
vn -0.000000 -0.707107 -0.707107
vn -0.000000 -0.707107 -0.707107
vn -0.183013 -0.683013 -0.707107
vn -0.353554 -0.612372 -0.707107
vn -0.500000 -0.500000 -0.707107
vn -0.612372 -0.353553 -0.707107
vn -0.683013 -0.183013 -0.707107
vn -0.707107 -0.000000 -0.707107
vn -0.683013 0.183013 -0.707107
vn -0.612373 0.353553 -0.707107
vn -0.500000 0.500000 -0.707107
vn -0.353553 0.612372 -0.707107
vn -0.183013 0.683013 -0.707107
vn -0.000000 0.707107 -0.707107
vn -0.000000 0.707107 -0.707107
vn -0.183013 0.683013 -0.707107
vn -0.353553 0.612372 -0.707107
vn -0.500000 0.500000 -0.707107
vn -0.612373 0.353553 -0.707107
vn -0.683013 0.183013 -0.707107
vn -0.707107 -0.000000 -0.707107
vn -0.683013 -0.183013 -0.707107
vn -0.612372 -0.353553 -0.707107
vn -0.500000 -0.500000 -0.707107
vn -0.353554 -0.612372 -0.707107
vn -0.183013 -0.683013 -0.707107
vn -0.000000 -1.000000 0.000000
vn -0.000000 -1.000000 0.000000
vn -0.258818 -0.965926 0.000000
vn -0.500000 -0.866025 0.000000
vn -0.707107 -0.707107 0.000000
vn -0.866025 -0.500000 0.000000
vn -0.965926 -0.258819 0.000000
vn -1.000000 -0.000000 0.000000
vn -0.965926 0.258819 0.000000
vn -0.866025 0.500000 0.000000
vn -0.707107 0.707107 0.000000
vn -0.500000 0.866025 0.000000
vn -0.258819 0.965926 0.000000
vn 0.000000 1.000000 0.000000
vn 0.000000 1.000000 0.000000
vn -0.258819 0.965926 0.000000
vn -0.500000 0.866025 0.000000
vn -0.707107 0.707107 0.000000
vn -0.866025 0.500000 0.000000
vn -0.965926 0.258819 0.000000
vn -1.000000 -0.000000 0.000000
vn -0.965926 -0.258819 0.000000
vn -0.866025 -0.500000 0.000000
vn -0.707107 -0.707107 0.000000
vn -0.500000 -0.866025 0.000000
vn -0.258818 -0.965926 0.000000
vn -0.067226 -0.510632 -0.857167
vn -0.000000 -0.515038 -0.857167
vn -0.133302 -0.497489 -0.857167
vn -0.257519 -0.446036 -0.857167
vn -0.364187 -0.364187 -0.857167
vn -0.446036 -0.257519 -0.857167
vn -0.497488 -0.133302 -0.857167
vn -0.515038 -0.000000 -0.857167
vn -0.497489 0.133302 -0.857167
vn -0.446036 0.257519 -0.857167
vn -0.364187 0.364187 -0.857167
vn -0.257519 0.446036 -0.857167
vn -0.133302 0.497488 -0.857167
vn -0.000000 0.515038 -0.857167
vn -0.197097 -0.475833 -0.857167
vn -0.313535 -0.408607 -0.857167
vn -0.408607 -0.313535 -0.857167
vn -0.514489 -0.023786 -0.857167
vn -0.510632 0.067226 -0.857167
vn -0.408607 0.313535 -0.857167
vn -0.313535 0.408607 -0.857167
vn 0.047522 0.512841 -0.857167
vn -0.000000 0.515038 -0.857167
vn 0.133302 0.497488 -0.857167
vn 0.257519 0.446036 -0.857167
vn 0.364187 0.364187 -0.857167
vn 0.446036 0.257519 -0.857167
vn 0.497489 0.133302 -0.857167
vn 0.515038 -0.000000 -0.857167
vn 0.497489 -0.133302 -0.857167
vn 0.446036 -0.257519 -0.857167
vn 0.364187 -0.364187 -0.857167
vn 0.257519 -0.446036 -0.857167
vn 0.133302 -0.497489 -0.857167
vn -0.000000 -0.515038 -0.857167
vn -0.000000 0.515038 -0.857167
vn 0.197097 0.475833 -0.857167
vn 0.408607 0.313535 -0.857167
vn 0.510632 0.067226 -0.857167
vn 0.475833 0.197096 -0.857167
vn 0.510632 -0.067226 -0.857167
vn 0.475833 -0.197097 -0.857167
vn 0.408607 -0.313535 -0.857167
vn -0.000000 -1.000000 0.000000
vn 0.258818 -0.965926 0.000000
vn 0.500000 -0.866025 0.000000
vn 0.707107 -0.707107 0.000000
vn 0.866025 -0.500000 0.000000
vn 0.965926 -0.258819 0.000000
vn 1.000000 -0.000000 0.000000
vn 0.965926 0.258819 0.000000
vn 0.866025 0.500000 0.000000
vn 0.707107 0.707107 0.000000
vn 0.500000 0.866025 0.000000
vn 0.258819 0.965926 0.000000
vn 0.000000 1.000000 0.000000
vn 0.000000 1.000000 0.000000
vn 0.258819 0.965926 0.000000
vn 0.500000 0.866025 0.000000
vn 0.707107 0.707107 0.000000
vn 0.866025 0.500000 0.000000
vn 0.965926 0.258819 0.000000
vn 1.000000 -0.000000 0.000000
vn 0.965926 -0.258819 0.000000
vn 0.866025 -0.500000 0.000000
vn 0.707107 -0.707107 0.000000
vn 0.500000 -0.866025 0.000000
vn 0.258818 -0.965926 0.000000
vn -0.000000 -1.000000 0.000000
vn -0.000000 -0.707107 -0.707107
vn 0.183013 -0.683013 -0.707107
vn 0.353553 -0.612372 -0.707107
vn 0.500000 -0.500000 -0.707107
vn 0.612372 -0.353553 -0.707107
vn 0.683013 -0.183013 -0.707107
vn 0.707107 -0.000000 -0.707107
vn 0.683013 0.183013 -0.707107
vn 0.612372 0.353553 -0.707107
vn 0.500000 0.500000 -0.707107
vn 0.353553 0.612372 -0.707107
vn 0.183013 0.683013 -0.707107
vn -0.000000 0.707107 -0.707107
vn -0.000000 0.707107 -0.707107
vn 0.183013 0.683013 -0.707107
vn 0.353553 0.612372 -0.707107
vn 0.500000 0.500000 -0.707107
vn 0.612372 0.353553 -0.707107
vn 0.683013 0.183013 -0.707107
vn 0.707107 -0.000000 -0.707107
vn 0.683013 -0.183013 -0.707107
vn 0.612372 -0.353553 -0.707107
vn 0.500000 -0.500000 -0.707107
vn 0.353553 -0.612372 -0.707107
vn 0.183013 -0.683013 -0.707107
vn -0.000000 -0.707107 -0.707107
vn -0.000000 -0.707107 -0.707107
vn -0.000000 -0.707107 -0.707107
vn -0.183013 -0.683013 -0.707107
vn -0.353554 -0.612372 -0.707107
vn -0.500000 -0.500000 -0.707107
vn -0.612372 -0.353553 -0.707107
vn -0.683013 -0.183013 -0.707107
vn -0.707107 -0.000000 -0.707107
vn -0.683013 0.183013 -0.707107
vn -0.612373 0.353553 -0.707107
vn -0.500000 0.500000 -0.707107
vn -0.353553 0.612372 -0.707107
vn -0.183013 0.683013 -0.707107
vn -0.000000 0.707107 -0.707107
vn -0.000000 0.707107 -0.707107
vn -0.183013 0.683013 -0.707107
vn -0.353553 0.612372 -0.707107
vn -0.500000 0.500000 -0.707107
vn -0.612373 0.353553 -0.707107
vn -0.683013 0.183013 -0.707107
vn -0.707107 -0.000000 -0.707107
vn -0.683013 -0.183013 -0.707107
vn -0.612372 -0.353553 -0.707107
vn -0.500000 -0.500000 -0.707107
vn -0.353554 -0.612372 -0.707107
vn -0.183013 -0.683013 -0.707107
vn -0.000000 -1.000000 0.000000
vn -0.000000 -1.000000 0.000000
vn -0.258818 -0.965926 0.000000
vn -0.500000 -0.866025 0.000000
vn -0.707107 -0.707107 0.000000
vn -0.866025 -0.500000 0.000000
vn -0.965926 -0.258819 0.000000
vn -1.000000 -0.000000 0.000000
vn -0.965926 0.258819 0.000000
vn -0.866025 0.500000 0.000000
vn -0.707107 0.707107 0.000000
vn -0.500000 0.866025 0.000000
vn -0.258819 0.965926 0.000000
vn 0.000000 1.000000 0.000000
vn 0.000000 1.000000 0.000000
vn -0.258819 0.965926 0.000000
vn -0.500000 0.866025 0.000000
vn -0.707107 0.707107 0.000000
vn -0.866025 0.500000 0.000000
vn -0.965926 0.258819 0.000000
vn -1.000000 -0.000000 0.000000
vn -0.965926 -0.258819 0.000000
vn -0.866025 -0.500000 0.000000
vn -0.707107 -0.707107 0.000000
vn -0.500000 -0.866025 0.000000
vn -0.258818 -0.965926 0.000000
vn -0.067226 -0.510632 -0.857167
vn -0.000000 -0.515038 -0.857167
vn -0.133302 -0.497489 -0.857167
vn -0.257519 -0.446036 -0.857167
vn -0.364187 -0.364187 -0.857167
vn -0.446036 -0.257519 -0.857167
vn -0.497488 -0.133302 -0.857167
vn -0.515038 -0.000000 -0.857167
vn -0.497489 0.133302 -0.857167
vn -0.446036 0.257519 -0.857167
vn -0.364187 0.364187 -0.857167
vn -0.257519 0.446036 -0.857167
vn -0.133302 0.497488 -0.857167
vn -0.000000 0.515038 -0.857167
vn -0.197097 -0.475833 -0.857167
vn -0.313535 -0.408607 -0.857167
vn -0.408607 -0.313535 -0.857167
vn -0.514489 -0.023786 -0.857167
vn -0.510632 0.067226 -0.857167
vn -0.408607 0.313535 -0.857167
vn -0.313535 0.408607 -0.857167
vn 0.047522 0.512841 -0.857167
vn -0.000000 0.515038 -0.857167
vn 0.133302 0.497488 -0.857167
vn 0.257519 0.446036 -0.857167
vn 0.364187 0.364187 -0.857167
vn 0.446036 0.257519 -0.857167
vn 0.497489 0.133302 -0.857167
vn 0.515038 -0.000000 -0.857167
vn 0.497489 -0.133302 -0.857167
vn 0.446036 -0.257519 -0.857167
vn 0.364187 -0.364187 -0.857167
vn 0.257519 -0.446036 -0.857167
vn 0.133302 -0.497489 -0.857167
vn -0.000000 -0.515038 -0.857167
vn -0.000000 0.515038 -0.857167
vn 0.197097 0.475833 -0.857167
vn 0.408607 0.313535 -0.857167
vn 0.510632 0.067226 -0.857167
vn 0.475833 0.197096 -0.857167
vn 0.510632 -0.067226 -0.857167
vn 0.475833 -0.197097 -0.857167
vn 0.408607 -0.313535 -0.857167
vn -0.000000 -1.000000 0.000000
vn 0.258818 -0.965926 0.000000
vn 0.500000 -0.866025 0.000000
vn 0.707107 -0.707107 0.000000
vn 0.866025 -0.500000 0.000000
vn 0.965926 -0.258819 0.000000
vn 1.000000 -0.000000 0.000000
vn 0.965926 0.258819 0.000000
vn 0.866025 0.500000 0.000000
vn 0.707107 0.707107 0.000000
vn 0.500000 0.866025 0.000000
vn 0.258819 0.965926 0.000000
vn 0.000000 1.000000 0.000000
vn 0.000000 1.000000 0.000000
vn 0.258819 0.965926 0.000000
vn 0.500000 0.866025 0.000000
vn 0.707107 0.707107 0.000000
vn 0.866025 0.500000 0.000000
vn 0.965926 0.258819 0.000000
vn 1.000000 -0.000000 0.000000
vn 0.965926 -0.258819 0.000000
vn 0.866025 -0.500000 0.000000
vn 0.707107 -0.707107 0.000000
vn 0.500000 -0.866025 0.000000
vn 0.258818 -0.965926 0.000000
vn -0.000000 -1.000000 0.000000
vt 0.000000 0.000000 0.000000
vt 0.000000 0.082353 0.000000
vt 0.000000 0.168627 0.000000
vt 0.000000 0.250980 0.000000
vt 0.000000 0.333333 0.000000
vt 0.000000 0.415686 0.000000
vt 0.000000 0.501961 0.000000
vt 0.000000 0.584314 0.000000
vt 0.000000 0.666667 0.000000
vt 0.000000 0.749020 0.000000
vt 0.000000 0.835294 0.000000
vt 0.000000 0.917647 0.000000
vt 0.000000 1.000000 0.000000
vt 1.000000 1.000000 0.000000
vt 1.000000 0.917647 0.000000
vt 1.000000 0.835294 0.000000
vt 1.000000 0.749020 0.000000
vt 1.000000 0.666667 0.000000
vt 1.000000 0.584314 0.000000
vt 1.000000 0.501961 0.000000
vt 1.000000 0.415686 0.000000
vt 1.000000 0.333333 0.000000
vt 1.000000 0.250980 0.000000
vt 1.000000 0.168627 0.000000
vt 1.000000 0.082353 0.000000
vt 1.000000 0.000000 0.000000
vt 0.000000 1.000000 0.000000
vt 1.000000 1.000000 0.000000
vt 1.000000 0.917647 0.000000
vt 1.000000 0.835294 0.000000
vt 1.000000 0.749020 0.000000
vt 1.000000 0.666667 0.000000
vt 1.000000 0.584314 0.000000
vt 1.000000 0.501961 0.000000
vt 1.000000 0.415686 0.000000
vt 1.000000 0.333333 0.000000
vt 1.000000 0.250980 0.000000
vt 1.000000 0.168627 0.000000
vt 1.000000 0.082353 0.000000
vt 1.000000 0.000000 0.000000
vt 0.000000 0.000000 0.000000
vt 0.000000 0.082353 0.000000
vt 0.000000 0.168627 0.000000
vt 0.000000 0.250980 0.000000
vt 0.000000 0.333333 0.000000
vt 0.000000 0.415686 0.000000
vt 0.000000 0.501961 0.000000
vt 0.000000 0.584314 0.000000
vt 0.000000 0.666667 0.000000
vt 0.000000 0.749020 0.000000
vt 0.000000 0.835294 0.000000
vt 0.000000 0.917647 0.000000
vt 0.000000 1.000000 0.000000
vt 1.000000 1.000000 0.000000
vt 1.000000 0.917647 0.000000
vt 1.000000 0.835294 0.000000
vt 1.000000 0.749020 0.000000
vt 1.000000 0.666667 0.000000
vt 1.000000 0.584314 0.000000
vt 1.000000 0.501961 0.000000
vt 1.000000 0.415686 0.000000
vt 1.000000 0.333333 0.000000
vt 1.000000 0.250980 0.000000
vt 1.000000 0.168627 0.000000
vt 1.000000 0.082353 0.000000
vt 1.000000 0.000000 0.000000
vt 0.000000 0.000000 0.000000
vt 0.000000 0.082353 0.000000
vt 0.000000 0.168627 0.000000
vt 0.000000 0.250980 0.000000
vt 0.000000 0.333333 0.000000
vt 0.000000 0.415686 0.000000
vt 0.000000 0.501961 0.000000
vt 0.000000 0.584314 0.000000
vt 0.000000 0.666667 0.000000
vt 0.000000 0.749020 0.000000
vt 0.000000 0.835294 0.000000
vt 0.000000 0.917647 0.000000
vt 0.000000 1.000000 0.000000
vt 1.000000 1.000000 0.000000
vt 1.000000 0.917647 0.000000
vt 1.000000 0.835294 0.000000
vt 1.000000 0.749020 0.000000
vt 1.000000 0.666667 0.000000
vt 1.000000 0.584314 0.000000
vt 1.000000 0.501961 0.000000
vt 1.000000 0.415686 0.000000
vt 1.000000 0.333333 0.000000
vt 1.000000 0.250980 0.000000
vt 1.000000 0.168627 0.000000
vt 1.000000 0.082353 0.000000
vt 1.000000 0.000000 0.000000
vt 0.000000 0.882353 0.000000
vt 0.000000 0.764706 0.000000
vt 0.000000 0.647059 0.000000
vt 0.000000 0.501961 0.000000
vt 0.000000 0.411765 0.000000
vt 0.000000 0.294118 0.000000
vt 0.000000 0.176471 0.000000
vt 0.000000 1.000000 0.000000
vt 1.000000 1.000000 0.000000
vt 1.000000 0.917647 0.000000
vt 1.000000 0.835294 0.000000
vt 1.000000 0.749020 0.000000
vt 1.000000 0.666667 0.000000
vt 1.000000 0.584314 0.000000
vt 1.000000 0.501961 0.000000
vt 1.000000 0.415686 0.000000
vt 1.000000 0.333333 0.000000
vt 1.000000 0.250980 0.000000
vt 1.000000 0.168627 0.000000
vt 1.000000 0.082353 0.000000
vt 1.000000 0.000000 0.000000
vt 0.000000 0.941177 0.000000
vt 0.000000 0.823529 0.000000
vt 0.000000 0.705882 0.000000
vt 0.000000 0.501961 0.000000
vt 0.000000 0.588235 0.000000
vt 0.000000 0.470588 0.000000
vt 0.000000 0.352941 0.000000
vt 0.000000 0.235294 0.000000
vt 0.000000 0.000000 0.000000
vt 0.000000 0.082353 0.000000
vt 0.000000 0.168627 0.000000
vt 0.000000 0.250980 0.000000
vt 0.000000 0.333333 0.000000
vt 0.000000 0.415686 0.000000
vt 0.000000 0.501961 0.000000
vt 0.000000 0.584314 0.000000
vt 0.000000 0.666667 0.000000
vt 0.000000 0.749020 0.000000
vt 0.000000 0.835294 0.000000
vt 0.000000 0.917647 0.000000
vt 0.000000 1.000000 0.000000
vt 1.000000 1.000000 0.000000
vt 1.000000 0.917647 0.000000
vt 1.000000 0.835294 0.000000
vt 1.000000 0.749020 0.000000
vt 1.000000 0.666667 0.000000
vt 1.000000 0.584314 0.000000
vt 1.000000 0.501961 0.000000
vt 1.000000 0.415686 0.000000
vt 1.000000 0.333333 0.000000
vt 1.000000 0.250980 0.000000
vt 1.000000 0.168627 0.000000
vt 1.000000 0.082353 0.000000
vt 1.000000 0.000000 0.000000
vt 0.501961 1.000000 0.000000
vt 0.576471 0.996078 0.000000
vt 0.647059 0.976471 0.000000
vt 0.717647 0.949020 0.000000
vt 0.784314 0.913726 0.000000
vt 0.839216 0.866667 0.000000
vt 0.890196 0.811765 0.000000
vt 0.933333 0.749020 0.000000
vt 0.968628 0.682353 0.000000
vt 0.988235 0.611765 0.000000
vt 1.000000 0.537255 0.000000
vt 1.000000 0.462745 0.000000
vt 0.988235 0.388235 0.000000
vt 0.968628 0.317647 0.000000
vt 0.933333 0.250980 0.000000
vt 0.890196 0.188235 0.000000
vt 0.839216 0.133333 0.000000
vt 0.784314 0.086275 0.000000
vt 0.717647 0.050980 0.000000
vt 0.647059 0.023529 0.000000
vt 0.576471 0.003922 0.000000
vt 0.501961 0.000000 0.000000
vt 0.423529 0.003922 0.000000
vt 0.352941 0.023529 0.000000
vt 0.282353 0.050980 0.000000
vt 0.215686 0.086275 0.000000
vt 0.160784 0.133333 0.000000
vt 0.109804 0.188235 0.000000
vt 0.066667 0.250980 0.000000
vt 0.031373 0.317647 0.000000
vt 0.011765 0.388235 0.000000
vt 0.000000 0.462745 0.000000
vt 0.000000 0.537255 0.000000
vt 0.011765 0.611765 0.000000
vt 0.031373 0.682353 0.000000
vt 0.066667 0.749020 0.000000
vt 0.109804 0.811765 0.000000
vt 0.160784 0.866667 0.000000
vt 0.215686 0.913726 0.000000
vt 0.282353 0.949020 0.000000
vt 0.352941 0.976471 0.000000
vt 0.423529 0.996078 0.000000
vt 0.105882 0.431373 0.000000
vt 0.121569 0.435294 0.000000
vt 0.137255 0.443137 0.000000
vt 0.152941 0.450980 0.000000
vt 0.164706 0.466667 0.000000
vt 0.168627 0.482353 0.000000
vt 0.172549 0.501961 0.000000
vt 0.168627 0.517647 0.000000
vt 0.164706 0.533333 0.000000
vt 0.152941 0.549020 0.000000
vt 0.137255 0.556863 0.000000
vt 0.121569 0.564706 0.000000
vt 0.105882 0.568627 0.000000
vt 0.086275 0.564706 0.000000
vt 0.070588 0.556863 0.000000
vt 0.058824 0.549020 0.000000
vt 0.047059 0.533333 0.000000
vt 0.039216 0.517647 0.000000
vt 0.039216 0.501961 0.000000
vt 0.039216 0.482353 0.000000
vt 0.047059 0.466667 0.000000
vt 0.058824 0.450980 0.000000
vt 0.070588 0.443137 0.000000
vt 0.086275 0.435294 0.000000
vt 0.501961 0.823529 0.000000
vt 0.517647 0.827451 0.000000
vt 0.533333 0.831373 0.000000
vt 0.549020 0.843137 0.000000
vt 0.560784 0.858824 0.000000
vt 0.568627 0.874510 0.000000
vt 0.568627 0.894118 0.000000
vt 0.568627 0.913726 0.000000
vt 0.560784 0.929412 0.000000
vt 0.549020 0.945098 0.000000
vt 0.533333 0.952941 0.000000
vt 0.517647 0.960784 0.000000
vt 0.501961 0.964706 0.000000
vt 0.482353 0.960784 0.000000
vt 0.466667 0.952941 0.000000
vt 0.450980 0.945098 0.000000
vt 0.439216 0.929412 0.000000
vt 0.431373 0.913726 0.000000
vt 0.431373 0.894118 0.000000
vt 0.431373 0.874510 0.000000
vt 0.439216 0.858824 0.000000
vt 0.450980 0.843137 0.000000
vt 0.466667 0.831373 0.000000
vt 0.482353 0.827451 0.000000
vt 0.894118 0.431373 0.000000
vt 0.913726 0.431373 0.000000
vt 0.929412 0.439216 0.000000
vt 0.945098 0.450980 0.000000
vt 0.956863 0.466667 0.000000
vt 0.960784 0.482353 0.000000
vt 0.964706 0.501961 0.000000
vt 0.960784 0.517647 0.000000
vt 0.956863 0.533333 0.000000
vt 0.945098 0.549020 0.000000
vt 0.929412 0.560784 0.000000
vt 0.913726 0.568627 0.000000
vt 0.894118 0.568627 0.000000
vt 0.878431 0.568627 0.000000
vt 0.858824 0.560784 0.000000
vt 0.847059 0.549020 0.000000
vt 0.835294 0.533333 0.000000
vt 0.827451 0.517647 0.000000
vt 0.823529 0.501961 0.000000
vt 0.827451 0.482353 0.000000
vt 0.835294 0.466667 0.000000
vt 0.847059 0.450980 0.000000
vt 0.858824 0.439216 0.000000
vt 0.878431 0.431373 0.000000
vt 0.501961 0.035294 0.000000
vt 0.517647 0.039216 0.000000
vt 0.533333 0.047059 0.000000
vt 0.549020 0.054902 0.000000
vt 0.560784 0.070588 0.000000
vt 0.568627 0.086275 0.000000
vt 0.568627 0.105882 0.000000
vt 0.568627 0.125490 0.000000
vt 0.560784 0.141176 0.000000
vt 0.549020 0.156863 0.000000
vt 0.533333 0.168627 0.000000
vt 0.517647 0.172549 0.000000
vt 0.501961 0.176471 0.000000
vt 0.482353 0.172549 0.000000
vt 0.466667 0.168627 0.000000
vt 0.450980 0.156863 0.000000
vt 0.439216 0.141176 0.000000
vt 0.431373 0.125490 0.000000
vt 0.431373 0.105882 0.000000
vt 0.431373 0.086275 0.000000
vt 0.439216 0.070588 0.000000
vt 0.450980 0.054902 0.000000
vt 0.466667 0.047059 0.000000
vt 0.482353 0.039216 0.000000
vt 0.219608 0.152941 0.000000
vt 0.239216 0.152941 0.000000
vt 0.254902 0.160784 0.000000
vt 0.270588 0.172549 0.000000
vt 0.282353 0.188235 0.000000
vt 0.290196 0.203922 0.000000
vt 0.290196 0.223529 0.000000
vt 0.290196 0.239216 0.000000
vt 0.282353 0.254902 0.000000
vt 0.270588 0.270588 0.000000
vt 0.254902 0.282353 0.000000
vt 0.239216 0.290196 0.000000
vt 0.219608 0.290196 0.000000
vt 0.203922 0.290196 0.000000
vt 0.184314 0.282353 0.000000
vt 0.172549 0.270588 0.000000
vt 0.160784 0.254902 0.000000
vt 0.152941 0.239216 0.000000
vt 0.149020 0.223529 0.000000
vt 0.152941 0.203922 0.000000
vt 0.160784 0.188235 0.000000
vt 0.172549 0.172549 0.000000
vt 0.184314 0.160784 0.000000
vt 0.203922 0.152941 0.000000
vt 0.780392 0.152941 0.000000
vt 0.796079 0.152941 0.000000
vt 0.815686 0.160784 0.000000
vt 0.827451 0.172549 0.000000
vt 0.839216 0.188235 0.000000
vt 0.847059 0.203922 0.000000
vt 0.850980 0.223529 0.000000
vt 0.847059 0.239216 0.000000
vt 0.839216 0.254902 0.000000
vt 0.827451 0.270588 0.000000
vt 0.815686 0.282353 0.000000
vt 0.796079 0.290196 0.000000
vt 0.780392 0.290196 0.000000
vt 0.760784 0.290196 0.000000
vt 0.745098 0.282353 0.000000
vt 0.729412 0.270588 0.000000
vt 0.717647 0.254902 0.000000
vt 0.709804 0.239216 0.000000
vt 0.709804 0.223529 0.000000
vt 0.709804 0.203922 0.000000
vt 0.717647 0.188235 0.000000
vt 0.729412 0.172549 0.000000
vt 0.745098 0.160784 0.000000
vt 0.760784 0.152941 0.000000
vt 0.780392 0.709804 0.000000
vt 0.796079 0.709804 0.000000
vt 0.815686 0.717647 0.000000
vt 0.827451 0.729412 0.000000
vt 0.839216 0.745098 0.000000
vt 0.847059 0.760784 0.000000
vt 0.850980 0.776471 0.000000
vt 0.847059 0.796079 0.000000
vt 0.839216 0.811765 0.000000
vt 0.827451 0.827451 0.000000
vt 0.815686 0.839216 0.000000
vt 0.796079 0.847059 0.000000
vt 0.780392 0.847059 0.000000
vt 0.760784 0.847059 0.000000
vt 0.745098 0.839216 0.000000
vt 0.729412 0.827451 0.000000
vt 0.717647 0.811765 0.000000
vt 0.709804 0.796079 0.000000
vt 0.709804 0.776471 0.000000
vt 0.709804 0.760784 0.000000
vt 0.717647 0.745098 0.000000
vt 0.729412 0.729412 0.000000
vt 0.745098 0.717647 0.000000
vt 0.760784 0.709804 0.000000
vt 0.219608 0.709804 0.000000
vt 0.239216 0.709804 0.000000
vt 0.254902 0.717647 0.000000
vt 0.270588 0.729412 0.000000
vt 0.282353 0.745098 0.000000
vt 0.290196 0.760784 0.000000
vt 0.290196 0.776471 0.000000
vt 0.290196 0.796079 0.000000
vt 0.282353 0.811765 0.000000
vt 0.270588 0.827451 0.000000
vt 0.254902 0.839216 0.000000
vt 0.239216 0.847059 0.000000
vt 0.219608 0.847059 0.000000
vt 0.203922 0.847059 0.000000
vt 0.184314 0.839216 0.000000
vt 0.172549 0.827451 0.000000
vt 0.160784 0.811765 0.000000
vt 0.152941 0.796079 0.000000
vt 0.149020 0.776471 0.000000
vt 0.152941 0.760784 0.000000
vt 0.160784 0.745098 0.000000
vt 0.172549 0.729412 0.000000
vt 0.184314 0.717647 0.000000
vt 0.203922 0.709804 0.000000
vt 0.000000 0.000000 0.000000
vt 1.000000 0.000000 0.000000
vt 1.000000 0.047059 0.000000
vt 1.000000 0.094118 0.000000
vt 1.000000 0.141176 0.000000
vt 1.000000 0.192157 0.000000
vt 1.000000 0.239216 0.000000
vt 1.000000 0.286275 0.000000
vt 1.000000 0.333333 0.000000
vt 1.000000 0.380392 0.000000
vt 1.000000 0.427451 0.000000
vt 1.000000 0.474510 0.000000
vt 1.000000 0.525490 0.000000
vt 1.000000 0.572549 0.000000
vt 1.000000 0.619608 0.000000
vt 1.000000 0.666667 0.000000
vt 1.000000 0.713726 0.000000
vt 1.000000 0.760784 0.000000
vt 1.000000 0.807843 0.000000
vt 1.000000 0.858824 0.000000
vt 1.000000 0.905882 0.000000
vt 1.000000 0.952941 0.000000
vt 1.000000 1.000000 0.000000
vt 0.000000 1.000000 0.000000
vt 0.000000 0.952941 0.000000
vt 0.000000 0.905882 0.000000
vt 0.000000 0.858824 0.000000
vt 0.000000 0.807843 0.000000
vt 0.000000 0.760784 0.000000
vt 0.000000 0.713726 0.000000
vt 0.000000 0.666667 0.000000
vt 0.000000 0.619608 0.000000
vt 0.000000 0.572549 0.000000
vt 0.000000 0.525490 0.000000
vt 0.000000 0.474510 0.000000
vt 0.000000 0.427451 0.000000
vt 0.000000 0.380392 0.000000
vt 0.000000 0.333333 0.000000
vt 0.000000 0.286275 0.000000
vt 0.000000 0.239216 0.000000
vt 0.000000 0.192157 0.000000
vt 0.000000 0.141176 0.000000
vt 0.000000 0.094118 0.000000
vt 0.000000 0.047059 0.000000
vt 0.000000 1.000000 0.000000
vt 0.000000 0.952941 0.000000
vt 0.000000 0.905882 0.000000
vt 0.000000 0.858824 0.000000
vt 0.000000 0.807843 0.000000
vt 0.000000 0.760784 0.000000
vt 0.000000 0.713726 0.000000
vt 0.000000 0.666667 0.000000
vt 0.000000 0.619608 0.000000
vt 0.000000 0.572549 0.000000
vt 0.000000 0.525490 0.000000
vt 0.000000 0.474510 0.000000
vt 0.000000 0.427451 0.000000
vt 0.000000 0.380392 0.000000
vt 0.000000 0.333333 0.000000
vt 0.000000 0.286275 0.000000
vt 0.000000 0.239216 0.000000
vt 0.000000 0.192157 0.000000
vt 0.000000 0.141176 0.000000
vt 0.000000 0.094118 0.000000
vt 0.000000 0.047059 0.000000
vt 0.000000 0.000000 0.000000
vt 1.000000 0.000000 0.000000
vt 1.000000 0.047059 0.000000
vt 1.000000 0.094118 0.000000
vt 1.000000 0.141176 0.000000
vt 1.000000 0.192157 0.000000
vt 1.000000 0.239216 0.000000
vt 1.000000 0.286275 0.000000
vt 1.000000 0.333333 0.000000
vt 1.000000 0.380392 0.000000
vt 1.000000 0.427451 0.000000
vt 1.000000 0.474510 0.000000
vt 1.000000 0.525490 0.000000
vt 1.000000 0.572549 0.000000
vt 1.000000 0.619608 0.000000
vt 1.000000 0.666667 0.000000
vt 1.000000 0.713726 0.000000
vt 1.000000 0.760784 0.000000
vt 1.000000 0.807843 0.000000
vt 1.000000 0.858824 0.000000
vt 1.000000 0.905882 0.000000
vt 1.000000 0.952941 0.000000
vt 1.000000 1.000000 0.000000
vt 1.000000 1.000000 0.000000
vt 0.000000 1.000000 0.000000
vt 0.000000 0.952941 0.000000
vt 0.000000 0.905882 0.000000
vt 0.000000 0.858824 0.000000
vt 0.000000 0.807843 0.000000
vt 0.000000 0.760784 0.000000
vt 0.000000 0.713726 0.000000
vt 0.000000 0.666667 0.000000
vt 0.000000 0.619608 0.000000
vt 0.000000 0.572549 0.000000
vt 0.000000 0.525490 0.000000
vt 0.000000 0.474510 0.000000
vt 0.000000 0.427451 0.000000
vt 0.000000 0.380392 0.000000
vt 0.000000 0.333333 0.000000
vt 0.000000 0.286275 0.000000
vt 0.000000 0.239216 0.000000
vt 0.000000 0.192157 0.000000
vt 0.000000 0.141176 0.000000
vt 0.000000 0.094118 0.000000
vt 0.000000 0.047059 0.000000
vt 0.000000 0.000000 0.000000
vt 1.000000 0.000000 0.000000
vt 1.000000 0.047059 0.000000
vt 1.000000 0.094118 0.000000
vt 1.000000 0.141176 0.000000
vt 1.000000 0.192157 0.000000
vt 1.000000 0.239216 0.000000
vt 1.000000 0.286275 0.000000
vt 1.000000 0.333333 0.000000
vt 1.000000 0.380392 0.000000
vt 1.000000 0.427451 0.000000
vt 1.000000 0.474510 0.000000
vt 1.000000 0.525490 0.000000
vt 1.000000 0.572549 0.000000
vt 1.000000 0.619608 0.000000
vt 1.000000 0.666667 0.000000
vt 1.000000 0.713726 0.000000
vt 1.000000 0.760784 0.000000
vt 1.000000 0.807843 0.000000
vt 1.000000 0.858824 0.000000
vt 1.000000 0.905882 0.000000
vt 1.000000 0.952941 0.000000
vt 0.501961 1.000000 0.000000
vt 0.423529 0.996078 0.000000
vt 0.352941 0.976471 0.000000
vt 0.282353 0.949020 0.000000
vt 0.215686 0.913726 0.000000
vt 0.160784 0.866667 0.000000
vt 0.109804 0.811765 0.000000
vt 0.066667 0.749020 0.000000
vt 0.031373 0.682353 0.000000
vt 0.011765 0.611765 0.000000
vt 0.000000 0.537255 0.000000
vt 0.000000 0.462745 0.000000
vt 0.011765 0.388235 0.000000
vt 0.031373 0.317647 0.000000
vt 0.066667 0.250980 0.000000
vt 0.109804 0.188235 0.000000
vt 0.160784 0.133333 0.000000
vt 0.215686 0.086275 0.000000
vt 0.282353 0.050980 0.000000
vt 0.352941 0.023529 0.000000
vt 0.423529 0.003922 0.000000
vt 0.501961 0.000000 0.000000
vt 0.576471 0.003922 0.000000
vt 0.647059 0.023529 0.000000
vt 0.717647 0.050980 0.000000
vt 0.784314 0.086275 0.000000
vt 0.839216 0.133333 0.000000
vt 0.890196 0.188235 0.000000
vt 0.933333 0.250980 0.000000
vt 0.968628 0.317647 0.000000
vt 0.988235 0.388235 0.000000
vt 1.000000 0.462745 0.000000
vt 1.000000 0.537255 0.000000
vt 0.988235 0.611765 0.000000
vt 0.968628 0.682353 0.000000
vt 0.933333 0.749020 0.000000
vt 0.890196 0.811765 0.000000
vt 0.839216 0.866667 0.000000
vt 0.784314 0.913726 0.000000
vt 0.717647 0.949020 0.000000
vt 0.647059 0.976471 0.000000
vt 0.576471 0.996078 0.000000
vt 1.000000 1.000000 0.000000
vt 0.000000 1.000000 0.000000
vt 0.000000 0.952941 0.000000
vt 0.000000 0.905882 0.000000
vt 0.000000 0.858824 0.000000
vt 0.000000 0.807843 0.000000
vt 0.000000 0.760784 0.000000
vt 0.000000 0.713726 0.000000
vt 0.000000 0.666667 0.000000
vt 0.000000 0.619608 0.000000
vt 0.000000 0.572549 0.000000
vt 0.000000 0.525490 0.000000
vt 0.000000 0.474510 0.000000
vt 0.000000 0.427451 0.000000
vt 0.000000 0.380392 0.000000
vt 0.000000 0.333333 0.000000
vt 0.000000 0.286275 0.000000
vt 0.000000 0.239216 0.000000
vt 0.000000 0.192157 0.000000
vt 0.000000 0.141176 0.000000
vt 0.000000 0.094118 0.000000
vt 0.000000 0.047059 0.000000
vt 0.000000 0.000000 0.000000
vt 1.000000 0.000000 0.000000
vt 1.000000 0.047059 0.000000
vt 1.000000 0.094118 0.000000
vt 1.000000 0.141176 0.000000
vt 1.000000 0.192157 0.000000
vt 1.000000 0.239216 0.000000
vt 1.000000 0.286275 0.000000
vt 1.000000 0.333333 0.000000
vt 1.000000 0.380392 0.000000
vt 1.000000 0.427451 0.000000
vt 1.000000 0.474510 0.000000
vt 1.000000 0.525490 0.000000
vt 1.000000 0.572549 0.000000
vt 1.000000 0.619608 0.000000
vt 1.000000 0.666667 0.000000
vt 1.000000 0.713726 0.000000
vt 1.000000 0.760784 0.000000
vt 1.000000 0.807843 0.000000
vt 1.000000 0.858824 0.000000
vt 1.000000 0.905882 0.000000
vt 1.000000 0.952941 0.000000
vt 0.000000 0.000000 0.000000
vt 0.000000 0.082353 0.000000
vt 0.000000 0.168627 0.000000
vt 0.000000 0.250980 0.000000
vt 0.000000 0.333333 0.000000
vt 0.000000 0.415686 0.000000
vt 0.000000 0.501961 0.000000
vt 0.000000 0.584314 0.000000
vt 0.000000 0.666667 0.000000
vt 0.000000 0.749020 0.000000
vt 0.000000 0.835294 0.000000
vt 0.000000 0.917647 0.000000
vt 0.000000 1.000000 0.000000
vt 1.000000 1.000000 0.000000
vt 1.000000 0.917647 0.000000
vt 1.000000 0.835294 0.000000
vt 1.000000 0.749020 0.000000
vt 1.000000 0.666667 0.000000
vt 1.000000 0.584314 0.000000
vt 1.000000 0.501961 0.000000
vt 1.000000 0.415686 0.000000
vt 1.000000 0.333333 0.000000
vt 1.000000 0.250980 0.000000
vt 1.000000 0.168627 0.000000
vt 1.000000 0.082353 0.000000
vt 1.000000 0.000000 0.000000
vt 0.000000 1.000000 0.000000
vt 1.000000 1.000000 0.000000
vt 1.000000 0.917647 0.000000
vt 1.000000 0.835294 0.000000
vt 1.000000 0.749020 0.000000
vt 1.000000 0.666667 0.000000
vt 1.000000 0.584314 0.000000
vt 1.000000 0.501961 0.000000
vt 1.000000 0.415686 0.000000
vt 1.000000 0.333333 0.000000
vt 1.000000 0.250980 0.000000
vt 1.000000 0.168627 0.000000
vt 1.000000 0.082353 0.000000
vt 1.000000 0.000000 0.000000
vt 0.000000 0.000000 0.000000
vt 0.000000 0.082353 0.000000
vt 0.000000 0.168627 0.000000
vt 0.000000 0.250980 0.000000
vt 0.000000 0.333333 0.000000
vt 0.000000 0.415686 0.000000
vt 0.000000 0.501961 0.000000
vt 0.000000 0.584314 0.000000
vt 0.000000 0.666667 0.000000
vt 0.000000 0.749020 0.000000
vt 0.000000 0.835294 0.000000
vt 0.000000 0.917647 0.000000
vt 0.000000 1.000000 0.000000
vt 1.000000 1.000000 0.000000
vt 1.000000 0.917647 0.000000
vt 1.000000 0.835294 0.000000
vt 1.000000 0.749020 0.000000
vt 1.000000 0.666667 0.000000
vt 1.000000 0.584314 0.000000
vt 1.000000 0.501961 0.000000
vt 1.000000 0.415686 0.000000
vt 1.000000 0.333333 0.000000
vt 1.000000 0.250980 0.000000
vt 1.000000 0.168627 0.000000
vt 1.000000 0.082353 0.000000
vt 1.000000 0.000000 0.000000
vt 0.000000 0.000000 0.000000
vt 0.000000 0.082353 0.000000
vt 0.000000 0.168627 0.000000
vt 0.000000 0.250980 0.000000
vt 0.000000 0.333333 0.000000
vt 0.000000 0.415686 0.000000
vt 0.000000 0.501961 0.000000
vt 0.000000 0.584314 0.000000
vt 0.000000 0.666667 0.000000
vt 0.000000 0.749020 0.000000
vt 0.000000 0.835294 0.000000
vt 0.000000 0.917647 0.000000
vt 0.000000 1.000000 0.000000
vt 1.000000 1.000000 0.000000
vt 1.000000 0.917647 0.000000
vt 1.000000 0.835294 0.000000
vt 1.000000 0.749020 0.000000
vt 1.000000 0.666667 0.000000
vt 1.000000 0.584314 0.000000
vt 1.000000 0.501961 0.000000
vt 1.000000 0.415686 0.000000
vt 1.000000 0.333333 0.000000
vt 1.000000 0.250980 0.000000
vt 1.000000 0.168627 0.000000
vt 1.000000 0.082353 0.000000
vt 1.000000 0.000000 0.000000
vt 0.000000 0.000000 0.000000
vt 0.000000 0.082353 0.000000
vt 0.000000 0.168627 0.000000
vt 0.000000 0.250980 0.000000
vt 0.000000 0.333333 0.000000
vt 0.000000 0.415686 0.000000
vt 0.000000 0.501961 0.000000
vt 0.000000 0.584314 0.000000
vt 0.000000 0.666667 0.000000
vt 0.000000 0.749020 0.000000
vt 0.000000 0.835294 0.000000
vt 0.000000 0.917647 0.000000
vt 0.000000 1.000000 0.000000
vt 1.000000 1.000000 0.000000
vt 1.000000 0.917647 0.000000
vt 1.000000 0.835294 0.000000
vt 1.000000 0.749020 0.000000
vt 1.000000 0.666667 0.000000
vt 1.000000 0.584314 0.000000
vt 1.000000 0.501961 0.000000
vt 1.000000 0.415686 0.000000
vt 1.000000 0.333333 0.000000
vt 1.000000 0.250980 0.000000
vt 1.000000 0.168627 0.000000
vt 1.000000 0.082353 0.000000
vt 1.000000 0.000000 0.000000
vt 0.000000 0.000000 0.000000
vt 0.000000 0.082353 0.000000
vt 0.000000 0.168627 0.000000
vt 0.000000 0.250980 0.000000
vt 0.000000 0.333333 0.000000
vt 0.000000 0.415686 0.000000
vt 0.000000 0.501961 0.000000
vt 0.000000 0.584314 0.000000
vt 0.000000 0.666667 0.000000
vt 0.000000 0.749020 0.000000
vt 0.000000 0.835294 0.000000
vt 0.000000 0.917647 0.000000
vt 0.000000 1.000000 0.000000
vt 1.000000 1.000000 0.000000
vt 1.000000 0.917647 0.000000
vt 1.000000 0.835294 0.000000
vt 1.000000 0.749020 0.000000
vt 1.000000 0.666667 0.000000
vt 1.000000 0.584314 0.000000
vt 1.000000 0.501961 0.000000
vt 1.000000 0.415686 0.000000
vt 1.000000 0.333333 0.000000
vt 1.000000 0.250980 0.000000
vt 1.000000 0.168627 0.000000
vt 1.000000 0.082353 0.000000
vt 1.000000 0.000000 0.000000
vt 0.000000 0.882353 0.000000
vt 0.000000 0.764706 0.000000
vt 0.000000 0.647059 0.000000
vt 0.000000 0.501961 0.000000
vt 0.000000 0.411765 0.000000
vt 0.000000 0.294118 0.000000
vt 0.000000 0.176471 0.000000
vt 0.000000 1.000000 0.000000
vt 1.000000 1.000000 0.000000
vt 1.000000 0.917647 0.000000
vt 1.000000 0.835294 0.000000
vt 1.000000 0.749020 0.000000
vt 1.000000 0.666667 0.000000
vt 1.000000 0.584314 0.000000
vt 1.000000 0.501961 0.000000
vt 1.000000 0.415686 0.000000
vt 1.000000 0.333333 0.000000
vt 1.000000 0.250980 0.000000
vt 1.000000 0.168627 0.000000
vt 1.000000 0.082353 0.000000
vt 1.000000 0.000000 0.000000
vt 0.000000 0.941177 0.000000
vt 0.000000 0.823529 0.000000
vt 0.000000 0.705882 0.000000
vt 0.000000 0.501961 0.000000
vt 0.000000 0.588235 0.000000
vt 0.000000 0.470588 0.000000
vt 0.000000 0.352941 0.000000
vt 0.000000 0.235294 0.000000
vt 0.000000 0.000000 0.000000
vt 0.000000 0.082353 0.000000
vt 0.000000 0.168627 0.000000
vt 0.000000 0.250980 0.000000
vt 0.000000 0.333333 0.000000
vt 0.000000 0.415686 0.000000
vt 0.000000 0.501961 0.000000
vt 0.000000 0.584314 0.000000
vt 0.000000 0.666667 0.000000
vt 0.000000 0.749020 0.000000
vt 0.000000 0.835294 0.000000
vt 0.000000 0.917647 0.000000
vt 0.000000 1.000000 0.000000
vt 1.000000 1.000000 0.000000
vt 1.000000 0.917647 0.000000
vt 1.000000 0.835294 0.000000
vt 1.000000 0.749020 0.000000
vt 1.000000 0.666667 0.000000
vt 1.000000 0.584314 0.000000
vt 1.000000 0.501961 0.000000
vt 1.000000 0.415686 0.000000
vt 1.000000 0.333333 0.000000
vt 1.000000 0.250980 0.000000
vt 1.000000 0.168627 0.000000
vt 1.000000 0.082353 0.000000
vt 1.000000 0.000000 0.000000
vt 0.000000 0.000000 0.000000
vt 0.000000 0.082353 0.000000
vt 0.000000 0.168627 0.000000
vt 0.000000 0.250980 0.000000
vt 0.000000 0.333333 0.000000
vt 0.000000 0.415686 0.000000
vt 0.000000 0.501961 0.000000
vt 0.000000 0.584314 0.000000
vt 0.000000 0.666667 0.000000
vt 0.000000 0.749020 0.000000
vt 0.000000 0.835294 0.000000
vt 0.000000 0.917647 0.000000
vt 0.000000 1.000000 0.000000
vt 1.000000 1.000000 0.000000
vt 1.000000 0.917647 0.000000
vt 1.000000 0.835294 0.000000
vt 1.000000 0.749020 0.000000
vt 1.000000 0.666667 0.000000
vt 1.000000 0.584314 0.000000
vt 1.000000 0.501961 0.000000
vt 1.000000 0.415686 0.000000
vt 1.000000 0.333333 0.000000
vt 1.000000 0.250980 0.000000
vt 1.000000 0.168627 0.000000
vt 1.000000 0.082353 0.000000
vt 1.000000 0.000000 0.000000
vt 0.000000 0.000000 0.000000
vt 0.000000 0.082353 0.000000
vt 0.000000 0.168627 0.000000
vt 0.000000 0.250980 0.000000
vt 0.000000 0.333333 0.000000
vt 0.000000 0.415686 0.000000
vt 0.000000 0.501961 0.000000
vt 0.000000 0.584314 0.000000
vt 0.000000 0.666667 0.000000
vt 0.000000 0.749020 0.000000
vt 0.000000 0.835294 0.000000
vt 0.000000 0.917647 0.000000
vt 0.000000 1.000000 0.000000
vt 1.000000 1.000000 0.000000
vt 1.000000 0.917647 0.000000
vt 1.000000 0.835294 0.000000
vt 1.000000 0.749020 0.000000
vt 1.000000 0.666667 0.000000
vt 1.000000 0.584314 0.000000
vt 1.000000 0.501961 0.000000
vt 1.000000 0.415686 0.000000
vt 1.000000 0.333333 0.000000
vt 1.000000 0.250980 0.000000
vt 1.000000 0.168627 0.000000
vt 1.000000 0.082353 0.000000
vt 1.000000 0.000000 0.000000
vt 0.000000 0.000000 0.000000
vt 0.000000 0.082353 0.000000
vt 0.000000 0.168627 0.000000
vt 0.000000 0.250980 0.000000
vt 0.000000 0.333333 0.000000
vt 0.000000 0.415686 0.000000
vt 0.000000 0.501961 0.000000
vt 0.000000 0.584314 0.000000
vt 0.000000 0.666667 0.000000
vt 0.000000 0.749020 0.000000
vt 0.000000 0.835294 0.000000
vt 0.000000 0.917647 0.000000
vt 0.000000 1.000000 0.000000
vt 1.000000 1.000000 0.000000
vt 1.000000 0.917647 0.000000
vt 1.000000 0.835294 0.000000
vt 1.000000 0.749020 0.000000
vt 1.000000 0.666667 0.000000
vt 1.000000 0.584314 0.000000
vt 1.000000 0.501961 0.000000
vt 1.000000 0.415686 0.000000
vt 1.000000 0.333333 0.000000
vt 1.000000 0.250980 0.000000
vt 1.000000 0.168627 0.000000
vt 1.000000 0.082353 0.000000
vt 1.000000 0.000000 0.000000
vt 0.000000 1.000000 0.000000
vt 1.000000 1.000000 0.000000
vt 1.000000 0.917647 0.000000
vt 1.000000 0.835294 0.000000
vt 1.000000 0.749020 0.000000
vt 1.000000 0.666667 0.000000
vt 1.000000 0.584314 0.000000
vt 1.000000 0.501961 0.000000
vt 1.000000 0.415686 0.000000
vt 1.000000 0.333333 0.000000
vt 1.000000 0.250980 0.000000
vt 1.000000 0.168627 0.000000
vt 1.000000 0.082353 0.000000
vt 1.000000 0.000000 0.000000
vt 0.000000 0.000000 0.000000
vt 0.000000 0.082353 0.000000
vt 0.000000 0.168627 0.000000
vt 0.000000 0.250980 0.000000
vt 0.000000 0.333333 0.000000
vt 0.000000 0.415686 0.000000
vt 0.000000 0.501961 0.000000
vt 0.000000 0.584314 0.000000
vt 0.000000 0.666667 0.000000
vt 0.000000 0.749020 0.000000
vt 0.000000 0.835294 0.000000
vt 0.000000 0.917647 0.000000
vt 0.000000 1.000000 0.000000
vt 1.000000 1.000000 0.000000
vt 1.000000 0.917647 0.000000
vt 1.000000 0.835294 0.000000
vt 1.000000 0.749020 0.000000
vt 1.000000 0.666667 0.000000
vt 1.000000 0.584314 0.000000
vt 1.000000 0.501961 0.000000
vt 1.000000 0.415686 0.000000
vt 1.000000 0.333333 0.000000
vt 1.000000 0.250980 0.000000
vt 1.000000 0.168627 0.000000
vt 1.000000 0.082353 0.000000
vt 1.000000 0.000000 0.000000
vt 0.000000 0.000000 0.000000
vt 0.000000 0.082353 0.000000
vt 0.000000 0.168627 0.000000
vt 0.000000 0.250980 0.000000
vt 0.000000 0.333333 0.000000
vt 0.000000 0.415686 0.000000
vt 0.000000 0.501961 0.000000
vt 0.000000 0.584314 0.000000
vt 0.000000 0.666667 0.000000
vt 0.000000 0.749020 0.000000
vt 0.000000 0.835294 0.000000
vt 0.000000 0.917647 0.000000
vt 0.000000 1.000000 0.000000
vt 1.000000 1.000000 0.000000
vt 1.000000 0.917647 0.000000
vt 1.000000 0.835294 0.000000
vt 1.000000 0.749020 0.000000
vt 1.000000 0.666667 0.000000
vt 1.000000 0.584314 0.000000
vt 1.000000 0.501961 0.000000
vt 1.000000 0.415686 0.000000
vt 1.000000 0.333333 0.000000
vt 1.000000 0.250980 0.000000
vt 1.000000 0.168627 0.000000
vt 1.000000 0.082353 0.000000
vt 1.000000 0.000000 0.000000
vt 0.000000 0.882353 0.000000
vt 0.000000 0.764706 0.000000
vt 0.000000 0.647059 0.000000
vt 0.000000 0.501961 0.000000
vt 0.000000 0.411765 0.000000
vt 0.000000 0.294118 0.000000
vt 0.000000 0.176471 0.000000
vt 0.000000 1.000000 0.000000
vt 1.000000 1.000000 0.000000
vt 1.000000 0.917647 0.000000
vt 1.000000 0.835294 0.000000
vt 1.000000 0.749020 0.000000
vt 1.000000 0.666667 0.000000
vt 1.000000 0.584314 0.000000
vt 1.000000 0.501961 0.000000
vt 1.000000 0.415686 0.000000
vt 1.000000 0.333333 0.000000
vt 1.000000 0.250980 0.000000
vt 1.000000 0.168627 0.000000
vt 1.000000 0.082353 0.000000
vt 1.000000 0.000000 0.000000
vt 0.000000 0.941177 0.000000
vt 0.000000 0.823529 0.000000
vt 0.000000 0.705882 0.000000
vt 0.000000 0.501961 0.000000
vt 0.000000 0.588235 0.000000
vt 0.000000 0.470588 0.000000
vt 0.000000 0.352941 0.000000
vt 0.000000 0.235294 0.000000
vt 0.000000 0.000000 0.000000
vt 0.000000 0.082353 0.000000
vt 0.000000 0.168627 0.000000
vt 0.000000 0.250980 0.000000
vt 0.000000 0.333333 0.000000
vt 0.000000 0.415686 0.000000
vt 0.000000 0.501961 0.000000
vt 0.000000 0.584314 0.000000
vt 0.000000 0.666667 0.000000
vt 0.000000 0.749020 0.000000
vt 0.000000 0.835294 0.000000
vt 0.000000 0.917647 0.000000
vt 0.000000 1.000000 0.000000
vt 1.000000 1.000000 0.000000
vt 1.000000 0.917647 0.000000
vt 1.000000 0.835294 0.000000
vt 1.000000 0.749020 0.000000
vt 1.000000 0.666667 0.000000
vt 1.000000 0.584314 0.000000
vt 1.000000 0.501961 0.000000
vt 1.000000 0.415686 0.000000
vt 1.000000 0.333333 0.000000
vt 1.000000 0.250980 0.000000
vt 1.000000 0.168627 0.000000
vt 1.000000 0.082353 0.000000
vt 1.000000 0.000000 0.000000
vt 0.000000 0.000000 0.000000
vt 0.000000 0.082353 0.000000
vt 0.000000 0.168627 0.000000
vt 0.000000 0.250980 0.000000
vt 0.000000 0.333333 0.000000
vt 0.000000 0.415686 0.000000
vt 0.000000 0.501961 0.000000
vt 0.000000 0.584314 0.000000
vt 0.000000 0.666667 0.000000
vt 0.000000 0.749020 0.000000
vt 0.000000 0.835294 0.000000
vt 0.000000 0.917647 0.000000
vt 0.000000 1.000000 0.000000
vt 1.000000 1.000000 0.000000
vt 1.000000 0.917647 0.000000
vt 1.000000 0.835294 0.000000
vt 1.000000 0.749020 0.000000
vt 1.000000 0.666667 0.000000
vt 1.000000 0.584314 0.000000
vt 1.000000 0.501961 0.000000
vt 1.000000 0.415686 0.000000
vt 1.000000 0.333333 0.000000
vt 1.000000 0.250980 0.000000
vt 1.000000 0.168627 0.000000
vt 1.000000 0.082353 0.000000
vt 1.000000 0.000000 0.000000
vt 0.000000 1.000000 0.000000
vt 1.000000 1.000000 0.000000
vt 1.000000 0.917647 0.000000
vt 1.000000 0.835294 0.000000
vt 1.000000 0.749020 0.000000
vt 1.000000 0.666667 0.000000
vt 1.000000 0.584314 0.000000
vt 1.000000 0.501961 0.000000
vt 1.000000 0.415686 0.000000
vt 1.000000 0.333333 0.000000
vt 1.000000 0.250980 0.000000
vt 1.000000 0.168627 0.000000
vt 1.000000 0.082353 0.000000
vt 1.000000 0.000000 0.000000
vt 0.000000 0.000000 0.000000
vt 0.000000 0.082353 0.000000
vt 0.000000 0.168627 0.000000
vt 0.000000 0.250980 0.000000
vt 0.000000 0.333333 0.000000
vt 0.000000 0.415686 0.000000
vt 0.000000 0.501961 0.000000
vt 0.000000 0.584314 0.000000
vt 0.000000 0.666667 0.000000
vt 0.000000 0.749020 0.000000
vt 0.000000 0.835294 0.000000
vt 0.000000 0.917647 0.000000
vt 0.000000 1.000000 0.000000
vt 1.000000 1.000000 0.000000
vt 1.000000 0.917647 0.000000
vt 1.000000 0.835294 0.000000
vt 1.000000 0.749020 0.000000
vt 1.000000 0.666667 0.000000
vt 1.000000 0.584314 0.000000
vt 1.000000 0.501961 0.000000
vt 1.000000 0.415686 0.000000
vt 1.000000 0.333333 0.000000
vt 1.000000 0.250980 0.000000
vt 1.000000 0.168627 0.000000
vt 1.000000 0.082353 0.000000
vt 1.000000 0.000000 0.000000
vt 0.000000 0.000000 0.000000
vt 0.000000 0.082353 0.000000
vt 0.000000 0.168627 0.000000
vt 0.000000 0.250980 0.000000
vt 0.000000 0.333333 0.000000
vt 0.000000 0.415686 0.000000
vt 0.000000 0.501961 0.000000
vt 0.000000 0.584314 0.000000
vt 0.000000 0.666667 0.000000
vt 0.000000 0.749020 0.000000
vt 0.000000 0.835294 0.000000
vt 0.000000 0.917647 0.000000
vt 0.000000 1.000000 0.000000
vt 1.000000 1.000000 0.000000
vt 1.000000 0.917647 0.000000
vt 1.000000 0.835294 0.000000
vt 1.000000 0.749020 0.000000
vt 1.000000 0.666667 0.000000
vt 1.000000 0.584314 0.000000
vt 1.000000 0.501961 0.000000
vt 1.000000 0.415686 0.000000
vt 1.000000 0.333333 0.000000
vt 1.000000 0.250980 0.000000
vt 1.000000 0.168627 0.000000
vt 1.000000 0.082353 0.000000
vt 1.000000 0.000000 0.000000
vt 0.000000 0.882353 0.000000
vt 0.000000 0.764706 0.000000
vt 0.000000 0.647059 0.000000
vt 0.000000 0.501961 0.000000
vt 0.000000 0.411765 0.000000
vt 0.000000 0.294118 0.000000
vt 0.000000 0.176471 0.000000
vt 0.000000 1.000000 0.000000
vt 1.000000 1.000000 0.000000
vt 1.000000 0.917647 0.000000
vt 1.000000 0.835294 0.000000
vt 1.000000 0.749020 0.000000
vt 1.000000 0.666667 0.000000
vt 1.000000 0.584314 0.000000
vt 1.000000 0.501961 0.000000
vt 1.000000 0.415686 0.000000
vt 1.000000 0.333333 0.000000
vt 1.000000 0.250980 0.000000
vt 1.000000 0.168627 0.000000
vt 1.000000 0.082353 0.000000
vt 1.000000 0.000000 0.000000
vt 0.000000 0.941177 0.000000
vt 0.000000 0.823529 0.000000
vt 0.000000 0.705882 0.000000
vt 0.000000 0.501961 0.000000
vt 0.000000 0.588235 0.000000
vt 0.000000 0.470588 0.000000
vt 0.000000 0.352941 0.000000
vt 0.000000 0.235294 0.000000
vt 0.000000 0.000000 0.000000
vt 0.000000 0.082353 0.000000
vt 0.000000 0.168627 0.000000
vt 0.000000 0.250980 0.000000
vt 0.000000 0.333333 0.000000
vt 0.000000 0.415686 0.000000
vt 0.000000 0.501961 0.000000
vt 0.000000 0.584314 0.000000
vt 0.000000 0.666667 0.000000
vt 0.000000 0.749020 0.000000
vt 0.000000 0.835294 0.000000
vt 0.000000 0.917647 0.000000
vt 0.000000 1.000000 0.000000
vt 1.000000 1.000000 0.000000
vt 1.000000 0.917647 0.000000
vt 1.000000 0.835294 0.000000
vt 1.000000 0.749020 0.000000
vt 1.000000 0.666667 0.000000
vt 1.000000 0.584314 0.000000
vt 1.000000 0.501961 0.000000
vt 1.000000 0.415686 0.000000
vt 1.000000 0.333333 0.000000
vt 1.000000 0.250980 0.000000
vt 1.000000 0.168627 0.000000
vt 1.000000 0.082353 0.000000
vt 1.000000 0.000000 0.000000
vt 0.000000 0.000000 0.000000
vt 0.000000 0.082353 0.000000
vt 0.000000 0.168627 0.000000
vt 0.000000 0.250980 0.000000
vt 0.000000 0.333333 0.000000
vt 0.000000 0.415686 0.000000
vt 0.000000 0.501961 0.000000
vt 0.000000 0.584314 0.000000
vt 0.000000 0.666667 0.000000
vt 0.000000 0.749020 0.000000
vt 0.000000 0.835294 0.000000
vt 0.000000 0.917647 0.000000
vt 0.000000 1.000000 0.000000
vt 1.000000 1.000000 0.000000
vt 1.000000 0.917647 0.000000
vt 1.000000 0.835294 0.000000
vt 1.000000 0.749020 0.000000
vt 1.000000 0.666667 0.000000
vt 1.000000 0.584314 0.000000
vt 1.000000 0.501961 0.000000
vt 1.000000 0.415686 0.000000
vt 1.000000 0.333333 0.000000
vt 1.000000 0.250980 0.000000
vt 1.000000 0.168627 0.000000
vt 1.000000 0.082353 0.000000
vt 1.000000 0.000000 0.000000
vt 0.000000 1.000000 0.000000
vt 1.000000 1.000000 0.000000
vt 1.000000 0.917647 0.000000
vt 1.000000 0.835294 0.000000
vt 1.000000 0.749020 0.000000
vt 1.000000 0.666667 0.000000
vt 1.000000 0.584314 0.000000
vt 1.000000 0.501961 0.000000
vt 1.000000 0.415686 0.000000
vt 1.000000 0.333333 0.000000
vt 1.000000 0.250980 0.000000
vt 1.000000 0.168627 0.000000
vt 1.000000 0.082353 0.000000
vt 1.000000 0.000000 0.000000
vt 0.000000 0.000000 0.000000
vt 0.000000 0.082353 0.000000
vt 0.000000 0.168627 0.000000
vt 0.000000 0.250980 0.000000
vt 0.000000 0.333333 0.000000
vt 0.000000 0.415686 0.000000
vt 0.000000 0.501961 0.000000
vt 0.000000 0.584314 0.000000
vt 0.000000 0.666667 0.000000
vt 0.000000 0.749020 0.000000
vt 0.000000 0.835294 0.000000
vt 0.000000 0.917647 0.000000
vt 0.000000 1.000000 0.000000
vt 1.000000 1.000000 0.000000
vt 1.000000 0.917647 0.000000
vt 1.000000 0.835294 0.000000
vt 1.000000 0.749020 0.000000
vt 1.000000 0.666667 0.000000
vt 1.000000 0.584314 0.000000
vt 1.000000 0.501961 0.000000
vt 1.000000 0.415686 0.000000
vt 1.000000 0.333333 0.000000
vt 1.000000 0.250980 0.000000
vt 1.000000 0.168627 0.000000
vt 1.000000 0.082353 0.000000
vt 1.000000 0.000000 0.000000
vt 0.000000 0.000000 0.000000
vt 0.000000 0.082353 0.000000
vt 0.000000 0.168627 0.000000
vt 0.000000 0.250980 0.000000
vt 0.000000 0.333333 0.000000
vt 0.000000 0.415686 0.000000
vt 0.000000 0.501961 0.000000
vt 0.000000 0.584314 0.000000
vt 0.000000 0.666667 0.000000
vt 0.000000 0.749020 0.000000
vt 0.000000 0.835294 0.000000
vt 0.000000 0.917647 0.000000
vt 0.000000 1.000000 0.000000
vt 1.000000 1.000000 0.000000
vt 1.000000 0.917647 0.000000
vt 1.000000 0.835294 0.000000
vt 1.000000 0.749020 0.000000
vt 1.000000 0.666667 0.000000
vt 1.000000 0.584314 0.000000
vt 1.000000 0.501961 0.000000
vt 1.000000 0.415686 0.000000
vt 1.000000 0.333333 0.000000
vt 1.000000 0.250980 0.000000
vt 1.000000 0.168627 0.000000
vt 1.000000 0.082353 0.000000
vt 1.000000 0.000000 0.000000
vt 0.000000 0.882353 0.000000
vt 0.000000 0.764706 0.000000
vt 0.000000 0.647059 0.000000
vt 0.000000 0.501961 0.000000
vt 0.000000 0.411765 0.000000
vt 0.000000 0.294118 0.000000
vt 0.000000 0.176471 0.000000
vt 0.000000 1.000000 0.000000
vt 1.000000 1.000000 0.000000
vt 1.000000 0.917647 0.000000
vt 1.000000 0.835294 0.000000
vt 1.000000 0.749020 0.000000
vt 1.000000 0.666667 0.000000
vt 1.000000 0.584314 0.000000
vt 1.000000 0.501961 0.000000
vt 1.000000 0.415686 0.000000
vt 1.000000 0.333333 0.000000
vt 1.000000 0.250980 0.000000
vt 1.000000 0.168627 0.000000
vt 1.000000 0.082353 0.000000
vt 1.000000 0.000000 0.000000
vt 0.000000 0.941177 0.000000
vt 0.000000 0.823529 0.000000
vt 0.000000 0.705882 0.000000
vt 0.000000 0.501961 0.000000
vt 0.000000 0.588235 0.000000
vt 0.000000 0.470588 0.000000
vt 0.000000 0.352941 0.000000
vt 0.000000 0.235294 0.000000
vt 0.000000 0.000000 0.000000
vt 0.000000 0.082353 0.000000
vt 0.000000 0.168627 0.000000
vt 0.000000 0.250980 0.000000
vt 0.000000 0.333333 0.000000
vt 0.000000 0.415686 0.000000
vt 0.000000 0.501961 0.000000
vt 0.000000 0.584314 0.000000
vt 0.000000 0.666667 0.000000
vt 0.000000 0.749020 0.000000
vt 0.000000 0.835294 0.000000
vt 0.000000 0.917647 0.000000
vt 0.000000 1.000000 0.000000
vt 1.000000 1.000000 0.000000
vt 1.000000 0.917647 0.000000
vt 1.000000 0.835294 0.000000
vt 1.000000 0.749020 0.000000
vt 1.000000 0.666667 0.000000
vt 1.000000 0.584314 0.000000
vt 1.000000 0.501961 0.000000
vt 1.000000 0.415686 0.000000
vt 1.000000 0.333333 0.000000
vt 1.000000 0.250980 0.000000
vt 1.000000 0.168627 0.000000
vt 1.000000 0.082353 0.000000
vt 1.000000 0.000000 0.000000
vt 0.000000 0.000000 0.000000
vt 0.000000 0.082353 0.000000
vt 0.000000 0.168627 0.000000
vt 0.000000 0.250980 0.000000
vt 0.000000 0.333333 0.000000
vt 0.000000 0.415686 0.000000
vt 0.000000 0.501961 0.000000
vt 0.000000 0.584314 0.000000
vt 0.000000 0.666667 0.000000
vt 0.000000 0.749020 0.000000
vt 0.000000 0.835294 0.000000
vt 0.000000 0.917647 0.000000
vt 0.000000 1.000000 0.000000
vt 1.000000 1.000000 0.000000
vt 1.000000 0.917647 0.000000
vt 1.000000 0.835294 0.000000
vt 1.000000 0.749020 0.000000
vt 1.000000 0.666667 0.000000
vt 1.000000 0.584314 0.000000
vt 1.000000 0.501961 0.000000
vt 1.000000 0.415686 0.000000
vt 1.000000 0.333333 0.000000
vt 1.000000 0.250980 0.000000
vt 1.000000 0.168627 0.000000
vt 1.000000 0.082353 0.000000
vt 1.000000 0.000000 0.000000
vt 0.000000 1.000000 0.000000
vt 1.000000 1.000000 0.000000
vt 1.000000 0.917647 0.000000
vt 1.000000 0.835294 0.000000
vt 1.000000 0.749020 0.000000
vt 1.000000 0.666667 0.000000
vt 1.000000 0.584314 0.000000
vt 1.000000 0.501961 0.000000
vt 1.000000 0.415686 0.000000
vt 1.000000 0.333333 0.000000
vt 1.000000 0.250980 0.000000
vt 1.000000 0.168627 0.000000
vt 1.000000 0.082353 0.000000
vt 1.000000 0.000000 0.000000
vt 0.000000 0.000000 0.000000
vt 0.000000 0.082353 0.000000
vt 0.000000 0.168627 0.000000
vt 0.000000 0.250980 0.000000
vt 0.000000 0.333333 0.000000
vt 0.000000 0.415686 0.000000
vt 0.000000 0.501961 0.000000
vt 0.000000 0.584314 0.000000
vt 0.000000 0.666667 0.000000
vt 0.000000 0.749020 0.000000
vt 0.000000 0.835294 0.000000
vt 0.000000 0.917647 0.000000
vt 0.000000 1.000000 0.000000
vt 1.000000 1.000000 0.000000
vt 1.000000 0.917647 0.000000
vt 1.000000 0.835294 0.000000
vt 1.000000 0.749020 0.000000
vt 1.000000 0.666667 0.000000
vt 1.000000 0.584314 0.000000
vt 1.000000 0.501961 0.000000
vt 1.000000 0.415686 0.000000
vt 1.000000 0.333333 0.000000
vt 1.000000 0.250980 0.000000
vt 1.000000 0.168627 0.000000
vt 1.000000 0.082353 0.000000
vt 1.000000 0.000000 0.000000
vt 0.000000 0.000000 0.000000
vt 0.000000 0.082353 0.000000
vt 0.000000 0.168627 0.000000
vt 0.000000 0.250980 0.000000
vt 0.000000 0.333333 0.000000
vt 0.000000 0.415686 0.000000
vt 0.000000 0.501961 0.000000
vt 0.000000 0.584314 0.000000
vt 0.000000 0.666667 0.000000
vt 0.000000 0.749020 0.000000
vt 0.000000 0.835294 0.000000
vt 0.000000 0.917647 0.000000
vt 0.000000 1.000000 0.000000
vt 1.000000 1.000000 0.000000
vt 1.000000 0.917647 0.000000
vt 1.000000 0.835294 0.000000
vt 1.000000 0.749020 0.000000
vt 1.000000 0.666667 0.000000
vt 1.000000 0.584314 0.000000
vt 1.000000 0.501961 0.000000
vt 1.000000 0.415686 0.000000
vt 1.000000 0.333333 0.000000
vt 1.000000 0.250980 0.000000
vt 1.000000 0.168627 0.000000
vt 1.000000 0.082353 0.000000
vt 1.000000 0.000000 0.000000
vt 0.000000 0.882353 0.000000
vt 0.000000 0.764706 0.000000
vt 0.000000 0.647059 0.000000
vt 0.000000 0.501961 0.000000
vt 0.000000 0.411765 0.000000
vt 0.000000 0.294118 0.000000
vt 0.000000 0.176471 0.000000
vt 0.000000 1.000000 0.000000
vt 1.000000 1.000000 0.000000
vt 1.000000 0.917647 0.000000
vt 1.000000 0.835294 0.000000
vt 1.000000 0.749020 0.000000
vt 1.000000 0.666667 0.000000
vt 1.000000 0.584314 0.000000
vt 1.000000 0.501961 0.000000
vt 1.000000 0.415686 0.000000
vt 1.000000 0.333333 0.000000
vt 1.000000 0.250980 0.000000
vt 1.000000 0.168627 0.000000
vt 1.000000 0.082353 0.000000
vt 1.000000 0.000000 0.000000
vt 0.000000 0.941177 0.000000
vt 0.000000 0.823529 0.000000
vt 0.000000 0.705882 0.000000
vt 0.000000 0.501961 0.000000
vt 0.000000 0.588235 0.000000
vt 0.000000 0.470588 0.000000
vt 0.000000 0.352941 0.000000
vt 0.000000 0.235294 0.000000
vt 0.000000 0.000000 0.000000
vt 0.000000 0.082353 0.000000
vt 0.000000 0.168627 0.000000
vt 0.000000 0.250980 0.000000
vt 0.000000 0.333333 0.000000
vt 0.000000 0.415686 0.000000
vt 0.000000 0.501961 0.000000
vt 0.000000 0.584314 0.000000
vt 0.000000 0.666667 0.000000
vt 0.000000 0.749020 0.000000
vt 0.000000 0.835294 0.000000
vt 0.000000 0.917647 0.000000
vt 0.000000 1.000000 0.000000
vt 1.000000 1.000000 0.000000
vt 1.000000 0.917647 0.000000
vt 1.000000 0.835294 0.000000
vt 1.000000 0.749020 0.000000
vt 1.000000 0.666667 0.000000
vt 1.000000 0.584314 0.000000
vt 1.000000 0.501961 0.000000
vt 1.000000 0.415686 0.000000
vt 1.000000 0.333333 0.000000
vt 1.000000 0.250980 0.000000
vt 1.000000 0.168627 0.000000
vt 1.000000 0.082353 0.000000
vt 1.000000 0.000000 0.000000
vt 0.000000 0.000000 0.000000
vt 0.000000 0.082353 0.000000
vt 0.000000 0.168627 0.000000
vt 0.000000 0.250980 0.000000
vt 0.000000 0.333333 0.000000
vt 0.000000 0.415686 0.000000
vt 0.000000 0.501961 0.000000
vt 0.000000 0.584314 0.000000
vt 0.000000 0.666667 0.000000
vt 0.000000 0.749020 0.000000
vt 0.000000 0.835294 0.000000
vt 0.000000 0.917647 0.000000
vt 0.000000 1.000000 0.000000
vt 1.000000 1.000000 0.000000
vt 1.000000 0.917647 0.000000
vt 1.000000 0.835294 0.000000
vt 1.000000 0.749020 0.000000
vt 1.000000 0.666667 0.000000
vt 1.000000 0.584314 0.000000
vt 1.000000 0.501961 0.000000
vt 1.000000 0.415686 0.000000
vt 1.000000 0.333333 0.000000
vt 1.000000 0.250980 0.000000
vt 1.000000 0.168627 0.000000
vt 1.000000 0.082353 0.000000
vt 1.000000 0.000000 0.000000
vt 0.000000 1.000000 0.000000
vt 1.000000 1.000000 0.000000
vt 1.000000 0.917647 0.000000
vt 1.000000 0.835294 0.000000
vt 1.000000 0.749020 0.000000
vt 1.000000 0.666667 0.000000
vt 1.000000 0.584314 0.000000
vt 1.000000 0.501961 0.000000
vt 1.000000 0.415686 0.000000
vt 1.000000 0.333333 0.000000
vt 1.000000 0.250980 0.000000
vt 1.000000 0.168627 0.000000
vt 1.000000 0.082353 0.000000
vt 1.000000 0.000000 0.000000
vt 0.000000 0.000000 0.000000
vt 0.000000 0.082353 0.000000
vt 0.000000 0.168627 0.000000
vt 0.000000 0.250980 0.000000
vt 0.000000 0.333333 0.000000
vt 0.000000 0.415686 0.000000
vt 0.000000 0.501961 0.000000
vt 0.000000 0.584314 0.000000
vt 0.000000 0.666667 0.000000
vt 0.000000 0.749020 0.000000
vt 0.000000 0.835294 0.000000
vt 0.000000 0.917647 0.000000
vt 0.000000 1.000000 0.000000
vt 1.000000 1.000000 0.000000
vt 1.000000 0.917647 0.000000
vt 1.000000 0.835294 0.000000
vt 1.000000 0.749020 0.000000
vt 1.000000 0.666667 0.000000
vt 1.000000 0.584314 0.000000
vt 1.000000 0.501961 0.000000
vt 1.000000 0.415686 0.000000
vt 1.000000 0.333333 0.000000
vt 1.000000 0.250980 0.000000
vt 1.000000 0.168627 0.000000
vt 1.000000 0.082353 0.000000
vt 1.000000 0.000000 0.000000
vt 0.000000 0.000000 0.000000
vt 0.000000 0.082353 0.000000
vt 0.000000 0.168627 0.000000
vt 0.000000 0.250980 0.000000
vt 0.000000 0.333333 0.000000
vt 0.000000 0.415686 0.000000
vt 0.000000 0.501961 0.000000
vt 0.000000 0.584314 0.000000
vt 0.000000 0.666667 0.000000
vt 0.000000 0.749020 0.000000
vt 0.000000 0.835294 0.000000
vt 0.000000 0.917647 0.000000
vt 0.000000 1.000000 0.000000
vt 1.000000 1.000000 0.000000
vt 1.000000 0.917647 0.000000
vt 1.000000 0.835294 0.000000
vt 1.000000 0.749020 0.000000
vt 1.000000 0.666667 0.000000
vt 1.000000 0.584314 0.000000
vt 1.000000 0.501961 0.000000
vt 1.000000 0.415686 0.000000
vt 1.000000 0.333333 0.000000
vt 1.000000 0.250980 0.000000
vt 1.000000 0.168627 0.000000
vt 1.000000 0.082353 0.000000
vt 1.000000 0.000000 0.000000
vt 0.000000 0.882353 0.000000
vt 0.000000 0.764706 0.000000
vt 0.000000 0.647059 0.000000
vt 0.000000 0.501961 0.000000
vt 0.000000 0.411765 0.000000
vt 0.000000 0.294118 0.000000
vt 0.000000 0.176471 0.000000
vt 0.000000 1.000000 0.000000
vt 1.000000 1.000000 0.000000
vt 1.000000 0.917647 0.000000
vt 1.000000 0.835294 0.000000
vt 1.000000 0.749020 0.000000
vt 1.000000 0.666667 0.000000
vt 1.000000 0.584314 0.000000
vt 1.000000 0.501961 0.000000
vt 1.000000 0.415686 0.000000
vt 1.000000 0.333333 0.000000
vt 1.000000 0.250980 0.000000
vt 1.000000 0.168627 0.000000
vt 1.000000 0.082353 0.000000
vt 1.000000 0.000000 0.000000
vt 0.000000 0.941177 0.000000
vt 0.000000 0.823529 0.000000
vt 0.000000 0.705882 0.000000
vt 0.000000 0.501961 0.000000
vt 0.000000 0.588235 0.000000
vt 0.000000 0.470588 0.000000
vt 0.000000 0.352941 0.000000
vt 0.000000 0.235294 0.000000
vt 0.000000 0.000000 0.000000
vt 0.000000 0.082353 0.000000
vt 0.000000 0.168627 0.000000
vt 0.000000 0.250980 0.000000
vt 0.000000 0.333333 0.000000
vt 0.000000 0.415686 0.000000
vt 0.000000 0.501961 0.000000
vt 0.000000 0.584314 0.000000
vt 0.000000 0.666667 0.000000
vt 0.000000 0.749020 0.000000
vt 0.000000 0.835294 0.000000
vt 0.000000 0.917647 0.000000
vt 0.000000 1.000000 0.000000
vt 1.000000 1.000000 0.000000
vt 1.000000 0.917647 0.000000
vt 1.000000 0.835294 0.000000
vt 1.000000 0.749020 0.000000
vt 1.000000 0.666667 0.000000
vt 1.000000 0.584314 0.000000
vt 1.000000 0.501961 0.000000
vt 1.000000 0.415686 0.000000
vt 1.000000 0.333333 0.000000
vt 1.000000 0.250980 0.000000
vt 1.000000 0.168627 0.000000
vt 1.000000 0.082353 0.000000
vt 1.000000 0.000000 0.000000
vt 0.000000 0.000000 0.000000
vt 0.000000 0.082353 0.000000
vt 0.000000 0.168627 0.000000
vt 0.000000 0.250980 0.000000
vt 0.000000 0.333333 0.000000
vt 0.000000 0.415686 0.000000
vt 0.000000 0.501961 0.000000
vt 0.000000 0.584314 0.000000
vt 0.000000 0.666667 0.000000
vt 0.000000 0.749020 0.000000
vt 0.000000 0.835294 0.000000
vt 0.000000 0.917647 0.000000
vt 0.000000 1.000000 0.000000
vt 1.000000 1.000000 0.000000
vt 1.000000 0.917647 0.000000
vt 1.000000 0.835294 0.000000
vt 1.000000 0.749020 0.000000
vt 1.000000 0.666667 0.000000
vt 1.000000 0.584314 0.000000
vt 1.000000 0.501961 0.000000
vt 1.000000 0.415686 0.000000
vt 1.000000 0.333333 0.000000
vt 1.000000 0.250980 0.000000
vt 1.000000 0.168627 0.000000
vt 1.000000 0.082353 0.000000
vt 1.000000 0.000000 0.000000
vt 0.000000 1.000000 0.000000
vt 1.000000 1.000000 0.000000
vt 1.000000 0.917647 0.000000
vt 1.000000 0.835294 0.000000
vt 1.000000 0.749020 0.000000
vt 1.000000 0.666667 0.000000
vt 1.000000 0.584314 0.000000
vt 1.000000 0.501961 0.000000
vt 1.000000 0.415686 0.000000
vt 1.000000 0.333333 0.000000
vt 1.000000 0.250980 0.000000
vt 1.000000 0.168627 0.000000
vt 1.000000 0.082353 0.000000
vt 1.000000 0.000000 0.000000
vt 0.000000 0.000000 0.000000
vt 0.000000 0.082353 0.000000
vt 0.000000 0.168627 0.000000
vt 0.000000 0.250980 0.000000
vt 0.000000 0.333333 0.000000
vt 0.000000 0.415686 0.000000
vt 0.000000 0.501961 0.000000
vt 0.000000 0.584314 0.000000
vt 0.000000 0.666667 0.000000
vt 0.000000 0.749020 0.000000
vt 0.000000 0.835294 0.000000
vt 0.000000 0.917647 0.000000
vt 0.000000 1.000000 0.000000
vt 1.000000 1.000000 0.000000
vt 1.000000 0.917647 0.000000
vt 1.000000 0.835294 0.000000
vt 1.000000 0.749020 0.000000
vt 1.000000 0.666667 0.000000
vt 1.000000 0.584314 0.000000
vt 1.000000 0.501961 0.000000
vt 1.000000 0.415686 0.000000
vt 1.000000 0.333333 0.000000
vt 1.000000 0.250980 0.000000
vt 1.000000 0.168627 0.000000
vt 1.000000 0.082353 0.000000
vt 1.000000 0.000000 0.000000
vt 0.000000 0.000000 0.000000
vt 0.000000 0.082353 0.000000
vt 0.000000 0.168627 0.000000
vt 0.000000 0.250980 0.000000
vt 0.000000 0.333333 0.000000
vt 0.000000 0.415686 0.000000
vt 0.000000 0.501961 0.000000
vt 0.000000 0.584314 0.000000
vt 0.000000 0.666667 0.000000
vt 0.000000 0.749020 0.000000
vt 0.000000 0.835294 0.000000
vt 0.000000 0.917647 0.000000
vt 0.000000 1.000000 0.000000
vt 1.000000 1.000000 0.000000
vt 1.000000 0.917647 0.000000
vt 1.000000 0.835294 0.000000
vt 1.000000 0.749020 0.000000
vt 1.000000 0.666667 0.000000
vt 1.000000 0.584314 0.000000
vt 1.000000 0.501961 0.000000
vt 1.000000 0.415686 0.000000
vt 1.000000 0.333333 0.000000
vt 1.000000 0.250980 0.000000
vt 1.000000 0.168627 0.000000
vt 1.000000 0.082353 0.000000
vt 1.000000 0.000000 0.000000
vt 0.000000 0.882353 0.000000
vt 0.000000 0.764706 0.000000
vt 0.000000 0.647059 0.000000
vt 0.000000 0.501961 0.000000
vt 0.000000 0.411765 0.000000
vt 0.000000 0.294118 0.000000
vt 0.000000 0.176471 0.000000
vt 0.000000 1.000000 0.000000
vt 1.000000 1.000000 0.000000
vt 1.000000 0.917647 0.000000
vt 1.000000 0.835294 0.000000
vt 1.000000 0.749020 0.000000
vt 1.000000 0.666667 0.000000
vt 1.000000 0.584314 0.000000
vt 1.000000 0.501961 0.000000
vt 1.000000 0.415686 0.000000
vt 1.000000 0.333333 0.000000
vt 1.000000 0.250980 0.000000
vt 1.000000 0.168627 0.000000
vt 1.000000 0.082353 0.000000
vt 1.000000 0.000000 0.000000
vt 0.000000 0.941177 0.000000
vt 0.000000 0.823529 0.000000
vt 0.000000 0.705882 0.000000
vt 0.000000 0.501961 0.000000
vt 0.000000 0.588235 0.000000
vt 0.000000 0.470588 0.000000
vt 0.000000 0.352941 0.000000
vt 0.000000 0.235294 0.000000
vt 0.000000 0.000000 0.000000
vt 0.000000 0.082353 0.000000
vt 0.000000 0.168627 0.000000
vt 0.000000 0.250980 0.000000
vt 0.000000 0.333333 0.000000
vt 0.000000 0.415686 0.000000
vt 0.000000 0.501961 0.000000
vt 0.000000 0.584314 0.000000
vt 0.000000 0.666667 0.000000
vt 0.000000 0.749020 0.000000
vt 0.000000 0.835294 0.000000
vt 0.000000 0.917647 0.000000
vt 0.000000 1.000000 0.000000
vt 1.000000 1.000000 0.000000
vt 1.000000 0.917647 0.000000
vt 1.000000 0.835294 0.000000
vt 1.000000 0.749020 0.000000
vt 1.000000 0.666667 0.000000
vt 1.000000 0.584314 0.000000
vt 1.000000 0.501961 0.000000
vt 1.000000 0.415686 0.000000
vt 1.000000 0.333333 0.000000
vt 1.000000 0.250980 0.000000
vt 1.000000 0.168627 0.000000
vt 1.000000 0.082353 0.000000
vt 1.000000 0.000000 0.000000
f -890/-890/-890 -889/-889/-889 -902/-902/-902
f -902/-902/-902 -889/-889/-889 -888/-888/-888
f -902/-902/-902 -888/-888/-888 -903/-903/-903
f -94/-94/-94 -93/-93/-93 -70/-70/-70
f -70/-70/-70 -93/-93/-93 -92/-92/-92
f -70/-70/-70 -92/-92/-92 -71/-71/-71
f -71/-71/-71 -92/-92/-92 -91/-91/-91
f -71/-71/-71 -91/-91/-91 -72/-72/-72
f -72/-72/-72 -91/-91/-91 -73/-73/-73
f -88/-88/-88 -87/-87/-87 -76/-76/-76
f -76/-76/-76 -87/-87/-87 -86/-86/-86
f -76/-76/-76 -86/-86/-86 -77/-77/-77
f -77/-77/-77 -86/-86/-86 -85/-85/-85
f -77/-77/-77 -85/-85/-85 -78/-78/-78
f -78/-78/-78 -85/-85/-85 -84/-84/-84
f -78/-78/-78 -84/-84/-84 -79/-79/-79
f -79/-79/-79 -84/-84/-84 -80/-80/-80
f -84/-84/-84 -83/-83/-83 -80/-80/-80
f -80/-80/-80 -83/-83/-83 -82/-82/-82
f -80/-80/-80 -82/-82/-82 -81/-81/-81
f -888/-888/-888 -887/-887/-887 -903/-903/-903
f -903/-903/-903 -887/-887/-887 -904/-904/-904
f -934/-934/-934 -933/-933/-933 -910/-910/-910
f -910/-910/-910 -933/-933/-933 -932/-932/-932
f -910/-910/-910 -932/-932/-932 -911/-911/-911
f -911/-911/-911 -932/-932/-932 -931/-931/-931
f -911/-911/-911 -931/-931/-931 -912/-912/-912
f -912/-912/-912 -931/-931/-931 -913/-913/-913
f -908/-908/-908 -907/-907/-907 -884/-884/-884
f -884/-884/-884 -907/-907/-907 -906/-906/-906
f -884/-884/-884 -906/-906/-906 -885/-885/-885
f -885/-885/-885 -906/-906/-906 -905/-905/-905
f -885/-885/-885 -905/-905/-905 -886/-886/-886
f -886/-886/-886 -905/-905/-905 -887/-887/-887
f -914/-914/-914 -913/-913/-913 -929/-929/-929
f -929/-929/-929 -913/-913/-913 -930/-930/-930
f -120/-120/-120 -119/-119/-119 -96/-96/-96
f -96/-96/-96 -119/-119/-119 -118/-118/-118
f -96/-96/-96 -118/-118/-118 -97/-97/-97
f -97/-97/-97 -118/-118/-118 -117/-117/-117
f -97/-97/-97 -117/-117/-117 -98/-98/-98
f -98/-98/-98 -117/-117/-117 -99/-99/-99
f -940/-940/-940 -939/-939/-939 -955/-955/-955
f -955/-955/-955 -939/-939/-939 -956/-956/-956
f -116/-116/-116 -115/-115/-115 -100/-100/-100
f -100/-100/-100 -115/-115/-115 -114/-114/-114
f -100/-100/-100 -114/-114/-114 -101/-101/-101
f -101/-101/-101 -114/-114/-114 -113/-113/-113
f -101/-101/-101 -113/-113/-113 -102/-102/-102
f -102/-102/-102 -113/-113/-113 -103/-103/-103
f -960/-960/-960 -959/-959/-959 -936/-936/-936
f -936/-936/-936 -959/-959/-959 -958/-958/-958
f -936/-936/-936 -958/-958/-958 -937/-937/-937
f -937/-937/-937 -958/-958/-958 -957/-957/-957
f -937/-937/-937 -957/-957/-957 -938/-938/-938
f -938/-938/-938 -957/-957/-957 -939/-939/-939
f -112/-112/-112 -111/-111/-111 -104/-104/-104
f -104/-104/-104 -111/-111/-111 -110/-110/-110
f -104/-104/-104 -110/-110/-110 -105/-105/-105
f -105/-105/-105 -110/-110/-110 -109/-109/-109
f -105/-105/-105 -109/-109/-109 -106/-106/-106
f -106/-106/-106 -109/-109/-109 -107/-107/-107
f -122/-122/-122 -147/-147/-147 -123/-123/-123
f -123/-123/-123 -147/-147/-147 -146/-146/-146
f -123/-123/-123 -146/-146/-146 -145/-145/-145
f -123/-123/-123 -145/-145/-145 -124/-124/-124
f -124/-124/-124 -145/-145/-145 -144/-144/-144
f -124/-124/-124 -144/-144/-144 -125/-125/-125
f -125/-125/-125 -144/-144/-144 -126/-126/-126
f -143/-143/-143 -142/-142/-142 -127/-127/-127
f -127/-127/-127 -142/-142/-142 -141/-141/-141
f -127/-127/-127 -141/-141/-141 -128/-128/-128
f -128/-128/-128 -141/-141/-141 -140/-140/-140
f -128/-128/-128 -140/-140/-140 -129/-129/-129
f -129/-129/-129 -140/-140/-140 -130/-130/-130
f -139/-139/-139 -138/-138/-138 -131/-131/-131
f -131/-131/-131 -138/-138/-138 -137/-137/-137
f -131/-131/-131 -137/-137/-137 -132/-132/-132
f -132/-132/-132 -137/-137/-137 -136/-136/-136
f -132/-132/-132 -136/-136/-136 -133/-133/-133
f -133/-133/-133 -136/-136/-136 -134/-134/-134
f -855/-855/-855 -854/-854/-854 -831/-831/-831
f -831/-831/-831 -854/-854/-854 -853/-853/-853
f -831/-831/-831 -853/-853/-853 -832/-832/-832
f -832/-832/-832 -853/-853/-853 -852/-852/-852
f -832/-832/-832 -852/-852/-852 -833/-833/-833
f -833/-833/-833 -852/-852/-852 -834/-834/-834
f -851/-851/-851 -850/-850/-850 -835/-835/-835
f -835/-835/-835 -850/-850/-850 -849/-849/-849
f -835/-835/-835 -849/-849/-849 -836/-836/-836
f -836/-836/-836 -849/-849/-849 -848/-848/-848
f -836/-836/-836 -848/-848/-848 -837/-837/-837
f -837/-837/-837 -848/-848/-848 -838/-838/-838
f -163/-163/-163 -162/-162/-162 -159/-159/-159
f -159/-159/-159 -162/-162/-162 -161/-161/-161
f -159/-159/-159 -161/-161/-161 -160/-160/-160
f -847/-847/-847 -846/-846/-846 -839/-839/-839
f -839/-839/-839 -846/-846/-846 -845/-845/-845
f -839/-839/-839 -845/-845/-845 -840/-840/-840
f -840/-840/-840 -845/-845/-845 -844/-844/-844
f -840/-840/-840 -844/-844/-844 -841/-841/-841
f -841/-841/-841 -844/-844/-844 -842/-842/-842
f -167/-167/-167 -166/-166/-166 -155/-155/-155
f -155/-155/-155 -166/-166/-166 -165/-165/-165
f -155/-155/-155 -165/-165/-165 -156/-156/-156
f -156/-156/-156 -165/-165/-165 -164/-164/-164
f -156/-156/-156 -164/-164/-164 -157/-157/-157
f -157/-157/-157 -164/-164/-164 -163/-163/-163
f -157/-157/-157 -163/-163/-163 -158/-158/-158
f -158/-158/-158 -163/-163/-163 -159/-159/-159
f -170/-170/-170 -169/-169/-169 -152/-152/-152
f -152/-152/-152 -169/-169/-169 -168/-168/-168
f -152/-152/-152 -168/-168/-168 -153/-153/-153
f -153/-153/-153 -168/-168/-168 -167/-167/-167
f -153/-153/-153 -167/-167/-167 -154/-154/-154
f -154/-154/-154 -167/-167/-167 -155/-155/-155
f -173/-173/-173 -172/-172/-172 -149/-149/-149
f -149/-149/-149 -172/-172/-172 -171/-171/-171
f -149/-149/-149 -171/-171/-171 -150/-150/-150
f -150/-150/-150 -171/-171/-171 -170/-170/-170
f -150/-150/-150 -170/-170/-170 -151/-151/-151
f -151/-151/-151 -170/-170/-170 -152/-152/-152
f -878/-878/-878 -877/-877/-877 -862/-862/-862
f -862/-862/-862 -877/-877/-877 -876/-876/-876
f -862/-862/-862 -876/-876/-876 -863/-863/-863
f -863/-863/-863 -876/-876/-876 -875/-875/-875
f -863/-863/-863 -875/-875/-875 -864/-864/-864
f -864/-864/-864 -875/-875/-875 -865/-865/-865
f -874/-874/-874 -873/-873/-873 -866/-866/-866
f -866/-866/-866 -873/-873/-873 -872/-872/-872
f -866/-866/-866 -872/-872/-872 -867/-867/-867
f -867/-867/-867 -872/-872/-872 -871/-871/-871
f -867/-867/-867 -871/-871/-871 -868/-868/-868
f -868/-868/-868 -871/-871/-871 -869/-869/-869
f -857/-857/-857 -882/-882/-882 -858/-858/-858
f -858/-858/-858 -882/-882/-882 -881/-881/-881
f -858/-858/-858 -881/-881/-881 -880/-880/-880
f -858/-858/-858 -880/-880/-880 -859/-859/-859
f -859/-859/-859 -880/-880/-880 -879/-879/-879
f -859/-859/-859 -879/-879/-879 -860/-860/-860
f -860/-860/-860 -879/-879/-879 -861/-861/-861
f -819/-819/-819 -818/-818/-818 -815/-815/-815
f -815/-815/-815 -818/-818/-818 -817/-817/-817
f -815/-815/-815 -817/-817/-817 -816/-816/-816
f -823/-823/-823 -822/-822/-822 -811/-811/-811
f -811/-811/-811 -822/-822/-822 -821/-821/-821
f -811/-811/-811 -821/-821/-821 -812/-812/-812
f -812/-812/-812 -821/-821/-821 -820/-820/-820
f -812/-812/-812 -820/-820/-820 -813/-813/-813
f -813/-813/-813 -820/-820/-820 -819/-819/-819
f -813/-813/-813 -819/-819/-819 -814/-814/-814
f -814/-814/-814 -819/-819/-819 -815/-815/-815
f -829/-829/-829 -828/-828/-828 -805/-805/-805
f -805/-805/-805 -828/-828/-828 -827/-827/-827
f -805/-805/-805 -827/-827/-827 -806/-806/-806
f -806/-806/-806 -827/-827/-827 -826/-826/-826
f -806/-806/-806 -826/-826/-826 -807/-807/-807
f -807/-807/-807 -826/-826/-826 -808/-808/-808
f -826/-826/-826 -825/-825/-825 -808/-808/-808
f -808/-808/-808 -825/-825/-825 -824/-824/-824
f -808/-808/-808 -824/-824/-824 -809/-809/-809
f -809/-809/-809 -824/-824/-824 -823/-823/-823
f -809/-809/-809 -823/-823/-823 -810/-810/-810
f -810/-810/-810 -823/-823/-823 -811/-811/-811
f -761/-761/-761 -760/-760/-760 -737/-737/-737
f -737/-737/-737 -760/-760/-760 -759/-759/-759
f -737/-737/-737 -759/-759/-759 -738/-738/-738
f -738/-738/-738 -759/-759/-759 -758/-758/-758
f -738/-738/-738 -758/-758/-758 -739/-739/-739
f -739/-739/-739 -758/-758/-758 -740/-740/-740
f -758/-758/-758 -757/-757/-757 -740/-740/-740
f -740/-740/-740 -757/-757/-757 -756/-756/-756
f -740/-740/-740 -756/-756/-756 -741/-741/-741
f -741/-741/-741 -756/-756/-756 -755/-755/-755
f -741/-741/-741 -755/-755/-755 -742/-742/-742
f -742/-742/-742 -755/-755/-755 -743/-743/-743
f -755/-755/-755 -754/-754/-754 -743/-743/-743
f -743/-743/-743 -754/-754/-754 -753/-753/-753
f -743/-743/-743 -753/-753/-753 -744/-744/-744
f -744/-744/-744 -753/-753/-753 -752/-752/-752
f -744/-744/-744 -752/-752/-752 -745/-745/-745
f -745/-745/-745 -752/-752/-752 -751/-751/-751
f -745/-745/-745 -751/-751/-751 -746/-746/-746
f -746/-746/-746 -751/-751/-751 -747/-747/-747
f -751/-751/-751 -750/-750/-750 -747/-747/-747
f -747/-747/-747 -750/-750/-750 -749/-749/-749
f -747/-747/-747 -749/-749/-749 -748/-748/-748
f -20/-20/-20 -19/-19/-19 -8/-8/-8
f -8/-8/-8 -19/-19/-19 -18/-18/-18
f -8/-8/-8 -18/-18/-18 -9/-9/-9
f -9/-9/-9 -18/-18/-18 -17/-17/-17
f -9/-9/-9 -17/-17/-17 -10/-10/-10
f -10/-10/-10 -17/-17/-17 -16/-16/-16
f -10/-10/-10 -16/-16/-16 -11/-11/-11
f -11/-11/-11 -16/-16/-16 -12/-12/-12
f -23/-23/-23 -22/-22/-22 -5/-5/-5
f -5/-5/-5 -22/-22/-22 -21/-21/-21
f -5/-5/-5 -21/-21/-21 -6/-6/-6
f -6/-6/-6 -21/-21/-21 -20/-20/-20
f -6/-6/-6 -20/-20/-20 -7/-7/-7
f -7/-7/-7 -20/-20/-20 -8/-8/-8
f -16/-16/-16 -15/-15/-15 -12/-12/-12
f -12/-12/-12 -15/-15/-15 -14/-14/-14
f -12/-12/-12 -14/-14/-14 -13/-13/-13
f -1/-1/-1 -26/-26/-26 -2/-2/-2
f -2/-2/-2 -26/-26/-26 -25/-25/-25
f -2/-2/-2 -25/-25/-25 -24/-24/-24
f -2/-2/-2 -24/-24/-24 -3/-3/-3
f -3/-3/-3 -24/-24/-24 -23/-23/-23
f -3/-3/-3 -23/-23/-23 -4/-4/-4
f -4/-4/-4 -23/-23/-23 -5/-5/-5
f -1106/-1106/-1106 -1105/-1105/-1105 -1082/-1082/-1082
f -1082/-1082/-1082 -1105/-1105/-1105 -1104/-1104/-1104
f -1082/-1082/-1082 -1104/-1104/-1104 -1083/-1083/-1083
f -1083/-1083/-1083 -1104/-1104/-1104 -1103/-1103/-1103
f -1083/-1083/-1083 -1103/-1103/-1103 -1084/-1084/-1084
f -1084/-1084/-1084 -1103/-1103/-1103 -1085/-1085/-1085
f -1133/-1133/-1133 -1132/-1132/-1132 -1109/-1109/-1109
f -1109/-1109/-1109 -1132/-1132/-1132 -1131/-1131/-1131
f -1109/-1109/-1109 -1131/-1131/-1131 -1110/-1110/-1110
f -1110/-1110/-1110 -1131/-1131/-1131 -1130/-1130/-1130
f -1110/-1110/-1110 -1130/-1130/-1130 -1111/-1111/-1111
f -1111/-1111/-1111 -1130/-1130/-1130 -1112/-1112/-1112
f -1177/-1177/-1177 -1176/-1176/-1176 -1134/-1134/-1134
f -1134/-1134/-1134 -1176/-1176/-1176 -1175/-1175/-1175
f -1134/-1134/-1134 -1175/-1175/-1175 -1135/-1135/-1135
f -1135/-1135/-1135 -1175/-1175/-1175 -1174/-1174/-1174
f -1135/-1135/-1135 -1174/-1174/-1174 -1136/-1136/-1136
f -1136/-1136/-1136 -1174/-1174/-1174 -1173/-1173/-1173
f -1136/-1136/-1136 -1173/-1173/-1173 -1137/-1137/-1137
f -1137/-1137/-1137 -1173/-1173/-1173 -1172/-1172/-1172
f -1137/-1137/-1137 -1172/-1172/-1172 -1138/-1138/-1138
f -1138/-1138/-1138 -1172/-1172/-1172 -1171/-1171/-1171
f -1138/-1138/-1138 -1171/-1171/-1171 -1139/-1139/-1139
f -1139/-1139/-1139 -1171/-1171/-1171 -1170/-1170/-1170
f -1139/-1139/-1139 -1170/-1170/-1170 -1140/-1140/-1140
f -1140/-1140/-1140 -1170/-1170/-1170 -1169/-1169/-1169
f -1140/-1140/-1140 -1169/-1169/-1169 -1141/-1141/-1141
f -1141/-1141/-1141 -1169/-1169/-1169 -1168/-1168/-1168
f -1141/-1141/-1141 -1168/-1168/-1168 -1142/-1142/-1142
f -1142/-1142/-1142 -1168/-1168/-1168 -1167/-1167/-1167
f -1142/-1142/-1142 -1167/-1167/-1167 -1143/-1143/-1143
f -1143/-1143/-1143 -1167/-1167/-1167 -1166/-1166/-1166
f -1209/-1209/-1209 -1187/-1187/-1187 -1210/-1210/-1210
f -1210/-1210/-1210 -1187/-1187/-1187 -1186/-1186/-1186
f -1210/-1210/-1210 -1186/-1186/-1186 -1211/-1211/-1211
f -1211/-1211/-1211 -1186/-1186/-1186 -1185/-1185/-1185
f -1211/-1211/-1211 -1185/-1185/-1185 -1212/-1212/-1212
f -1212/-1212/-1212 -1185/-1185/-1185 -1184/-1184/-1184
f -1212/-1212/-1212 -1184/-1184/-1184 -1213/-1213/-1213
f -1213/-1213/-1213 -1184/-1184/-1184 -1183/-1183/-1183
f -1213/-1213/-1213 -1183/-1183/-1183 -1214/-1214/-1214
f -1214/-1214/-1214 -1183/-1183/-1183 -1182/-1182/-1182
f -1214/-1214/-1214 -1182/-1182/-1182 -1215/-1215/-1215
f -1215/-1215/-1215 -1182/-1182/-1182 -1181/-1181/-1181
f -1215/-1215/-1215 -1181/-1181/-1181 -1216/-1216/-1216
f -1216/-1216/-1216 -1181/-1181/-1181 -1180/-1180/-1180
f -1216/-1216/-1216 -1180/-1180/-1180 -1217/-1217/-1217
f -1217/-1217/-1217 -1180/-1180/-1180 -1179/-1179/-1179
f -1217/-1217/-1217 -1179/-1179/-1179 -1218/-1218/-1218
f -1218/-1218/-1218 -1179/-1179/-1179 -1178/-1178/-1178
f -1218/-1218/-1218 -1178/-1178/-1178 -1219/-1219/-1219
f -1008/-1008/-1008 -1007/-1007/-1007 -1023/-1023/-1023
f -1023/-1023/-1023 -1007/-1007/-1007 -1024/-1024/-1024
f -1028/-1028/-1028 -1027/-1027/-1027 -1004/-1004/-1004
f -1004/-1004/-1004 -1027/-1027/-1027 -1026/-1026/-1026
f -1004/-1004/-1004 -1026/-1026/-1026 -1005/-1005/-1005
f -1005/-1005/-1005 -1026/-1026/-1026 -1025/-1025/-1025
f -1005/-1005/-1005 -1025/-1025/-1025 -1006/-1006/-1006
f -1006/-1006/-1006 -1025/-1025/-1025 -1007/-1007/-1007
f -1060/-1060/-1060 -1059/-1059/-1059 -1075/-1075/-1075
f -1075/-1075/-1075 -1059/-1059/-1059 -1076/-1076/-1076
f -1080/-1080/-1080 -1079/-1079/-1079 -1056/-1056/-1056
f -1056/-1056/-1056 -1079/-1079/-1079 -1078/-1078/-1078
f -1056/-1056/-1056 -1078/-1078/-1078 -1057/-1057/-1057
f -1057/-1057/-1057 -1078/-1078/-1078 -1077/-1077/-1077
f -1057/-1057/-1057 -1077/-1077/-1077 -1058/-1058/-1058
f -1058/-1058/-1058 -1077/-1077/-1077 -1059/-1059/-1059
f -1034/-1034/-1034 -1033/-1033/-1033 -1049/-1049/-1049
f -1049/-1049/-1049 -1033/-1033/-1033 -1050/-1050/-1050
f -1054/-1054/-1054 -1053/-1053/-1053 -1030/-1030/-1030
f -1030/-1030/-1030 -1053/-1053/-1053 -1052/-1052/-1052
f -1030/-1030/-1030 -1052/-1052/-1052 -1031/-1031/-1031
f -1031/-1031/-1031 -1052/-1052/-1052 -1051/-1051/-1051
f -1031/-1031/-1031 -1051/-1051/-1051 -1032/-1032/-1032
f -1032/-1032/-1032 -1051/-1051/-1051 -1033/-1033/-1033
f -1329/-1329/-1329 -1327/-1327/-1327 -1330/-1330/-1330
f -1330/-1330/-1330 -1327/-1327/-1327 -1326/-1326/-1326
f -1330/-1330/-1330 -1326/-1326/-1326 -1331/-1331/-1331
f -1331/-1331/-1331 -1326/-1326/-1326 -1325/-1325/-1325
f -1331/-1331/-1331 -1325/-1325/-1325 -1332/-1332/-1332
f -1332/-1332/-1332 -1325/-1325/-1325 -1324/-1324/-1324
f -1332/-1332/-1332 -1324/-1324/-1324 -1333/-1333/-1333
f -1333/-1333/-1333 -1324/-1324/-1324 -1323/-1323/-1323
f -1333/-1333/-1333 -1323/-1323/-1323 -1334/-1334/-1334
f -1334/-1334/-1334 -1323/-1323/-1323 -1322/-1322/-1322
f -1334/-1334/-1334 -1322/-1322/-1322 -1335/-1335/-1335
f -1335/-1335/-1335 -1322/-1322/-1322 -1321/-1321/-1321
f -1335/-1335/-1335 -1321/-1321/-1321 -1336/-1336/-1336
f -1336/-1336/-1336 -1321/-1321/-1321 -1320/-1320/-1320
f -1336/-1336/-1336 -1320/-1320/-1320 -1337/-1337/-1337
f -1337/-1337/-1337 -1320/-1320/-1320 -1319/-1319/-1319
f -1337/-1337/-1337 -1319/-1319/-1319 -1338/-1338/-1338
f -1338/-1338/-1338 -1319/-1319/-1319 -1318/-1318/-1318
f -1338/-1338/-1338 -1318/-1318/-1318 -1339/-1339/-1339
f -1296/-1296/-1296 -1295/-1295/-1295 -1275/-1275/-1275
f -1275/-1275/-1275 -1295/-1295/-1295 -1276/-1276/-1276
f -1295/-1295/-1295 -1294/-1294/-1294 -1276/-1276/-1276
f -1276/-1276/-1276 -1294/-1294/-1294 -1277/-1277/-1277
f -1294/-1294/-1294 -1293/-1293/-1293 -1277/-1277/-1277
f -1277/-1277/-1277 -1293/-1293/-1293 -1278/-1278/-1278
f -1293/-1293/-1293 -1292/-1292/-1292 -1278/-1278/-1278
f -1278/-1278/-1278 -1292/-1292/-1292 -1279/-1279/-1279
f -1292/-1292/-1292 -1291/-1291/-1291 -1279/-1279/-1279
f -1279/-1279/-1279 -1291/-1291/-1291 -1280/-1280/-1280
f -1291/-1291/-1291 -1290/-1290/-1290 -1280/-1280/-1280
f -1280/-1280/-1280 -1290/-1290/-1290 -1281/-1281/-1281
f -1290/-1290/-1290 -1289/-1289/-1289 -1281/-1281/-1281
f -1281/-1281/-1281 -1289/-1289/-1289 -1282/-1282/-1282
f -1289/-1289/-1289 -1288/-1288/-1288 -1282/-1282/-1282
f -1282/-1282/-1282 -1288/-1288/-1288 -1283/-1283/-1283
f -1288/-1288/-1288 -1287/-1287/-1287 -1283/-1283/-1283
f -1283/-1283/-1283 -1287/-1287/-1287 -1284/-1284/-1284
f -1287/-1287/-1287 -1286/-1286/-1286 -1284/-1284/-1284
f -1284/-1284/-1284 -1286/-1286/-1286 -1285/-1285/-1285
f -1230/-1230/-1230 -1251/-1251/-1251 -1231/-1231/-1231
f -1231/-1231/-1231 -1251/-1251/-1251 -1250/-1250/-1250
f -1231/-1231/-1231 -1250/-1250/-1250 -1232/-1232/-1232
f -1232/-1232/-1232 -1250/-1250/-1250 -1249/-1249/-1249
f -1232/-1232/-1232 -1249/-1249/-1249 -1233/-1233/-1233
f -1233/-1233/-1233 -1249/-1249/-1249 -1248/-1248/-1248
f -1233/-1233/-1233 -1248/-1248/-1248 -1234/-1234/-1234
f -1234/-1234/-1234 -1248/-1248/-1248 -1247/-1247/-1247
f -1234/-1234/-1234 -1247/-1247/-1247 -1235/-1235/-1235
f -1235/-1235/-1235 -1247/-1247/-1247 -1246/-1246/-1246
f -1235/-1235/-1235 -1246/-1246/-1246 -1236/-1236/-1236
f -1236/-1236/-1236 -1246/-1246/-1246 -1245/-1245/-1245
f -1236/-1236/-1236 -1245/-1245/-1245 -1237/-1237/-1237
f -1237/-1237/-1237 -1245/-1245/-1245 -1244/-1244/-1244
f -1237/-1237/-1237 -1244/-1244/-1244 -1238/-1238/-1238
f -1238/-1238/-1238 -1244/-1244/-1244 -1243/-1243/-1243
f -1238/-1238/-1238 -1243/-1243/-1243 -1239/-1239/-1239
f -1239/-1239/-1239 -1243/-1243/-1243 -1242/-1242/-1242
f -1239/-1239/-1239 -1242/-1242/-1242 -1240/-1240/-1240
f -1240/-1240/-1240 -1242/-1242/-1242 -1241/-1241/-1241
f -1361/-1361/-1361 -1360/-1360/-1360 -1548/-1548/-1548
f -1548/-1548/-1548 -1360/-1360/-1360 -1359/-1359/-1359
f -1548/-1548/-1548 -1359/-1359/-1359 -1549/-1549/-1549
f -1549/-1549/-1549 -1359/-1359/-1359 -1358/-1358/-1358
f -1549/-1549/-1549 -1358/-1358/-1358 -1357/-1357/-1357
f -1361/-1361/-1361 -1548/-1548/-1548 -1362/-1362/-1362
f -1362/-1362/-1362 -1548/-1548/-1548 -1547/-1547/-1547
f -1362/-1362/-1362 -1547/-1547/-1547 -1363/-1363/-1363
f -1363/-1363/-1363 -1547/-1547/-1547 -1364/-1364/-1364
f -269/-269/-269 -294/-294/-294 -270/-270/-270
f -270/-270/-270 -294/-294/-294 -293/-293/-293
f -270/-270/-270 -293/-293/-293 -292/-292/-292
f -1356/-1356/-1356 -1355/-1355/-1355 -1550/-1550/-1550
f -1550/-1550/-1550 -1355/-1355/-1355 -1354/-1354/-1354
f -1550/-1550/-1550 -1354/-1354/-1354 -1551/-1551/-1551
f -1551/-1551/-1551 -1354/-1354/-1354 -1531/-1531/-1531
f -1551/-1551/-1551 -1531/-1531/-1531 -1530/-1530/-1530
f -290/-290/-290 -289/-289/-289 -274/-274/-274
f -274/-274/-274 -289/-289/-289 -288/-288/-288
f -274/-274/-274 -288/-288/-288 -275/-275/-275
f -275/-275/-275 -288/-288/-288 -287/-287/-287
f -275/-275/-275 -287/-287/-287 -276/-276/-276
f -276/-276/-276 -287/-287/-287 -277/-277/-277
f -263/-263/-263 -262/-262/-262 -247/-247/-247
f -247/-247/-247 -262/-262/-262 -261/-261/-261
f -247/-247/-247 -261/-261/-261 -248/-248/-248
f -248/-248/-248 -261/-261/-261 -260/-260/-260
f -248/-248/-248 -260/-260/-260 -249/-249/-249
f -249/-249/-249 -260/-260/-260 -250/-250/-250
f -267/-267/-267 -266/-266/-266 -243/-243/-243
f -243/-243/-243 -266/-266/-266 -265/-265/-265
f -243/-243/-243 -265/-265/-265 -244/-244/-244
f -244/-244/-244 -265/-265/-265 -264/-264/-264
f -244/-244/-244 -264/-264/-264 -245/-245/-245
f -245/-245/-245 -264/-264/-264 -246/-246/-246
f -270/-270/-270 -292/-292/-292 -271/-271/-271
f -271/-271/-271 -292/-292/-292 -291/-291/-291
f -271/-271/-271 -291/-291/-291 -272/-272/-272
f -272/-272/-272 -291/-291/-291 -273/-273/-273
f -286/-286/-286 -285/-285/-285 -278/-278/-278
f -278/-278/-278 -285/-285/-285 -284/-284/-284
f -278/-278/-278 -284/-284/-284 -279/-279/-279
f -279/-279/-279 -284/-284/-284 -283/-283/-283
f -279/-279/-279 -283/-283/-283 -280/-280/-280
f -280/-280/-280 -283/-283/-283 -281/-281/-281
f -1508/-1508/-1508 -1507/-1507/-1507 -1585/-1585/-1585
f -1585/-1585/-1585 -1507/-1507/-1507 -1506/-1506/-1506
f -1585/-1585/-1585 -1506/-1506/-1506 -1544/-1544/-1544
f -1544/-1544/-1544 -1506/-1506/-1506 -1505/-1505/-1505
f -1544/-1544/-1544 -1505/-1505/-1505 -1504/-1504/-1504
f -1513/-1513/-1513 -1512/-1512/-1512 -1583/-1583/-1583
f -1583/-1583/-1583 -1512/-1512/-1512 -1511/-1511/-1511
f -1583/-1583/-1583 -1511/-1511/-1511 -1584/-1584/-1584
f -1584/-1584/-1584 -1511/-1511/-1511 -1510/-1510/-1510
f -1584/-1584/-1584 -1510/-1510/-1510 -1509/-1509/-1509
f -259/-259/-259 -258/-258/-258 -251/-251/-251
f -251/-251/-251 -258/-258/-258 -257/-257/-257
f -251/-251/-251 -257/-257/-257 -252/-252/-252
f -252/-252/-252 -257/-257/-257 -256/-256/-256
f -252/-252/-252 -256/-256/-256 -253/-253/-253
f -253/-253/-253 -256/-256/-256 -254/-254/-254
f -1397/-1397/-1397 -1482/-1482/-1482 -1398/-1398/-1398
f -1398/-1398/-1398 -1482/-1482/-1482 -1481/-1481/-1481
f -1398/-1398/-1398 -1481/-1481/-1481 -1399/-1399/-1399
f -1399/-1399/-1399 -1481/-1481/-1481 -1480/-1480/-1480
f -1399/-1399/-1399 -1480/-1480/-1480 -1376/-1376/-1376
f -1376/-1376/-1376 -1480/-1480/-1480 -1479/-1479/-1479
f -1376/-1376/-1376 -1479/-1479/-1479 -1377/-1377/-1377
f -1377/-1377/-1377 -1479/-1479/-1479 -1478/-1478/-1478
f -1377/-1377/-1377 -1478/-1478/-1478 -1378/-1378/-1378
f -1486/-1486/-1486 -1485/-1485/-1485 -1576/-1576/-1576
f -1576/-1576/-1576 -1485/-1485/-1485 -1484/-1484/-1484
f -1576/-1576/-1576 -1484/-1484/-1484 -1577/-1577/-1577
f -1577/-1577/-1577 -1484/-1484/-1484 -1483/-1483/-1483
f -1577/-1577/-1577 -1483/-1483/-1483 -1396/-1396/-1396
f -1396/-1396/-1396 -1483/-1483/-1483 -1482/-1482/-1482
f -1396/-1396/-1396 -1482/-1482/-1482 -1397/-1397/-1397
f -1488/-1488/-1488 -1487/-1487/-1487 -1575/-1575/-1575
f -1575/-1575/-1575 -1487/-1487/-1487 -1486/-1486/-1486
f -1575/-1575/-1575 -1486/-1486/-1486 -1576/-1576/-1576
f -241/-241/-241 -240/-240/-240 -217/-217/-217
f -217/-217/-217 -240/-240/-240 -239/-239/-239
f -217/-217/-217 -239/-239/-239 -218/-218/-218
f -218/-218/-218 -239/-239/-239 -238/-238/-238
f -218/-218/-218 -238/-238/-238 -219/-219/-219
f -219/-219/-219 -238/-238/-238 -220/-220/-220
f -230/-230/-230 -227/-227/-227 -231/-231/-231
f -231/-231/-231 -227/-227/-227 -226/-226/-226
f -231/-231/-231 -226/-226/-226 -225/-225/-225
f -1514/-1514/-1514 -1513/-1513/-1513 -1384/-1384/-1384
f -1384/-1384/-1384 -1513/-1513/-1513 -1582/-1582/-1582
f -1384/-1384/-1384 -1582/-1582/-1582 -1385/-1385/-1385
f -1385/-1385/-1385 -1582/-1582/-1582 -1581/-1581/-1581
f -1385/-1385/-1385 -1581/-1581/-1581 -1386/-1386/-1386
f -1386/-1386/-1386 -1581/-1581/-1581 -1387/-1387/-1387
f -1395/-1395/-1395 -1394/-1394/-1394 -1578/-1578/-1578
f -1578/-1578/-1578 -1394/-1394/-1394 -1393/-1393/-1393
f -1578/-1578/-1578 -1393/-1393/-1393 -1579/-1579/-1579
f -1579/-1579/-1579 -1393/-1393/-1393 -1392/-1392/-1392
f -1579/-1579/-1579 -1392/-1392/-1392 -1391/-1391/-1391
f -228/-228/-228 -227/-227/-227 -229/-229/-229
f -229/-229/-229 -227/-227/-227 -230/-230/-230
f -1378/-1378/-1378 -1372/-1372/-1372 -1519/-1519/-1519
f -1519/-1519/-1519 -1372/-1372/-1372 -1371/-1371/-1371
f -1519/-1519/-1519 -1371/-1371/-1371 -1496/-1496/-1496
f -1496/-1496/-1496 -1371/-1371/-1371 -1370/-1370/-1370
f -1496/-1496/-1496 -1370/-1370/-1370 -1497/-1497/-1497
f -1497/-1497/-1497 -1370/-1370/-1370 -1369/-1369/-1369
f -1497/-1497/-1497 -1369/-1369/-1369 -1498/-1498/-1498
f -1498/-1498/-1498 -1369/-1369/-1369 -1368/-1368/-1368
f -1498/-1498/-1498 -1368/-1368/-1368 -1499/-1499/-1499
f -1499/-1499/-1499 -1368/-1368/-1368 -1367/-1367/-1367
f -1499/-1499/-1499 -1367/-1367/-1367 -1500/-1500/-1500
f -1500/-1500/-1500 -1367/-1367/-1367 -1366/-1366/-1366
f -1500/-1500/-1500 -1366/-1366/-1366 -1501/-1501/-1501
f -1501/-1501/-1501 -1366/-1366/-1366 -1546/-1546/-1546
f -1501/-1501/-1501 -1546/-1546/-1546 -1545/-1545/-1545
f -1390/-1390/-1390 -1389/-1389/-1389 -1580/-1580/-1580
f -1580/-1580/-1580 -1389/-1389/-1389 -1388/-1388/-1388
f -1580/-1580/-1580 -1388/-1388/-1388 -1581/-1581/-1581
f -1581/-1581/-1581 -1388/-1388/-1388 -1387/-1387/-1387
f -235/-235/-235 -234/-234/-234 -223/-223/-223
f -223/-223/-223 -234/-234/-234 -233/-233/-233
f -223/-223/-223 -233/-233/-233 -224/-224/-224
f -224/-224/-224 -233/-233/-233 -232/-232/-232
f -224/-224/-224 -232/-232/-232 -225/-225/-225
f -225/-225/-225 -232/-232/-232 -231/-231/-231
f -238/-238/-238 -237/-237/-237 -220/-220/-220
f -220/-220/-220 -237/-237/-237 -236/-236/-236
f -220/-220/-220 -236/-236/-236 -221/-221/-221
f -221/-221/-221 -236/-236/-236 -235/-235/-235
f -221/-221/-221 -235/-235/-235 -222/-222/-222
f -222/-222/-222 -235/-235/-235 -223/-223/-223
f -1378/-1378/-1378 -1519/-1519/-1519 -1379/-1379/-1379
f -1379/-1379/-1379 -1519/-1519/-1519 -1518/-1518/-1518
f -1379/-1379/-1379 -1518/-1518/-1518 -1380/-1380/-1380
f -1380/-1380/-1380 -1518/-1518/-1518 -1517/-1517/-1517
f -1380/-1380/-1380 -1517/-1517/-1517 -1381/-1381/-1381
f -1381/-1381/-1381 -1517/-1517/-1517 -1516/-1516/-1516
f -1381/-1381/-1381 -1516/-1516/-1516 -1382/-1382/-1382
f -1382/-1382/-1382 -1516/-1516/-1516 -1515/-1515/-1515
f -1382/-1382/-1382 -1515/-1515/-1515 -1383/-1383/-1383
f -1383/-1383/-1383 -1515/-1515/-1515 -1514/-1514/-1514
f -1383/-1383/-1383 -1514/-1514/-1514 -1384/-1384/-1384
f -1373/-1373/-1373 -1536/-1536/-1536 -1374/-1374/-1374
f -1374/-1374/-1374 -1536/-1536/-1536 -1535/-1535/-1535
f -1374/-1374/-1374 -1535/-1535/-1535 -1375/-1375/-1375
f -1375/-1375/-1375 -1535/-1535/-1535 -1534/-1534/-1534
f -1375/-1375/-1375 -1534/-1534/-1534 -1352/-1352/-1352
f -1352/-1352/-1352 -1534/-1534/-1534 -1533/-1533/-1533
f -1352/-1352/-1352 -1533/-1533/-1533 -1532/-1532/-1532
f -1502/-1502/-1502 -1545/-1545/-1545 -1503/-1503/-1503
f -1503/-1503/-1503 -1545/-1545/-1545 -1544/-1544/-1544
f -1503/-1503/-1503 -1544/-1544/-1544 -1504/-1504/-1504
f -1530/-1530/-1530 -1529/-1529/-1529 -1552/-1552/-1552
f -1552/-1552/-1552 -1529/-1529/-1529 -1528/-1528/-1528
f -1552/-1552/-1552 -1528/-1528/-1528 -1553/-1553/-1553
f -1553/-1553/-1553 -1528/-1528/-1528 -1527/-1527/-1527
f -1553/-1553/-1553 -1527/-1527/-1527 -1526/-1526/-1526
f -1352/-1352/-1352 -1532/-1532/-1532 -1353/-1353/-1353
f -1353/-1353/-1353 -1532/-1532/-1532 -1531/-1531/-1531
f -1353/-1353/-1353 -1531/-1531/-1531 -1354/-1354/-1354
f -1591/-1591/-1591 -1590/-1590/-1590 -1606/-1606/-1606
f -1606/-1606/-1606 -1590/-1590/-1590 -1607/-1607/-1607
f -1611/-1611/-1611 -1610/-1610/-1610 -1587/-1587/-1587
f -1587/-1587/-1587 -1610/-1610/-1610 -1609/-1609/-1609
f -1587/-1587/-1587 -1609/-1609/-1609 -1588/-1588/-1588
f -1588/-1588/-1588 -1609/-1609/-1609 -1608/-1608/-1608
f -1588/-1588/-1588 -1608/-1608/-1608 -1589/-1589/-1589
f -1589/-1589/-1589 -1608/-1608/-1608 -1590/-1590/-1590
f -1659/-1659/-1659 -1658/-1658/-1658 -1674/-1674/-1674
f -1674/-1674/-1674 -1658/-1658/-1658 -1675/-1675/-1675
f -1679/-1679/-1679 -1678/-1678/-1678 -1655/-1655/-1655
f -1655/-1655/-1655 -1678/-1678/-1678 -1677/-1677/-1677
f -1655/-1655/-1655 -1677/-1677/-1677 -1656/-1656/-1656
f -1656/-1656/-1656 -1677/-1677/-1677 -1676/-1676/-1676
f -1656/-1656/-1656 -1676/-1676/-1676 -1657/-1657/-1657
f -1657/-1657/-1657 -1676/-1676/-1676 -1658/-1658/-1658
f -1705/-1705/-1705 -1704/-1704/-1704 -1681/-1681/-1681
f -1681/-1681/-1681 -1704/-1704/-1704 -1703/-1703/-1703
f -1681/-1681/-1681 -1703/-1703/-1703 -1682/-1682/-1682
f -1682/-1682/-1682 -1703/-1703/-1703 -1702/-1702/-1702
f -1682/-1682/-1682 -1702/-1702/-1702 -1683/-1683/-1683
f -1683/-1683/-1683 -1702/-1702/-1702 -1684/-1684/-1684
f -1707/-1707/-1707 -1732/-1732/-1732 -1708/-1708/-1708
f -1708/-1708/-1708 -1732/-1732/-1732 -1731/-1731/-1731
f -1708/-1708/-1708 -1731/-1731/-1731 -1730/-1730/-1730
f -1708/-1708/-1708 -1730/-1730/-1730 -1709/-1709/-1709
f -1709/-1709/-1709 -1730/-1730/-1730 -1729/-1729/-1729
f -1709/-1709/-1709 -1729/-1729/-1729 -1710/-1710/-1710
f -1710/-1710/-1710 -1729/-1729/-1729 -1711/-1711/-1711
f -68/-68/-68 -67/-67/-67 -69/-69/-69
f -69/-69/-69 -67/-67/-67 -66/-66/-66
f -117/-117/-117 -116/-116/-116 -99/-99/-99
f -99/-99/-99 -116/-116/-116 -100/-100/-100
f -113/-113/-113 -112/-112/-112 -103/-103/-103
f -103/-103/-103 -112/-112/-112 -104/-104/-104
f -144/-144/-144 -143/-143/-143 -126/-126/-126
f -126/-126/-126 -143/-143/-143 -127/-127/-127
f -140/-140/-140 -139/-139/-139 -130/-130/-130
f -130/-130/-130 -139/-139/-139 -131/-131/-131
f -852/-852/-852 -851/-851/-851 -834/-834/-834
f -834/-834/-834 -851/-851/-851 -835/-835/-835
f -848/-848/-848 -847/-847/-847 -838/-838/-838
f -838/-838/-838 -847/-847/-847 -839/-839/-839
f -186/-186/-186 -185/-185/-185 -175/-175/-175
f -175/-175/-175 -185/-185/-185 -184/-184/-184
f -875/-875/-875 -874/-874/-874 -865/-865/-865
f -865/-865/-865 -874/-874/-874 -866/-866/-866
f -184/-184/-184 -183/-183/-183 -174/-174/-174
f -174/-174/-174 -183/-183/-183 -182/-182/-182
f -193/-193/-193 -192/-192/-192 -181/-181/-181
f -181/-181/-181 -192/-192/-192 -191/-191/-191
f -879/-879/-879 -878/-878/-878 -861/-861/-861
f -861/-861/-861 -878/-878/-878 -862/-862/-862
f -781/-781/-781 -780/-780/-780 -769/-769/-769
f -769/-769/-769 -780/-780/-780 -779/-779/-779
f -800/-800/-800 -799/-799/-799 -789/-789/-789
f -789/-789/-789 -799/-799/-799 -798/-798/-798
f -774/-774/-774 -773/-773/-773 -763/-763/-763
f -763/-763/-763 -773/-773/-773 -772/-772/-772
f -803/-803/-803 -802/-802/-802 -804/-804/-804
f -804/-804/-804 -802/-802/-802 -801/-801/-801
f -797/-797/-797 -796/-796/-796 -787/-787/-787
f -787/-787/-787 -796/-796/-796 -795/-795/-795
f -794/-794/-794 -793/-793/-793 -785/-785/-785
f -785/-785/-785 -793/-793/-793 -792/-792/-792
f -39/-39/-39 -38/-38/-38 -28/-28/-28
f -28/-28/-28 -38/-38/-38 -37/-37/-37
f -772/-772/-772 -771/-771/-771 -762/-762/-762
f -762/-762/-762 -771/-771/-771 -770/-770/-770
f -46/-46/-46 -45/-45/-45 -34/-34/-34
f -34/-34/-34 -45/-45/-45 -44/-44/-44
f -59/-59/-59 -58/-58/-58 -50/-50/-50
f -50/-50/-50 -58/-58/-58 -57/-57/-57
f -65/-65/-65 -64/-64/-64 -54/-54/-54
f -54/-54/-54 -64/-64/-64 -63/-63/-63
f -62/-62/-62 -61/-61/-61 -52/-52/-52
f -52/-52/-52 -61/-61/-61 -60/-60/-60
f -37/-37/-37 -36/-36/-36 -27/-27/-27
f -27/-27/-27 -36/-36/-36 -35/-35/-35
f -1103/-1103/-1103 -1102/-1102/-1102 -1085/-1085/-1085
f -1085/-1085/-1085 -1102/-1102/-1102 -1086/-1086/-1086
f -1130/-1130/-1130 -1129/-1129/-1129 -1112/-1112/-1112
f -1112/-1112/-1112 -1129/-1129/-1129 -1113/-1113/-1113
f -1364/-1364/-1364 -1547/-1547/-1547 -1365/-1365/-1365
f -1365/-1365/-1365 -1547/-1547/-1547 -1546/-1546/-1546
f -1365/-1365/-1365 -1546/-1546/-1546 -1366/-1366/-1366
f -1356/-1356/-1356 -1550/-1550/-1550 -1357/-1357/-1357
f -1357/-1357/-1357 -1550/-1550/-1550 -1549/-1549/-1549
f -287/-287/-287 -286/-286/-286 -277/-277/-277
f -277/-277/-277 -286/-286/-286 -278/-278/-278
f -264/-264/-264 -263/-263/-263 -246/-246/-246
f -246/-246/-246 -263/-263/-263 -247/-247/-247
f -291/-291/-291 -290/-290/-290 -273/-273/-273
f -273/-273/-273 -290/-290/-290 -274/-274/-274
f -1585/-1585/-1585 -1584/-1584/-1584 -1508/-1508/-1508
f -1508/-1508/-1508 -1584/-1584/-1584 -1509/-1509/-1509
f -260/-260/-260 -259/-259/-259 -250/-250/-250
f -250/-250/-250 -259/-259/-259 -251/-251/-251
f -1395/-1395/-1395 -1578/-1578/-1578 -1396/-1396/-1396
f -1396/-1396/-1396 -1578/-1578/-1578 -1577/-1577/-1577
f -1390/-1390/-1390 -1580/-1580/-1580 -1391/-1391/-1391
f -1391/-1391/-1391 -1580/-1580/-1580 -1579/-1579/-1579
f -215/-215/-215 -214/-214/-214 -216/-216/-216
f -216/-216/-216 -214/-214/-214 -213/-213/-213
f -212/-212/-212 -211/-211/-211 -201/-201/-201
f -201/-201/-201 -211/-211/-211 -210/-210/-210
f -209/-209/-209 -208/-208/-208 -199/-199/-199
f -199/-199/-199 -208/-208/-208 -207/-207/-207
f -206/-206/-206 -205/-205/-205 -197/-197/-197
f -197/-197/-197 -205/-205/-205 -204/-204/-204
f -1702/-1702/-1702 -1701/-1701/-1701 -1684/-1684/-1684
f -1684/-1684/-1684 -1701/-1701/-1701 -1685/-1685/-1685
f -1729/-1729/-1729 -1728/-1728/-1728 -1711/-1711/-1711
f -1711/-1711/-1711 -1728/-1728/-1728 -1712/-1712/-1712
f -108/-108/-108 -107/-107/-107 -109/-109/-109
f -135/-135/-135 -134/-134/-134 -136/-136/-136
f -843/-843/-843 -842/-842/-842 -844/-844/-844
f -870/-870/-870 -869/-869/-869 -871/-871/-871
f -1328/-1328/-1328 -1327/-1327/-1327 -1329/-1329/-1329
f -282/-282/-282 -281/-281/-281 -283/-283/-283
f -255/-255/-255 -254/-254/-254 -256/-256/-256
f -1501/-1501/-1501 -1545/-1545/-1545 -1502/-1502/-1502
f -94/-94/-94 -70/-70/-70 -95/-95/-95
f -905/-905/-905 -904/-904/-904 -887/-887/-887
f -931/-931/-931 -930/-930/-930 -913/-913/-913
f -884/-884/-884 -883/-883/-883 -908/-908/-908
f -120/-120/-120 -96/-96/-96 -121/-121/-121
f -910/-910/-910 -909/-909/-909 -934/-934/-934
f -957/-957/-957 -956/-956/-956 -939/-939/-939
f -936/-936/-936 -935/-935/-935 -960/-960/-960
f -855/-855/-855 -831/-831/-831 -856/-856/-856
f -149/-149/-149 -148/-148/-148 -173/-173/-173
f -829/-829/-829 -805/-805/-805 -830/-830/-830
f -737/-737/-737 -736/-736/-736 -761/-761/-761
f -1106/-1106/-1106 -1082/-1082/-1082 -1107/-1107/-1107
f -1102/-1102/-1102 -1101/-1101/-1101 -1086/-1086/-1086
f -1109/-1109/-1109 -1108/-1108/-1108 -1133/-1133/-1133
f -1129/-1129/-1129 -1128/-1128/-1128 -1113/-1113/-1113
f -1025/-1025/-1025 -1024/-1024/-1024 -1007/-1007/-1007
f -1028/-1028/-1028 -1004/-1004/-1004 -1029/-1029/-1029
f -1077/-1077/-1077 -1076/-1076/-1076 -1059/-1059/-1059
f -1080/-1080/-1080 -1056/-1056/-1056 -1081/-1081/-1081
f -1054/-1054/-1054 -1030/-1030/-1030 -1055/-1055/-1055
f -1051/-1051/-1051 -1050/-1050/-1050 -1033/-1033/-1033
f -267/-267/-267 -243/-243/-243 -268/-268/-268
f -1583/-1583/-1583 -1582/-1582/-1582 -1513/-1513/-1513
f -241/-241/-241 -217/-217/-217 -242/-242/-242
f -1552/-1552/-1552 -1551/-1551/-1551 -1530/-1530/-1530
f -1608/-1608/-1608 -1607/-1607/-1607 -1590/-1590/-1590
f -1587/-1587/-1587 -1586/-1586/-1586 -1611/-1611/-1611
f -1676/-1676/-1676 -1675/-1675/-1675 -1658/-1658/-1658
f -1679/-1679/-1679 -1655/-1655/-1655 -1680/-1680/-1680
f -1701/-1701/-1701 -1700/-1700/-1700 -1685/-1685/-1685
f -1705/-1705/-1705 -1681/-1681/-1681 -1706/-1706/-1706
f -1728/-1728/-1728 -1727/-1727/-1727 -1712/-1712/-1712
f -188/-188/-188 -177/-177/-177 -189/-189/-189
f -187/-187/-187 -178/-178/-178 -188/-188/-188
f -186/-186/-186 -176/-176/-176 -187/-187/-187
f -190/-190/-190 -180/-180/-180 -191/-191/-191
f -189/-189/-189 -179/-179/-179 -190/-190/-190
f -193/-193/-193 -195/-195/-195 -194/-194/-194
f -781/-781/-781 -783/-783/-783 -782/-782/-782
f -778/-778/-778 -768/-768/-768 -779/-779/-779
f -777/-777/-777 -767/-767/-767 -778/-778/-778
f -774/-774/-774 -764/-764/-764 -775/-775/-775
f -800/-800/-800 -790/-790/-790 -801/-801/-801
f -797/-797/-797 -788/-788/-788 -798/-798/-798
f -775/-775/-775 -766/-766/-766 -776/-776/-776
f -776/-776/-776 -765/-765/-765 -777/-777/-777
f -794/-794/-794 -786/-786/-786 -795/-795/-795
f -791/-791/-791 -784/-784/-784 -792/-792/-792
f -43/-43/-43 -33/-33/-33 -44/-44/-44
f -42/-42/-42 -32/-32/-32 -43/-43/-43
f -39/-39/-39 -29/-29/-29 -40/-40/-40
f -40/-40/-40 -31/-31/-31 -41/-41/-41
f -41/-41/-41 -30/-30/-30 -42/-42/-42
f -46/-46/-46 -48/-48/-48 -47/-47/-47
f -56/-56/-56 -49/-49/-49 -57/-57/-57
f -59/-59/-59 -51/-51/-51 -60/-60/-60
f -62/-62/-62 -53/-53/-53 -63/-63/-63
f -65/-65/-65 -55/-55/-55 -66/-66/-66
f -212/-212/-212 -202/-202/-202 -213/-213/-213
f -209/-209/-209 -200/-200/-200 -210/-210/-210
f -206/-206/-206 -198/-198/-198 -207/-207/-207
f -203/-203/-203 -196/-196/-196 -204/-204/-204
f -91/-91/-91 -90/-90/-90 -73/-73/-73
f -73/-73/-73 -90/-90/-90 -89/-89/-89
f -73/-73/-73 -89/-89/-89 -74/-74/-74
f -74/-74/-74 -89/-89/-89 -88/-88/-88
f -74/-74/-74 -88/-88/-88 -75/-75/-75
f -75/-75/-75 -88/-88/-88 -76/-76/-76
f -916/-916/-916 -915/-915/-915 -928/-928/-928
f -928/-928/-928 -915/-915/-915 -914/-914/-914
f -928/-928/-928 -914/-914/-914 -929/-929/-929
f -928/-928/-928 -927/-927/-927 -916/-916/-916
f -916/-916/-916 -927/-927/-927 -926/-926/-926
f -916/-916/-916 -926/-926/-926 -917/-917/-917
f -917/-917/-917 -926/-926/-926 -925/-925/-925
f -917/-917/-917 -925/-925/-925 -918/-918/-918
f -918/-918/-918 -925/-925/-925 -924/-924/-924
f -918/-918/-918 -924/-924/-924 -919/-919/-919
f -919/-919/-919 -924/-924/-924 -920/-920/-920
f -924/-924/-924 -923/-923/-923 -920/-920/-920
f -920/-920/-920 -923/-923/-923 -922/-922/-922
f -920/-920/-920 -922/-922/-922 -921/-921/-921
f -950/-950/-950 -949/-949/-949 -946/-946/-946
f -946/-946/-946 -949/-949/-949 -948/-948/-948
f -946/-946/-946 -948/-948/-948 -947/-947/-947
f -942/-942/-942 -941/-941/-941 -954/-954/-954
f -954/-954/-954 -941/-941/-941 -940/-940/-940
f -954/-954/-954 -940/-940/-940 -955/-955/-955
f -954/-954/-954 -953/-953/-953 -942/-942/-942
f -942/-942/-942 -953/-953/-953 -952/-952/-952
f -942/-942/-942 -952/-952/-952 -943/-943/-943
f -943/-943/-943 -952/-952/-952 -951/-951/-951
f -943/-943/-943 -951/-951/-951 -944/-944/-944
f -944/-944/-944 -951/-951/-951 -950/-950/-950
f -944/-944/-944 -950/-950/-950 -945/-945/-945
f -945/-945/-945 -950/-950/-950 -946/-946/-946
f -898/-898/-898 -897/-897/-897 -894/-894/-894
f -894/-894/-894 -897/-897/-897 -896/-896/-896
f -894/-894/-894 -896/-896/-896 -895/-895/-895
f -902/-902/-902 -901/-901/-901 -890/-890/-890
f -890/-890/-890 -901/-901/-901 -900/-900/-900
f -890/-890/-890 -900/-900/-900 -891/-891/-891
f -891/-891/-891 -900/-900/-900 -899/-899/-899
f -891/-891/-891 -899/-899/-899 -892/-892/-892
f -892/-892/-892 -899/-899/-899 -898/-898/-898
f -892/-892/-892 -898/-898/-898 -893/-893/-893
f -893/-893/-893 -898/-898/-898 -894/-894/-894
f -735/-735/-735 -734/-734/-734 -711/-711/-711
f -711/-711/-711 -734/-734/-734 -733/-733/-733
f -711/-711/-711 -733/-733/-733 -712/-712/-712
f -712/-712/-712 -733/-733/-733 -732/-732/-732
f -712/-712/-712 -732/-732/-732 -713/-713/-713
f -713/-713/-713 -732/-732/-732 -714/-714/-714
f -731/-731/-731 -730/-730/-730 -715/-715/-715
f -715/-715/-715 -730/-730/-730 -729/-729/-729
f -715/-715/-715 -729/-729/-729 -716/-716/-716
f -716/-716/-716 -729/-729/-729 -728/-728/-728
f -716/-716/-716 -728/-728/-728 -717/-717/-717
f -717/-717/-717 -728/-728/-728 -718/-718/-718
f -727/-727/-727 -726/-726/-726 -719/-719/-719
f -719/-719/-719 -726/-726/-726 -725/-725/-725
f -719/-719/-719 -725/-725/-725 -720/-720/-720
f -720/-720/-720 -725/-725/-725 -724/-724/-724
f -720/-720/-720 -724/-724/-724 -721/-721/-721
f -721/-721/-721 -724/-724/-724 -722/-722/-722
f -1125/-1125/-1125 -1124/-1124/-1124 -1117/-1117/-1117
f -1117/-1117/-1117 -1124/-1124/-1124 -1123/-1123/-1123
f -1117/-1117/-1117 -1123/-1123/-1123 -1118/-1118/-1118
f -1118/-1118/-1118 -1123/-1123/-1123 -1122/-1122/-1122
f -1118/-1118/-1118 -1122/-1122/-1122 -1119/-1119/-1119
f -1119/-1119/-1119 -1122/-1122/-1122 -1120/-1120/-1120
f -1089/-1089/-1089 -1088/-1088/-1088 -1099/-1099/-1099
f -1099/-1099/-1099 -1088/-1088/-1088 -1087/-1087/-1087
f -1099/-1099/-1099 -1087/-1087/-1087 -1100/-1100/-1100
f -1100/-1100/-1100 -1087/-1087/-1087 -1086/-1086/-1086
f -1100/-1100/-1100 -1086/-1086/-1086 -1101/-1101/-1101
f -1098/-1098/-1098 -1097/-1097/-1097 -1090/-1090/-1090
f -1090/-1090/-1090 -1097/-1097/-1097 -1096/-1096/-1096
f -1090/-1090/-1090 -1096/-1096/-1096 -1091/-1091/-1091
f -1091/-1091/-1091 -1096/-1096/-1096 -1095/-1095/-1095
f -1091/-1091/-1091 -1095/-1095/-1095 -1092/-1092/-1092
f -1092/-1092/-1092 -1095/-1095/-1095 -1093/-1093/-1093
f -1143/-1143/-1143 -1166/-1166/-1166 -1144/-1144/-1144
f -1144/-1144/-1144 -1166/-1166/-1166 -1165/-1165/-1165
f -1144/-1144/-1144 -1165/-1165/-1165 -1145/-1145/-1145
f -1145/-1145/-1145 -1165/-1165/-1165 -1164/-1164/-1164
f -1145/-1145/-1145 -1164/-1164/-1164 -1146/-1146/-1146
f -1146/-1146/-1146 -1164/-1164/-1164 -1163/-1163/-1163
f -1146/-1146/-1146 -1163/-1163/-1163 -1147/-1147/-1147
f -1147/-1147/-1147 -1163/-1163/-1163 -1162/-1162/-1162
f -1147/-1147/-1147 -1162/-1162/-1162 -1148/-1148/-1148
f -1148/-1148/-1148 -1162/-1162/-1162 -1161/-1161/-1161
f -1148/-1148/-1148 -1161/-1161/-1161 -1149/-1149/-1149
f -1149/-1149/-1149 -1161/-1161/-1161 -1160/-1160/-1160
f -1149/-1149/-1149 -1160/-1160/-1160 -1150/-1150/-1150
f -1150/-1150/-1150 -1160/-1160/-1160 -1159/-1159/-1159
f -1150/-1150/-1150 -1159/-1159/-1159 -1151/-1151/-1151
f -1151/-1151/-1151 -1159/-1159/-1159 -1158/-1158/-1158
f -1151/-1151/-1151 -1158/-1158/-1158 -1152/-1152/-1152
f -1152/-1152/-1152 -1158/-1158/-1158 -1157/-1157/-1157
f -1152/-1152/-1152 -1157/-1157/-1157 -1153/-1153/-1153
f -1153/-1153/-1153 -1157/-1157/-1157 -1156/-1156/-1156
f -1153/-1153/-1153 -1156/-1156/-1156 -1154/-1154/-1154
f -1154/-1154/-1154 -1156/-1156/-1156 -1155/-1155/-1155
f -1116/-1116/-1116 -1115/-1115/-1115 -1126/-1126/-1126
f -1126/-1126/-1126 -1115/-1115/-1115 -1114/-1114/-1114
f -1126/-1126/-1126 -1114/-1114/-1114 -1127/-1127/-1127
f -1127/-1127/-1127 -1114/-1114/-1114 -1113/-1113/-1113
f -1127/-1127/-1127 -1113/-1113/-1113 -1128/-1128/-1128
f -1187/-1187/-1187 -1209/-1209/-1209 -1188/-1188/-1188
f -1188/-1188/-1188 -1209/-1209/-1209 -1208/-1208/-1208
f -1188/-1188/-1188 -1208/-1208/-1208 -1189/-1189/-1189
f -1189/-1189/-1189 -1208/-1208/-1208 -1207/-1207/-1207
f -1189/-1189/-1189 -1207/-1207/-1207 -1190/-1190/-1190
f -1190/-1190/-1190 -1207/-1207/-1207 -1206/-1206/-1206
f -1190/-1190/-1190 -1206/-1206/-1206 -1191/-1191/-1191
f -1191/-1191/-1191 -1206/-1206/-1206 -1205/-1205/-1205
f -1191/-1191/-1191 -1205/-1205/-1205 -1192/-1192/-1192
f -1192/-1192/-1192 -1205/-1205/-1205 -1204/-1204/-1204
f -1192/-1192/-1192 -1204/-1204/-1204 -1193/-1193/-1193
f -1193/-1193/-1193 -1204/-1204/-1204 -1203/-1203/-1203
f -1193/-1193/-1193 -1203/-1203/-1203 -1194/-1194/-1194
f -1194/-1194/-1194 -1203/-1203/-1203 -1202/-1202/-1202
f -1194/-1194/-1194 -1202/-1202/-1202 -1195/-1195/-1195
f -1195/-1195/-1195 -1202/-1202/-1202 -1201/-1201/-1201
f -1195/-1195/-1195 -1201/-1201/-1201 -1196/-1196/-1196
f -1196/-1196/-1196 -1201/-1201/-1201 -1200/-1200/-1200
f -1196/-1196/-1196 -1200/-1200/-1200 -1197/-1197/-1197
f -1197/-1197/-1197 -1200/-1200/-1200 -1199/-1199/-1199
f -1197/-1197/-1197 -1199/-1199/-1199 -1198/-1198/-1198
f -1018/-1018/-1018 -1017/-1017/-1017 -1014/-1014/-1014
f -1014/-1014/-1014 -1017/-1017/-1017 -1016/-1016/-1016
f -1014/-1014/-1014 -1016/-1016/-1016 -1015/-1015/-1015
f -1022/-1022/-1022 -1021/-1021/-1021 -1010/-1010/-1010
f -1010/-1010/-1010 -1021/-1021/-1021 -1020/-1020/-1020
f -1010/-1010/-1010 -1020/-1020/-1020 -1011/-1011/-1011
f -1011/-1011/-1011 -1020/-1020/-1020 -1019/-1019/-1019
f -1011/-1011/-1011 -1019/-1019/-1019 -1012/-1012/-1012
f -1012/-1012/-1012 -1019/-1019/-1019 -1018/-1018/-1018
f -1012/-1012/-1012 -1018/-1018/-1018 -1013/-1013/-1013
f -1013/-1013/-1013 -1018/-1018/-1018 -1014/-1014/-1014
f -1010/-1010/-1010 -1009/-1009/-1009 -1022/-1022/-1022
f -1022/-1022/-1022 -1009/-1009/-1009 -1008/-1008/-1008
f -1022/-1022/-1022 -1008/-1008/-1008 -1023/-1023/-1023
f -1070/-1070/-1070 -1069/-1069/-1069 -1066/-1066/-1066
f -1066/-1066/-1066 -1069/-1069/-1069 -1068/-1068/-1068
f -1066/-1066/-1066 -1068/-1068/-1068 -1067/-1067/-1067
f -1062/-1062/-1062 -1061/-1061/-1061 -1074/-1074/-1074
f -1074/-1074/-1074 -1061/-1061/-1061 -1060/-1060/-1060
f -1074/-1074/-1074 -1060/-1060/-1060 -1075/-1075/-1075
f -1074/-1074/-1074 -1073/-1073/-1073 -1062/-1062/-1062
f -1062/-1062/-1062 -1073/-1073/-1073 -1072/-1072/-1072
f -1062/-1062/-1062 -1072/-1072/-1072 -1063/-1063/-1063
f -1063/-1063/-1063 -1072/-1072/-1072 -1071/-1071/-1071
f -1063/-1063/-1063 -1071/-1071/-1071 -1064/-1064/-1064
f -1064/-1064/-1064 -1071/-1071/-1071 -1070/-1070/-1070
f -1064/-1064/-1064 -1070/-1070/-1070 -1065/-1065/-1065
f -1065/-1065/-1065 -1070/-1070/-1070 -1066/-1066/-1066
f -1044/-1044/-1044 -1043/-1043/-1043 -1040/-1040/-1040
f -1040/-1040/-1040 -1043/-1043/-1043 -1042/-1042/-1042
f -1040/-1040/-1040 -1042/-1042/-1042 -1041/-1041/-1041
f -1048/-1048/-1048 -1047/-1047/-1047 -1036/-1036/-1036
f -1036/-1036/-1036 -1047/-1047/-1047 -1046/-1046/-1046
f -1036/-1036/-1036 -1046/-1046/-1046 -1037/-1037/-1037
f -1037/-1037/-1037 -1046/-1046/-1046 -1045/-1045/-1045
f -1037/-1037/-1037 -1045/-1045/-1045 -1038/-1038/-1038
f -1038/-1038/-1038 -1045/-1045/-1045 -1044/-1044/-1044
f -1038/-1038/-1038 -1044/-1044/-1044 -1039/-1039/-1039
f -1039/-1039/-1039 -1044/-1044/-1044 -1040/-1040/-1040
f -1036/-1036/-1036 -1035/-1035/-1035 -1048/-1048/-1048
f -1048/-1048/-1048 -1035/-1035/-1035 -1034/-1034/-1034
f -1048/-1048/-1048 -1034/-1034/-1034 -1049/-1049/-1049
f -1339/-1339/-1339 -1317/-1317/-1317 -1340/-1340/-1340
f -1340/-1340/-1340 -1317/-1317/-1317 -1316/-1316/-1316
f -1340/-1340/-1340 -1316/-1316/-1316 -1341/-1341/-1341
f -1341/-1341/-1341 -1316/-1316/-1316 -1315/-1315/-1315
f -1341/-1341/-1341 -1315/-1315/-1315 -1342/-1342/-1342
f -1342/-1342/-1342 -1315/-1315/-1315 -1314/-1314/-1314
f -1342/-1342/-1342 -1314/-1314/-1314 -1343/-1343/-1343
f -1343/-1343/-1343 -1314/-1314/-1314 -1313/-1313/-1313
f -1343/-1343/-1343 -1313/-1313/-1313 -1344/-1344/-1344
f -1344/-1344/-1344 -1313/-1313/-1313 -1312/-1312/-1312
f -1344/-1344/-1344 -1312/-1312/-1312 -1345/-1345/-1345
f -1345/-1345/-1345 -1312/-1312/-1312 -1311/-1311/-1311
f -1345/-1345/-1345 -1311/-1311/-1311 -1346/-1346/-1346
f -1346/-1346/-1346 -1311/-1311/-1311 -1310/-1310/-1310
f -1346/-1346/-1346 -1310/-1310/-1310 -1347/-1347/-1347
f -1347/-1347/-1347 -1310/-1310/-1310 -1309/-1309/-1309
f -1347/-1347/-1347 -1309/-1309/-1309 -1348/-1348/-1348
f -1348/-1348/-1348 -1309/-1309/-1309 -1308/-1308/-1308
f -1348/-1348/-1348 -1308/-1308/-1308 -1349/-1349/-1349
f -1349/-1349/-1349 -1308/-1308/-1308 -1351/-1351/-1351
f -1349/-1349/-1349 -1351/-1351/-1351 -1350/-1350/-1350
f -1296/-1296/-1296 -1274/-1274/-1274 -1297/-1297/-1297
f -1297/-1297/-1297 -1274/-1274/-1274 -1273/-1273/-1273
f -1297/-1297/-1297 -1273/-1273/-1273 -1298/-1298/-1298
f -1298/-1298/-1298 -1273/-1273/-1273 -1272/-1272/-1272
f -1298/-1298/-1298 -1272/-1272/-1272 -1299/-1299/-1299
f -1299/-1299/-1299 -1272/-1272/-1272 -1271/-1271/-1271
f -1299/-1299/-1299 -1271/-1271/-1271 -1300/-1300/-1300
f -1300/-1300/-1300 -1271/-1271/-1271 -1270/-1270/-1270
f -1300/-1300/-1300 -1270/-1270/-1270 -1301/-1301/-1301
f -1301/-1301/-1301 -1270/-1270/-1270 -1269/-1269/-1269
f -1301/-1301/-1301 -1269/-1269/-1269 -1302/-1302/-1302
f -1302/-1302/-1302 -1269/-1269/-1269 -1268/-1268/-1268
f -1302/-1302/-1302 -1268/-1268/-1268 -1303/-1303/-1303
f -1303/-1303/-1303 -1268/-1268/-1268 -1267/-1267/-1267
f -1303/-1303/-1303 -1267/-1267/-1267 -1304/-1304/-1304
f -1304/-1304/-1304 -1267/-1267/-1267 -1266/-1266/-1266
f -1304/-1304/-1304 -1266/-1266/-1266 -1305/-1305/-1305
f -1305/-1305/-1305 -1266/-1266/-1266 -1265/-1265/-1265
f -1305/-1305/-1305 -1265/-1265/-1265 -1306/-1306/-1306
f -1306/-1306/-1306 -1265/-1265/-1265 -1264/-1264/-1264
f -1306/-1306/-1306 -1264/-1264/-1264 -1307/-1307/-1307
f -442/-442/-442 -467/-467/-467 -443/-443/-443
f -443/-443/-443 -467/-467/-467 -466/-466/-466
f -443/-443/-443 -466/-466/-466 -465/-465/-465
f -443/-443/-443 -465/-465/-465 -444/-444/-444
f -444/-444/-444 -465/-465/-465 -464/-464/-464
f -444/-444/-444 -464/-464/-464 -445/-445/-445
f -445/-445/-445 -464/-464/-464 -446/-446/-446
f -464/-464/-464 -463/-463/-463 -446/-446/-446
f -446/-446/-446 -463/-463/-463 -462/-462/-462
f -446/-446/-446 -462/-462/-462 -447/-447/-447
f -447/-447/-447 -462/-462/-462 -461/-461/-461
f -447/-447/-447 -461/-461/-461 -448/-448/-448
f -448/-448/-448 -461/-461/-461 -449/-449/-449
f -461/-461/-461 -460/-460/-460 -449/-449/-449
f -449/-449/-449 -460/-460/-460 -459/-459/-459
f -449/-449/-449 -459/-459/-459 -450/-450/-450
f -450/-450/-450 -459/-459/-459 -458/-458/-458
f -450/-450/-450 -458/-458/-458 -451/-451/-451
f -451/-451/-451 -458/-458/-458 -457/-457/-457
f -451/-451/-451 -457/-457/-457 -452/-452/-452
f -452/-452/-452 -457/-457/-457 -453/-453/-453
f -457/-457/-457 -456/-456/-456 -453/-453/-453
f -453/-453/-453 -456/-456/-456 -455/-455/-455
f -453/-453/-453 -455/-455/-455 -454/-454/-454
f -561/-561/-561 -560/-560/-560 -537/-537/-537
f -537/-537/-537 -560/-560/-560 -559/-559/-559
f -537/-537/-537 -559/-559/-559 -538/-538/-538
f -538/-538/-538 -559/-559/-559 -558/-558/-558
f -538/-538/-538 -558/-558/-558 -539/-539/-539
f -539/-539/-539 -558/-558/-558 -540/-540/-540
f -549/-549/-549 -548/-548/-548 -550/-550/-550
f -550/-550/-550 -548/-548/-548 -547/-547/-547
f -550/-550/-550 -547/-547/-547 -546/-546/-546
f -553/-553/-553 -552/-552/-552 -545/-545/-545
f -545/-545/-545 -552/-552/-552 -551/-551/-551
f -545/-545/-545 -551/-551/-551 -546/-546/-546
f -546/-546/-546 -551/-551/-551 -550/-550/-550
f -557/-557/-557 -556/-556/-556 -541/-541/-541
f -541/-541/-541 -556/-556/-556 -555/-555/-555
f -541/-541/-541 -555/-555/-555 -542/-542/-542
f -542/-542/-542 -555/-555/-555 -554/-554/-554
f -542/-542/-542 -554/-554/-554 -543/-543/-543
f -543/-543/-543 -554/-554/-554 -544/-544/-544
f -1263/-1263/-1263 -1262/-1262/-1262 -1220/-1220/-1220
f -1220/-1220/-1220 -1262/-1262/-1262 -1261/-1261/-1261
f -1220/-1220/-1220 -1261/-1261/-1261 -1221/-1221/-1221
f -1221/-1221/-1221 -1261/-1261/-1261 -1260/-1260/-1260
f -1221/-1221/-1221 -1260/-1260/-1260 -1222/-1222/-1222
f -1222/-1222/-1222 -1260/-1260/-1260 -1259/-1259/-1259
f -1222/-1222/-1222 -1259/-1259/-1259 -1223/-1223/-1223
f -1223/-1223/-1223 -1259/-1259/-1259 -1258/-1258/-1258
f -1223/-1223/-1223 -1258/-1258/-1258 -1224/-1224/-1224
f -1224/-1224/-1224 -1258/-1258/-1258 -1257/-1257/-1257
f -1224/-1224/-1224 -1257/-1257/-1257 -1225/-1225/-1225
f -1225/-1225/-1225 -1257/-1257/-1257 -1256/-1256/-1256
f -1225/-1225/-1225 -1256/-1256/-1256 -1226/-1226/-1226
f -1226/-1226/-1226 -1256/-1256/-1256 -1255/-1255/-1255
f -1226/-1226/-1226 -1255/-1255/-1255 -1227/-1227/-1227
f -1227/-1227/-1227 -1255/-1255/-1255 -1254/-1254/-1254
f -1227/-1227/-1227 -1254/-1254/-1254 -1228/-1228/-1228
f -1228/-1228/-1228 -1254/-1254/-1254 -1253/-1253/-1253
f -1228/-1228/-1228 -1253/-1253/-1253 -1229/-1229/-1229
f -1229/-1229/-1229 -1253/-1253/-1253 -1252/-1252/-1252
f -1229/-1229/-1229 -1252/-1252/-1252 -1230/-1230/-1230
f -1230/-1230/-1230 -1252/-1252/-1252 -1251/-1251/-1251
f -580/-580/-580 -579/-579/-579 -572/-572/-572
f -572/-572/-572 -579/-579/-579 -578/-578/-578
f -572/-572/-572 -578/-578/-578 -573/-573/-573
f -573/-573/-573 -578/-578/-578 -577/-577/-577
f -573/-573/-573 -577/-577/-577 -574/-574/-574
f -574/-574/-574 -577/-577/-577 -575/-575/-575
f -535/-535/-535 -534/-534/-534 -511/-511/-511
f -511/-511/-511 -534/-534/-534 -533/-533/-533
f -511/-511/-511 -533/-533/-533 -512/-512/-512
f -512/-512/-512 -533/-533/-533 -532/-532/-532
f -512/-512/-512 -532/-532/-532 -513/-513/-513
f -513/-513/-513 -532/-532/-532 -514/-514/-514
f -532/-532/-532 -531/-531/-531 -514/-514/-514
f -514/-514/-514 -531/-531/-531 -530/-530/-530
f -514/-514/-514 -530/-530/-530 -515/-515/-515
f -515/-515/-515 -530/-530/-530 -529/-529/-529
f -515/-515/-515 -529/-529/-529 -516/-516/-516
f -516/-516/-516 -529/-529/-529 -517/-517/-517
f -529/-529/-529 -528/-528/-528 -517/-517/-517
f -517/-517/-517 -528/-528/-528 -527/-527/-527
f -517/-517/-517 -527/-527/-527 -518/-518/-518
f -518/-518/-518 -527/-527/-527 -526/-526/-526
f -518/-518/-518 -526/-526/-526 -519/-519/-519
f -519/-519/-519 -526/-526/-526 -525/-525/-525
f -519/-519/-519 -525/-525/-525 -520/-520/-520
f -520/-520/-520 -525/-525/-525 -521/-521/-521
f -525/-525/-525 -524/-524/-524 -521/-521/-521
f -521/-521/-521 -524/-524/-524 -523/-523/-523
f -521/-521/-521 -523/-523/-523 -522/-522/-522
f -611/-611/-611 -610/-610/-610 -593/-593/-593
f -593/-593/-593 -610/-610/-610 -609/-609/-609
f -593/-593/-593 -609/-609/-609 -594/-594/-594
f -594/-594/-594 -609/-609/-609 -608/-608/-608
f -594/-594/-594 -608/-608/-608 -595/-595/-595
f -595/-595/-595 -608/-608/-608 -596/-596/-596
f -608/-608/-608 -607/-607/-607 -596/-596/-596
f -596/-596/-596 -607/-607/-607 -606/-606/-606
f -596/-596/-596 -606/-606/-606 -597/-597/-597
f -597/-597/-597 -606/-606/-606 -605/-605/-605
f -597/-597/-597 -605/-605/-605 -598/-598/-598
f -598/-598/-598 -605/-605/-605 -604/-604/-604
f -598/-598/-598 -604/-604/-604 -599/-599/-599
f -599/-599/-599 -604/-604/-604 -600/-600/-600
f -614/-614/-614 -613/-613/-613 -590/-590/-590
f -590/-590/-590 -613/-613/-613 -612/-612/-612
f -590/-590/-590 -612/-612/-612 -591/-591/-591
f -591/-591/-591 -612/-612/-612 -611/-611/-611
f -591/-591/-591 -611/-611/-611 -592/-592/-592
f -592/-592/-592 -611/-611/-611 -593/-593/-593
f -1542/-1542/-1542 -1541/-1541/-1541 -1434/-1434/-1434
f -1434/-1434/-1434 -1541/-1541/-1541 -1540/-1540/-1540
f -1434/-1434/-1434 -1540/-1540/-1540 -1435/-1435/-1435
f -1435/-1435/-1435 -1540/-1540/-1540 -1539/-1539/-1539
f -1435/-1435/-1435 -1539/-1539/-1539 -1436/-1436/-1436
f -1436/-1436/-1436 -1539/-1539/-1539 -1538/-1538/-1538
f -1436/-1436/-1436 -1538/-1538/-1538 -1437/-1437/-1437
f -1437/-1437/-1437 -1538/-1538/-1538 -1537/-1537/-1537
f -1437/-1437/-1437 -1537/-1537/-1537 -1438/-1438/-1438
f -1438/-1438/-1438 -1537/-1537/-1537 -1372/-1372/-1372
f -1438/-1438/-1438 -1372/-1372/-1372 -1477/-1477/-1477
f -1477/-1477/-1477 -1372/-1372/-1372 -1378/-1378/-1378
f -1477/-1477/-1477 -1378/-1378/-1378 -1478/-1478/-1478
f -604/-604/-604 -603/-603/-603 -600/-600/-600
f -600/-600/-600 -603/-603/-603 -602/-602/-602
f -600/-600/-600 -602/-602/-602 -601/-601/-601
f -1562/-1562/-1562 -1561/-1561/-1561 -1453/-1453/-1453
f -1453/-1453/-1453 -1561/-1561/-1561 -1444/-1444/-1444
f -1453/-1453/-1453 -1444/-1444/-1444 -1454/-1454/-1454
f -1454/-1454/-1454 -1444/-1444/-1444 -1443/-1443/-1443
f -1454/-1454/-1454 -1443/-1443/-1443 -1455/-1455/-1455
f -1455/-1455/-1455 -1443/-1443/-1443 -1442/-1442/-1442
f -1455/-1455/-1455 -1442/-1442/-1442 -1456/-1456/-1456
f -1456/-1456/-1456 -1442/-1442/-1442 -1441/-1441/-1441
f -1456/-1456/-1456 -1441/-1441/-1441 -1457/-1457/-1457
f -1457/-1457/-1457 -1441/-1441/-1441 -1440/-1440/-1440
f -1457/-1457/-1457 -1440/-1440/-1440 -1458/-1458/-1458
f -1458/-1458/-1458 -1440/-1440/-1440 -1439/-1439/-1439
f -1458/-1458/-1458 -1439/-1439/-1439 -1459/-1459/-1459
f -1459/-1459/-1459 -1439/-1439/-1439 -1438/-1438/-1438
f -1459/-1459/-1459 -1438/-1438/-1438 -1408/-1408/-1408
f -1408/-1408/-1408 -1438/-1438/-1438 -1477/-1477/-1477
f -1408/-1408/-1408 -1477/-1477/-1477 -1409/-1409/-1409
f -1409/-1409/-1409 -1477/-1477/-1477 -1476/-1476/-1476
f -1409/-1409/-1409 -1476/-1476/-1476 -1410/-1410/-1410
f -1410/-1410/-1410 -1476/-1476/-1476 -1475/-1475/-1475
f -1410/-1410/-1410 -1475/-1475/-1475 -1474/-1474/-1474
f -584/-584/-584 -583/-583/-583 -568/-568/-568
f -568/-568/-568 -583/-583/-583 -582/-582/-582
f -568/-568/-568 -582/-582/-582 -569/-569/-569
f -569/-569/-569 -582/-582/-582 -581/-581/-581
f -569/-569/-569 -581/-581/-581 -570/-570/-570
f -570/-570/-570 -581/-581/-581 -571/-571/-571
f -1408/-1408/-1408 -1407/-1407/-1407 -1459/-1459/-1459
f -1459/-1459/-1459 -1407/-1407/-1407 -1460/-1460/-1460
f -588/-588/-588 -587/-587/-587 -564/-564/-564
f -564/-564/-564 -587/-587/-587 -586/-586/-586
f -564/-564/-564 -586/-586/-586 -565/-565/-565
f -565/-565/-565 -586/-586/-586 -585/-585/-585
f -565/-565/-565 -585/-585/-585 -566/-566/-566
f -566/-566/-566 -585/-585/-585 -567/-567/-567
f -1407/-1407/-1407 -1406/-1406/-1406 -1460/-1460/-1460
f -1460/-1460/-1460 -1406/-1406/-1406 -1461/-1461/-1461
f -1410/-1410/-1410 -1474/-1474/-1474 -1411/-1411/-1411
f -1411/-1411/-1411 -1474/-1474/-1474 -1473/-1473/-1473
f -1411/-1411/-1411 -1473/-1473/-1473 -1412/-1412/-1412
f -1412/-1412/-1412 -1473/-1473/-1473 -1472/-1472/-1472
f -1412/-1412/-1412 -1472/-1472/-1472 -1413/-1413/-1413
f -1413/-1413/-1413 -1472/-1472/-1472 -1495/-1495/-1495
f -1413/-1413/-1413 -1495/-1495/-1495 -1414/-1414/-1414
f -1414/-1414/-1414 -1495/-1495/-1495 -1572/-1572/-1572
f -1414/-1414/-1414 -1572/-1572/-1572 -1571/-1571/-1571
f -1567/-1567/-1567 -1465/-1465/-1465 -1402/-1402/-1402
f -1402/-1402/-1402 -1465/-1465/-1465 -1464/-1464/-1464
f -1402/-1402/-1402 -1464/-1464/-1464 -1403/-1403/-1403
f -1403/-1403/-1403 -1464/-1464/-1464 -1463/-1463/-1463
f -1403/-1403/-1403 -1463/-1463/-1463 -1404/-1404/-1404
f -1404/-1404/-1404 -1463/-1463/-1463 -1462/-1462/-1462
f -1404/-1404/-1404 -1462/-1462/-1462 -1405/-1405/-1405
f -1405/-1405/-1405 -1462/-1462/-1462 -1461/-1461/-1461
f -1405/-1405/-1405 -1461/-1461/-1461 -1406/-1406/-1406
f -672/-672/-672 -671/-671/-671 -668/-668/-668
f -668/-668/-668 -671/-671/-671 -670/-670/-670
f -668/-668/-668 -670/-670/-670 -669/-669/-669
f -676/-676/-676 -675/-675/-675 -664/-664/-664
f -664/-664/-664 -675/-675/-675 -674/-674/-674
f -664/-664/-664 -674/-674/-674 -665/-665/-665
f -665/-665/-665 -674/-674/-674 -673/-673/-673
f -665/-665/-665 -673/-673/-673 -666/-666/-666
f -666/-666/-666 -673/-673/-673 -672/-672/-672
f -666/-666/-666 -672/-672/-672 -667/-667/-667
f -667/-667/-667 -672/-672/-672 -668/-668/-668
f -679/-679/-679 -678/-678/-678 -661/-661/-661
f -661/-661/-661 -678/-678/-678 -677/-677/-677
f -661/-661/-661 -677/-677/-677 -662/-662/-662
f -662/-662/-662 -677/-677/-677 -676/-676/-676
f -662/-662/-662 -676/-676/-676 -663/-663/-663
f -663/-663/-663 -676/-676/-676 -664/-664/-664
f -682/-682/-682 -681/-681/-681 -658/-658/-658
f -658/-658/-658 -681/-681/-681 -680/-680/-680
f -658/-658/-658 -680/-680/-680 -659/-659/-659
f -659/-659/-659 -680/-680/-680 -679/-679/-679
f -659/-659/-659 -679/-679/-679 -660/-660/-660
f -660/-660/-660 -679/-679/-679 -661/-661/-661
f -700/-700/-700 -699/-699/-699 -692/-692/-692
f -692/-692/-692 -699/-699/-699 -698/-698/-698
f -692/-692/-692 -698/-698/-698 -693/-693/-693
f -693/-693/-693 -698/-698/-698 -697/-697/-697
f -693/-693/-693 -697/-697/-697 -694/-694/-694
f -694/-694/-694 -697/-697/-697 -695/-695/-695
f -704/-704/-704 -703/-703/-703 -688/-688/-688
f -688/-688/-688 -703/-703/-703 -702/-702/-702
f -688/-688/-688 -702/-702/-702 -689/-689/-689
f -689/-689/-689 -702/-702/-702 -701/-701/-701
f -689/-689/-689 -701/-701/-701 -690/-690/-690
f -690/-690/-690 -701/-701/-701 -691/-691/-691
f -708/-708/-708 -707/-707/-707 -684/-684/-684
f -684/-684/-684 -707/-707/-707 -706/-706/-706
f -684/-684/-684 -706/-706/-706 -685/-685/-685
f -685/-685/-685 -706/-706/-706 -705/-705/-705
f -685/-685/-685 -705/-705/-705 -686/-686/-686
f -686/-686/-686 -705/-705/-705 -687/-687/-687
f -310/-310/-310 -309/-309/-309 -306/-306/-306
f -306/-306/-306 -309/-309/-309 -308/-308/-308
f -306/-306/-306 -308/-308/-308 -307/-307/-307
f -317/-317/-317 -316/-316/-316 -299/-299/-299
f -299/-299/-299 -316/-316/-316 -315/-315/-315
f -299/-299/-299 -315/-315/-315 -300/-300/-300
f -300/-300/-300 -315/-315/-315 -314/-314/-314
f -300/-300/-300 -314/-314/-314 -301/-301/-301
f -301/-301/-301 -314/-314/-314 -302/-302/-302
f -314/-314/-314 -313/-313/-313 -302/-302/-302
f -302/-302/-302 -313/-313/-313 -312/-312/-312
f -302/-302/-302 -312/-312/-312 -303/-303/-303
f -303/-303/-303 -312/-312/-312 -311/-311/-311
f -303/-303/-303 -311/-311/-311 -304/-304/-304
f -304/-304/-304 -311/-311/-311 -310/-310/-310
f -304/-304/-304 -310/-310/-310 -305/-305/-305
f -305/-305/-305 -310/-310/-310 -306/-306/-306
f -320/-320/-320 -319/-319/-319 -296/-296/-296
f -296/-296/-296 -319/-319/-319 -318/-318/-318
f -296/-296/-296 -318/-318/-318 -297/-297/-297
f -297/-297/-297 -318/-318/-318 -317/-317/-317
f -297/-297/-297 -317/-317/-317 -298/-298/-298
f -298/-298/-298 -317/-317/-317 -299/-299/-299
f -1494/-1494/-1494 -1493/-1493/-1493 -1573/-1573/-1573
f -1573/-1573/-1573 -1493/-1493/-1493 -1492/-1492/-1492
f -1573/-1573/-1573 -1492/-1492/-1492 -1574/-1574/-1574
f -1574/-1574/-1574 -1492/-1492/-1492 -1491/-1491/-1491
f -1574/-1574/-1574 -1491/-1491/-1491 -1490/-1490/-1490
f -1490/-1490/-1490 -1489/-1489/-1489 -1574/-1574/-1574
f -1574/-1574/-1574 -1489/-1489/-1489 -1575/-1575/-1575
f -1601/-1601/-1601 -1600/-1600/-1600 -1597/-1597/-1597
f -1597/-1597/-1597 -1600/-1600/-1600 -1599/-1599/-1599
f -1597/-1597/-1597 -1599/-1599/-1599 -1598/-1598/-1598
f -1605/-1605/-1605 -1604/-1604/-1604 -1593/-1593/-1593
f -1593/-1593/-1593 -1604/-1604/-1604 -1603/-1603/-1603
f -1593/-1593/-1593 -1603/-1603/-1603 -1594/-1594/-1594
f -1594/-1594/-1594 -1603/-1603/-1603 -1602/-1602/-1602
f -1594/-1594/-1594 -1602/-1602/-1602 -1595/-1595/-1595
f -1595/-1595/-1595 -1602/-1602/-1602 -1601/-1601/-1601
f -1595/-1595/-1595 -1601/-1601/-1601 -1596/-1596/-1596
f -1596/-1596/-1596 -1601/-1601/-1601 -1597/-1597/-1597
f -1400/-1400/-1400 -1423/-1423/-1423 -1568/-1568/-1568
f -1568/-1568/-1568 -1423/-1423/-1423 -1422/-1422/-1422
f -1568/-1568/-1568 -1422/-1422/-1422 -1569/-1569/-1569
f -1569/-1569/-1569 -1422/-1422/-1422 -1421/-1421/-1421
f -1569/-1569/-1569 -1421/-1421/-1421 -1420/-1420/-1420
f -1448/-1448/-1448 -1471/-1471/-1471 -1564/-1564/-1564
f -1564/-1564/-1564 -1471/-1471/-1471 -1470/-1470/-1470
f -1564/-1564/-1564 -1470/-1470/-1470 -1565/-1565/-1565
f -1565/-1565/-1565 -1470/-1470/-1470 -1469/-1469/-1469
f -1565/-1565/-1565 -1469/-1469/-1469 -1468/-1468/-1468
f -1414/-1414/-1414 -1571/-1571/-1571 -1415/-1415/-1415
f -1415/-1415/-1415 -1571/-1571/-1571 -1416/-1416/-1416
f -1416/-1416/-1416 -1571/-1571/-1571 -1417/-1417/-1417
f -1417/-1417/-1417 -1571/-1571/-1571 -1570/-1570/-1570
f -1417/-1417/-1417 -1570/-1570/-1570 -1418/-1418/-1418
f -1418/-1418/-1418 -1570/-1570/-1570 -1419/-1419/-1419
f -1570/-1570/-1570 -1569/-1569/-1569 -1419/-1419/-1419
f -1419/-1419/-1419 -1569/-1569/-1569 -1420/-1420/-1420
f -1429/-1429/-1429 -1428/-1428/-1428 -1558/-1558/-1558
f -1558/-1558/-1558 -1428/-1428/-1428 -1427/-1427/-1427
f -1558/-1558/-1558 -1427/-1427/-1427 -1559/-1559/-1559
f -1559/-1559/-1559 -1427/-1427/-1427 -1426/-1426/-1426
f -1559/-1559/-1559 -1426/-1426/-1426 -1425/-1425/-1425
f -1444/-1444/-1444 -1561/-1561/-1561 -1445/-1445/-1445
f -1445/-1445/-1445 -1561/-1561/-1561 -1560/-1560/-1560
f -1445/-1445/-1445 -1560/-1560/-1560 -1446/-1446/-1446
f -1446/-1446/-1446 -1560/-1560/-1560 -1447/-1447/-1447
f -1558/-1558/-1558 -1557/-1557/-1557 -1429/-1429/-1429
f -1429/-1429/-1429 -1557/-1557/-1557 -1430/-1430/-1430
f -1520/-1520/-1520 -1543/-1543/-1543 -1556/-1556/-1556
f -1556/-1556/-1556 -1543/-1543/-1543 -1432/-1432/-1432
f -1556/-1556/-1556 -1432/-1432/-1432 -1557/-1557/-1557
f -1557/-1557/-1557 -1432/-1432/-1432 -1431/-1431/-1431
f -1557/-1557/-1557 -1431/-1431/-1431 -1430/-1430/-1430
f -1453/-1453/-1453 -1452/-1452/-1452 -1562/-1562/-1562
f -1562/-1562/-1562 -1452/-1452/-1452 -1451/-1451/-1451
f -1562/-1562/-1562 -1451/-1451/-1451 -1563/-1563/-1563
f -1563/-1563/-1563 -1451/-1451/-1451 -1450/-1450/-1450
f -1563/-1563/-1563 -1450/-1450/-1450 -1449/-1449/-1449
f -1425/-1425/-1425 -1424/-1424/-1424 -1559/-1559/-1559
f -1559/-1559/-1559 -1424/-1424/-1424 -1560/-1560/-1560
f -1468/-1468/-1468 -1467/-1467/-1467 -1565/-1565/-1565
f -1565/-1565/-1565 -1467/-1467/-1467 -1566/-1566/-1566
f -1467/-1467/-1467 -1466/-1466/-1466 -1566/-1566/-1566
f -1566/-1566/-1566 -1466/-1466/-1466 -1465/-1465/-1465
f -1566/-1566/-1566 -1465/-1465/-1465 -1567/-1567/-1567
f -1526/-1526/-1526 -1525/-1525/-1525 -1553/-1553/-1553
f -1553/-1553/-1553 -1525/-1525/-1525 -1554/-1554/-1554
f -1432/-1432/-1432 -1543/-1543/-1543 -1433/-1433/-1433
f -1433/-1433/-1433 -1543/-1543/-1543 -1542/-1542/-1542
f -1433/-1433/-1433 -1542/-1542/-1542 -1434/-1434/-1434
f -1525/-1525/-1525 -1524/-1524/-1524 -1554/-1554/-1554
f -1554/-1554/-1554 -1524/-1524/-1524 -1523/-1523/-1523
f -1554/-1554/-1554 -1523/-1523/-1523 -1522/-1522/-1522
f -1556/-1556/-1556 -1555/-1555/-1555 -1520/-1520/-1520
f -1520/-1520/-1520 -1555/-1555/-1555 -1521/-1521/-1521
f -406/-406/-406 -405/-405/-405 -398/-398/-398
f -398/-398/-398 -405/-405/-405 -404/-404/-404
f -398/-398/-398 -404/-404/-404 -399/-399/-399
f -399/-399/-399 -404/-404/-404 -403/-403/-403
f -399/-399/-399 -403/-403/-403 -400/-400/-400
f -400/-400/-400 -403/-403/-403 -401/-401/-401
f -414/-414/-414 -413/-413/-413 -390/-390/-390
f -390/-390/-390 -413/-413/-413 -412/-412/-412
f -390/-390/-390 -412/-412/-412 -391/-391/-391
f -391/-391/-391 -412/-412/-412 -411/-411/-411
f -391/-391/-391 -411/-411/-411 -392/-392/-392
f -392/-392/-392 -411/-411/-411 -393/-393/-393
f -410/-410/-410 -409/-409/-409 -394/-394/-394
f -394/-394/-394 -409/-409/-409 -408/-408/-408
f -394/-394/-394 -408/-408/-408 -395/-395/-395
f -395/-395/-395 -408/-408/-408 -407/-407/-407
f -395/-395/-395 -407/-407/-407 -396/-396/-396
f -396/-396/-396 -407/-407/-407 -397/-397/-397
f -1593/-1593/-1593 -1592/-1592/-1592 -1605/-1605/-1605
f -1605/-1605/-1605 -1592/-1592/-1592 -1591/-1591/-1591
f -1605/-1605/-1605 -1591/-1591/-1591 -1606/-1606/-1606
f -437/-437/-437 -436/-436/-436 -421/-421/-421
f -421/-421/-421 -436/-436/-436 -435/-435/-435
f -421/-421/-421 -435/-435/-435 -422/-422/-422
f -422/-422/-422 -435/-435/-435 -434/-434/-434
f -422/-422/-422 -434/-434/-434 -423/-423/-423
f -423/-423/-423 -434/-434/-434 -424/-424/-424
f -429/-429/-429 -428/-428/-428 -430/-430/-430
f -430/-430/-430 -428/-428/-428 -427/-427/-427
f -430/-430/-430 -427/-427/-427 -426/-426/-426
f -433/-433/-433 -432/-432/-432 -425/-425/-425
f -425/-425/-425 -432/-432/-432 -431/-431/-431
f -425/-425/-425 -431/-431/-431 -426/-426/-426
f -426/-426/-426 -431/-431/-431 -430/-430/-430
f -1669/-1669/-1669 -1668/-1668/-1668 -1665/-1665/-1665
f -1665/-1665/-1665 -1668/-1668/-1668 -1667/-1667/-1667
f -1665/-1665/-1665 -1667/-1667/-1667 -1666/-1666/-1666
f -441/-441/-441 -440/-440/-440 -417/-417/-417
f -417/-417/-417 -440/-440/-440 -439/-439/-439
f -417/-417/-417 -439/-439/-439 -418/-418/-418
f -418/-418/-418 -439/-439/-439 -438/-438/-438
f -418/-418/-418 -438/-438/-438 -419/-419/-419
f -419/-419/-419 -438/-438/-438 -420/-420/-420
f -1693/-1693/-1693 -1692/-1692/-1692 -1694/-1694/-1694
f -1694/-1694/-1694 -1692/-1692/-1692 -1691/-1691/-1691
f -1694/-1694/-1694 -1691/-1691/-1691 -1690/-1690/-1690
f -1673/-1673/-1673 -1672/-1672/-1672 -1661/-1661/-1661
f -1661/-1661/-1661 -1672/-1672/-1672 -1671/-1671/-1671
f -1661/-1661/-1661 -1671/-1671/-1671 -1662/-1662/-1662
f -1662/-1662/-1662 -1671/-1671/-1671 -1670/-1670/-1670
f -1662/-1662/-1662 -1670/-1670/-1670 -1663/-1663/-1663
f -1663/-1663/-1663 -1670/-1670/-1670 -1669/-1669/-1669
f -1663/-1663/-1663 -1669/-1669/-1669 -1664/-1664/-1664
f -1664/-1664/-1664 -1669/-1669/-1669 -1665/-1665/-1665
f -1697/-1697/-1697 -1696/-1696/-1696 -1689/-1689/-1689
f -1689/-1689/-1689 -1696/-1696/-1696 -1695/-1695/-1695
f -1689/-1689/-1689 -1695/-1695/-1695 -1690/-1690/-1690
f -1690/-1690/-1690 -1695/-1695/-1695 -1694/-1694/-1694
f -1661/-1661/-1661 -1660/-1660/-1660 -1673/-1673/-1673
f -1673/-1673/-1673 -1660/-1660/-1660 -1659/-1659/-1659
f -1673/-1673/-1673 -1659/-1659/-1659 -1674/-1674/-1674
f -1688/-1688/-1688 -1687/-1687/-1687 -1698/-1698/-1698
f -1698/-1698/-1698 -1687/-1687/-1687 -1686/-1686/-1686
f -1698/-1698/-1698 -1686/-1686/-1686 -1699/-1699/-1699
f -1699/-1699/-1699 -1686/-1686/-1686 -1685/-1685/-1685
f -1699/-1699/-1699 -1685/-1685/-1685 -1700/-1700/-1700
f -378/-378/-378 -377/-377/-377 -374/-374/-374
f -374/-374/-374 -377/-377/-377 -376/-376/-376
f -374/-374/-374 -376/-376/-376 -375/-375/-375
f -382/-382/-382 -381/-381/-381 -370/-370/-370
f -370/-370/-370 -381/-381/-381 -380/-380/-380
f -370/-370/-370 -380/-380/-380 -371/-371/-371
f -371/-371/-371 -380/-380/-380 -379/-379/-379
f -371/-371/-371 -379/-379/-379 -372/-372/-372
f -372/-372/-372 -379/-379/-379 -378/-378/-378
f -372/-372/-372 -378/-378/-378 -373/-373/-373
f -373/-373/-373 -378/-378/-378 -374/-374/-374
f -385/-385/-385 -384/-384/-384 -367/-367/-367
f -367/-367/-367 -384/-384/-384 -383/-383/-383
f -367/-367/-367 -383/-383/-383 -368/-368/-368
f -368/-368/-368 -383/-383/-383 -382/-382/-382
f -368/-368/-368 -382/-382/-382 -369/-369/-369
f -369/-369/-369 -382/-382/-382 -370/-370/-370
f -388/-388/-388 -387/-387/-387 -364/-364/-364
f -364/-364/-364 -387/-387/-387 -386/-386/-386
f -364/-364/-364 -386/-386/-386 -365/-365/-365
f -365/-365/-365 -386/-386/-386 -385/-385/-385
f -365/-365/-365 -385/-385/-385 -366/-366/-366
f -366/-366/-366 -385/-385/-385 -367/-367/-367
f -1724/-1724/-1724 -1723/-1723/-1723 -1716/-1716/-1716
f -1716/-1716/-1716 -1723/-1723/-1723 -1722/-1722/-1722
f -1716/-1716/-1716 -1722/-1722/-1722 -1717/-1717/-1717
f -1717/-1717/-1717 -1722/-1722/-1722 -1721/-1721/-1721
f -1717/-1717/-1717 -1721/-1721/-1721 -1718/-1718/-1718
f -1718/-1718/-1718 -1721/-1721/-1721 -1719/-1719/-1719
f -1715/-1715/-1715 -1714/-1714/-1714 -1725/-1725/-1725
f -1725/-1725/-1725 -1714/-1714/-1714 -1713/-1713/-1713
f -1725/-1725/-1725 -1713/-1713/-1713 -1726/-1726/-1726
f -1726/-1726/-1726 -1713/-1713/-1713 -1712/-1712/-1712
f -1726/-1726/-1726 -1712/-1712/-1712 -1727/-1727/-1727
f -732/-732/-732 -731/-731/-731 -714/-714/-714
f -714/-714/-714 -731/-731/-731 -715/-715/-715
f -728/-728/-728 -727/-727/-727 -718/-718/-718
f -718/-718/-718 -727/-727/-727 -719/-719/-719
f -1099/-1099/-1099 -1098/-1098/-1098 -1089/-1089/-1089
f -1089/-1089/-1089 -1098/-1098/-1098 -1090/-1090/-1090
f -1126/-1126/-1126 -1125/-1125/-1125 -1116/-1116/-1116
f -1116/-1116/-1116 -1125/-1125/-1125 -1117/-1117/-1117
f -1002/-1002/-1002 -1001/-1001/-1001 -1003/-1003/-1003
f -1003/-1003/-1003 -1001/-1001/-1001 -1000/-1000/-1000
f -999/-999/-999 -998/-998/-998 -988/-988/-988
f -988/-988/-988 -998/-998/-998 -997/-997/-997
f -993/-993/-993 -992/-992/-992 -984/-984/-984
f -984/-984/-984 -992/-992/-992 -991/-991/-991
f -996/-996/-996 -995/-995/-995 -986/-986/-986
f -986/-986/-986 -995/-995/-995 -994/-994/-994
f -980/-980/-980 -979/-979/-979 -968/-968/-968
f -968/-968/-968 -979/-979/-979 -978/-978/-978
f -973/-973/-973 -972/-972/-972 -962/-962/-962
f -962/-962/-962 -972/-972/-972 -971/-971/-971
f -971/-971/-971 -970/-970/-970 -961/-961/-961
f -961/-961/-961 -970/-970/-970 -969/-969/-969
f -506/-506/-506 -505/-505/-505 -495/-495/-495
f -495/-495/-495 -505/-505/-505 -504/-504/-504
f -503/-503/-503 -502/-502/-502 -493/-493/-493
f -493/-493/-493 -502/-502/-502 -501/-501/-501
f -509/-509/-509 -508/-508/-508 -510/-510/-510
f -510/-510/-510 -508/-508/-508 -507/-507/-507
f -487/-487/-487 -486/-486/-486 -475/-475/-475
f -475/-475/-475 -486/-486/-486 -485/-485/-485
f -500/-500/-500 -499/-499/-499 -491/-491/-491
f -491/-491/-491 -499/-499/-499 -498/-498/-498
f -480/-480/-480 -479/-479/-479 -469/-469/-469
f -469/-469/-469 -479/-479/-479 -478/-478/-478
f -478/-478/-478 -477/-477/-477 -468/-468/-468
f -468/-468/-468 -477/-477/-477 -476/-476/-476
f -554/-554/-554 -553/-553/-553 -544/-544/-544
f -544/-544/-544 -553/-553/-553 -545/-545/-545
f -558/-558/-558 -557/-557/-557 -540/-540/-540
f -540/-540/-540 -557/-557/-557 -541/-541/-541
f -581/-581/-581 -580/-580/-580 -571/-571/-571
f -571/-571/-571 -580/-580/-580 -572/-572/-572
f -634/-634/-634 -633/-633/-633 -622/-622/-622
f -622/-622/-622 -633/-633/-633 -632/-632/-632
f -585/-585/-585 -584/-584/-584 -567/-567/-567
f -567/-567/-567 -584/-584/-584 -568/-568/-568
f -627/-627/-627 -626/-626/-626 -616/-616/-616
f -616/-616/-616 -626/-626/-626 -625/-625/-625
f -625/-625/-625 -624/-624/-624 -615/-615/-615
f -615/-615/-615 -624/-624/-624 -623/-623/-623
f -656/-656/-656 -655/-655/-655 -657/-657/-657
f -657/-657/-657 -655/-655/-655 -654/-654/-654
f -653/-653/-653 -652/-652/-652 -642/-642/-642
f -642/-642/-642 -652/-652/-652 -651/-651/-651
f -650/-650/-650 -649/-649/-649 -640/-640/-640
f -640/-640/-640 -649/-649/-649 -648/-648/-648
f -647/-647/-647 -646/-646/-646 -638/-638/-638
f -638/-638/-638 -646/-646/-646 -645/-645/-645
f -701/-701/-701 -700/-700/-700 -691/-691/-691
f -691/-691/-691 -700/-700/-700 -692/-692/-692
f -705/-705/-705 -704/-704/-704 -687/-687/-687
f -687/-687/-687 -704/-704/-704 -688/-688/-688
f -1400/-1400/-1400 -1568/-1568/-1568 -1401/-1401/-1401
f -1401/-1401/-1401 -1568/-1568/-1568 -1567/-1567/-1567
f -1401/-1401/-1401 -1567/-1567/-1567 -1402/-1402/-1402
f -1573/-1573/-1573 -1572/-1572/-1572 -1494/-1494/-1494
f -1494/-1494/-1494 -1572/-1572/-1572 -1495/-1495/-1495
f -1564/-1564/-1564 -1563/-1563/-1563 -1448/-1448/-1448
f -1448/-1448/-1448 -1563/-1563/-1563 -1449/-1449/-1449
f -1536/-1536/-1536 -1373/-1373/-1373 -1537/-1537/-1537
f -1537/-1537/-1537 -1373/-1373/-1373 -1372/-1372/-1372
f -1554/-1554/-1554 -1522/-1522/-1522 -1555/-1555/-1555
f -1555/-1555/-1555 -1522/-1522/-1522 -1521/-1521/-1521
f -1631/-1631/-1631 -1630/-1630/-1630 -1619/-1619/-1619
f -1619/-1619/-1619 -1630/-1630/-1630 -1629/-1629/-1629
f -1622/-1622/-1622 -1621/-1621/-1621 -1612/-1612/-1612
f -1612/-1612/-1612 -1621/-1621/-1621 -1620/-1620/-1620
f -1624/-1624/-1624 -1623/-1623/-1623 -1613/-1613/-1613
f -1613/-1613/-1613 -1623/-1623/-1623 -1622/-1622/-1622
f -411/-411/-411 -410/-410/-410 -393/-393/-393
f -393/-393/-393 -410/-410/-410 -394/-394/-394
f -407/-407/-407 -406/-406/-406 -397/-397/-397
f -397/-397/-397 -406/-406/-406 -398/-398/-398
f -1653/-1653/-1653 -1652/-1652/-1652 -1654/-1654/-1654
f -1654/-1654/-1654 -1652/-1652/-1652 -1651/-1651/-1651
f -434/-434/-434 -433/-433/-433 -424/-424/-424
f -424/-424/-424 -433/-433/-433 -425/-425/-425
f -1644/-1644/-1644 -1643/-1643/-1643 -1635/-1635/-1635
f -1635/-1635/-1635 -1643/-1643/-1643 -1642/-1642/-1642
f -438/-438/-438 -437/-437/-437 -420/-420/-420
f -420/-420/-420 -437/-437/-437 -421/-421/-421
f -1650/-1650/-1650 -1649/-1649/-1649 -1639/-1639/-1639
f -1639/-1639/-1639 -1649/-1649/-1649 -1648/-1648/-1648
f -1647/-1647/-1647 -1646/-1646/-1646 -1637/-1637/-1637
f -1637/-1637/-1637 -1646/-1646/-1646 -1645/-1645/-1645
f -353/-353/-353 -352/-352/-352 -344/-344/-344
f -344/-344/-344 -352/-352/-352 -351/-351/-351
f -356/-356/-356 -355/-355/-355 -346/-346/-346
f -346/-346/-346 -355/-355/-355 -354/-354/-354
f -340/-340/-340 -339/-339/-339 -328/-328/-328
f -328/-328/-328 -339/-339/-339 -338/-338/-338
f -1698/-1698/-1698 -1697/-1697/-1697 -1688/-1688/-1688
f -1688/-1688/-1688 -1697/-1697/-1697 -1689/-1689/-1689
f -333/-333/-333 -332/-332/-332 -322/-322/-322
f -322/-322/-322 -332/-332/-332 -331/-331/-331
f -331/-331/-331 -330/-330/-330 -321/-321/-321
f -321/-321/-321 -330/-330/-330 -329/-329/-329
f -362/-362/-362 -361/-361/-361 -363/-363/-363
f -363/-363/-363 -361/-361/-361 -360/-360/-360
f -1725/-1725/-1725 -1724/-1724/-1724 -1715/-1715/-1715
f -1715/-1715/-1715 -1724/-1724/-1724 -1716/-1716/-1716
f -359/-359/-359 -358/-358/-358 -348/-348/-348
f -348/-348/-348 -358/-358/-358 -357/-357/-357
f -723/-723/-723 -722/-722/-722 -724/-724/-724
f -1121/-1121/-1121 -1120/-1120/-1120 -1122/-1122/-1122
f -1094/-1094/-1094 -1093/-1093/-1093 -1095/-1095/-1095
f -1318/-1318/-1318 -1317/-1317/-1317 -1339/-1339/-1339
f -1275/-1275/-1275 -1274/-1274/-1274 -1296/-1296/-1296
f -576/-576/-576 -575/-575/-575 -577/-577/-577
f -696/-696/-696 -695/-695/-695 -697/-697/-697
f -1447/-1447/-1447 -1560/-1560/-1560 -1424/-1424/-1424
f -402/-402/-402 -401/-401/-401 -403/-403/-403
f -1720/-1720/-1720 -1719/-1719/-1719 -1721/-1721/-1721
f -711/-711/-711 -710/-710/-710 -735/-735/-735
f -561/-561/-561 -537/-537/-537 -562/-562/-562
f -535/-535/-535 -511/-511/-511 -536/-536/-536
f -564/-564/-564 -563/-563/-563 -588/-588/-588
f -590/-590/-590 -589/-589/-589 -614/-614/-614
f -682/-682/-682 -658/-658/-658 -683/-683/-683
f -708/-708/-708 -684/-684/-684 -709/-709/-709
f -296/-296/-296 -295/-295/-295 -320/-320/-320
f -1488/-1488/-1488 -1575/-1575/-1575 -1489/-1489/-1489
f -414/-414/-414 -390/-390/-390 -415/-415/-415
f -417/-417/-417 -416/-416/-416 -441/-441/-441
f -388/-388/-388 -364/-364/-364 -389/-389/-389
f -996/-996/-996 -987/-987/-987 -997/-997/-997
f -999/-999/-999 -989/-989/-989 -1000/-1000/-1000
f -990/-990/-990 -983/-983/-983 -991/-991/-991
f -993/-993/-993 -985/-985/-985 -994/-994/-994
f -980/-980/-980 -982/-982/-982 -981/-981/-981
f -977/-977/-977 -967/-967/-967 -978/-978/-978
f -976/-976/-976 -966/-966/-966 -977/-977/-977
f -975/-975/-975 -964/-964/-964 -976/-976/-976
f -974/-974/-974 -965/-965/-965 -975/-975/-975
f -973/-973/-973 -963/-963/-963 -974/-974/-974
f -500/-500/-500 -492/-492/-492 -501/-501/-501
f -506/-506/-506 -496/-496/-496 -507/-507/-507
f -503/-503/-503 -494/-494/-494 -504/-504/-504
f -487/-487/-487 -489/-489/-489 -488/-488/-488
f -497/-497/-497 -490/-490/-490 -498/-498/-498
f -484/-484/-484 -474/-474/-474 -485/-485/-485
f -480/-480/-480 -470/-470/-470 -481/-481/-481
f -482/-482/-482 -471/-471/-471 -483/-483/-483
f -481/-481/-481 -472/-472/-472 -482/-482/-482
f -483/-483/-483 -473/-473/-473 -484/-484/-484
f -629/-629/-629 -618/-618/-618 -630/-630/-630
f -630/-630/-630 -620/-620/-620 -631/-631/-631
f -634/-634/-634 -636/-636/-636 -635/-635/-635
f -628/-628/-628 -619/-619/-619 -629/-629/-629
f -631/-631/-631 -621/-621/-621 -632/-632/-632
f -644/-644/-644 -637/-637/-637 -645/-645/-645
f -627/-627/-627 -617/-617/-617 -628/-628/-628
f -653/-653/-653 -643/-643/-643 -654/-654/-654
f -650/-650/-650 -641/-641/-641 -651/-651/-651
f -647/-647/-647 -639/-639/-639 -648/-648/-648
f -1628/-1628/-1628 -1618/-1618/-1618 -1629/-1629/-1629
f -1631/-1631/-1631 -1633/-1633/-1633 -1632/-1632/-1632
f -1624/-1624/-1624 -1614/-1614/-1614 -1625/-1625/-1625
f -1627/-1627/-1627 -1617/-1617/-1617 -1628/-1628/-1628
f -1626/-1626/-1626 -1615/-1615/-1615 -1627/-1627/-1627
f -1625/-1625/-1625 -1616/-1616/-1616 -1626/-1626/-1626
f -1644/-1644/-1644 -1636/-1636/-1636 -1645/-1645/-1645
f -1641/-1641/-1641 -1634/-1634/-1634 -1642/-1642/-1642
f -1650/-1650/-1650 -1640/-1640/-1640 -1651/-1651/-1651
f -1647/-1647/-1647 -1638/-1638/-1638 -1648/-1648/-1648
f -350/-350/-350 -343/-343/-343 -351/-351/-351
f -353/-353/-353 -345/-345/-345 -354/-354/-354
f -356/-356/-356 -347/-347/-347 -357/-357/-357
f -340/-340/-340 -342/-342/-342 -341/-341/-341
f -337/-337/-337 -327/-327/-327 -338/-338/-338
f -336/-336/-336 -326/-326/-326 -337/-337/-337
f -335/-335/-335 -324/-324/-324 -336/-336/-336
f -334/-334/-334 -325/-325/-325 -335/-335/-335
f -333/-333/-333 -323/-323/-323 -334/-334/-334
f -359/-359/-359 -349/-349/-349 -360/-360/-360
