# Blender v3.3.21 OBJ File: 'nex10.blend'
# www.blender.org
v 0.307505 -0.021878 0.994100
v 0.305920 -0.021404 0.994100
v 0.305291 -0.021102 0.994100
v 0.303672 -0.019925 0.994100
v 0.302421 -0.018363 0.994100
v 0.302249 -0.018060 0.994100
v 0.302090 -0.017749 0.994100
v 0.301542 -0.016187 0.994100
v 0.301472 -0.013155 0.994100
v 0.301542 -0.012813 0.994100
v 0.302249 -0.010940 0.994100
v 0.303190 -0.009580 0.994100
v 0.305291 -0.007898 0.994100
v 0.307849 -0.007067 0.994100
v 0.315754 -0.017430 0.994100
v 0.314275 -0.019678 0.994100
v 0.313770 -0.020160 0.994100
v 0.310537 -0.021808 0.994100
v 0.309504 -0.021971 0.994100
v 0.309851 -0.007067 0.994100
v 0.310195 -0.007122 0.994100
v 0.312410 -0.007898 0.994100
v 0.313770 -0.008840 0.994100
v 0.314029 -0.009075 0.994100
v 0.314275 -0.009322 0.994100
v 0.315279 -0.010637 0.994100
v 0.316158 -0.016187 0.994100
v 0.316228 -0.015845 0.994100
v 0.316321 -0.015154 0.994100
v 0.316228 -0.013155 0.994100
v 0.316158 -0.012813 0.994100
v 0.315754 -0.011570 0.994100
v 0.315610 -0.011251 0.994100
v 0.314510 -0.009580 0.994100
v 0.312713 -0.008071 0.994100
v 0.311781 -0.007596 0.994100
v 0.310537 -0.007192 0.994100
v 0.307505 -0.007122 0.994100
v 0.307163 -0.007192 0.994100
v 0.305920 -0.007596 0.994100
v 0.303672 -0.009075 0.994100
v 0.302421 -0.010637 0.994100
v 0.302090 -0.011251 0.994100
v 0.301946 -0.011570 0.994100
v 0.301379 -0.013846 0.994100
v 0.301379 -0.015154 0.994100
v 0.301472 -0.015845 0.994100
v 0.301946 -0.017430 0.994100
v 0.303190 -0.019420 0.994100
v 0.304987 -0.020929 0.994100
v 0.307163 -0.021808 0.994100
v 0.307849 -0.021933 0.994100
v 0.308196 -0.021971 0.994100
v 0.309851 -0.021933 0.994100
v 0.310195 -0.021878 0.994100
v 0.312410 -0.021102 0.994100
v 0.312713 -0.020929 0.994100
v 0.314029 -0.019925 0.994100
v 0.315610 -0.017749 0.994100
v 0.315279 -0.018363 0.994100
v 0.314510 -0.019420 0.994100
v 0.311781 -0.021404 0.994100
v 0.303930 -0.020160 0.994100
v 0.303930 -0.008840 0.994100
v 0.304987 -0.008071 0.994100
v 0.308196 -0.007029 0.994100
v 0.309504 -0.007029 0.994100
v 0.316321 -0.013846 0.994100
v 0.171000 -0.055858 0.952185
v 0.171021 -0.065890 0.932175
v 0.171028 -0.069350 0.909500
v 0.171012 -0.061694 0.877517
v 0.171000 -0.055979 0.867979
v 0.171000 -0.055861 0.867819
v 0.174437 -0.012741 0.842259
v 0.172127 -0.010243 0.841699
v 0.171037 -0.008951 0.841447
v 0.171037 0.008951 0.841448
v 0.173412 0.011698 0.842009
v 0.171000 0.043719 0.855332
v 0.171012 0.061695 0.877520
v 0.171021 0.065888 0.887823
v 0.171026 0.068481 0.898774
v 0.171026 0.068483 0.921217
v 0.171000 0.055982 0.952017
v 0.171000 0.032404 0.972046
v 0.171015 0.016632 0.977634
v 0.171021 0.000000 0.979530
v 0.170500 -0.032355 0.971510
v 0.170819 -0.032572 0.971922
v 0.170908 -0.032584 0.971944
v 0.170737 -0.032553 0.971886
v 0.170663 -0.032527 0.971836
v 0.170601 -0.032495 0.971776
v 0.170519 -0.032418 0.971630
v 0.170819 -0.055832 0.952165
v 0.170519 -0.042948 0.964815
v 0.170601 -0.043049 0.964945
v 0.170737 -0.043126 0.965042
v 0.170908 -0.043167 0.965094
v 0.170908 -0.055852 0.952180
v 0.170663 -0.055754 0.952107
v 0.170601 -0.055700 0.952066
v 0.170519 -0.055569 0.951967
v 0.170500 -0.055460 0.951884
v 0.170519 -0.055686 0.951806
v 0.170908 -0.055975 0.952012
v 0.171000 -0.055982 0.952017
v 0.171026 -0.068443 0.921469
v 0.171012 -0.061698 0.942477
v 0.170819 -0.055955 0.951997
v 0.170663 -0.055876 0.951941
v 0.170601 -0.055820 0.951902
v 0.170500 -0.062049 0.940603
v 0.170658 -0.069212 0.910500
v 0.170738 -0.069274 0.910500
v 0.170827 -0.069319 0.910500
v 0.170908 -0.069173 0.914973
v 0.170737 -0.069107 0.914969
v 0.170601 -0.068983 0.914960
v 0.170519 -0.068819 0.914949
v 0.170908 -0.067031 0.928202
v 0.170737 -0.066967 0.928185
v 0.170601 -0.066847 0.928154
v 0.170519 -0.066687 0.928113
v 0.170908 -0.062494 0.940811
v 0.170737 -0.062434 0.940783
v 0.170601 -0.062322 0.940730
v 0.170519 -0.062173 0.940661
v 0.170500 -0.068850 0.910500
v 0.171028 -0.069350 0.910500
v 0.170923 -0.069345 0.910500
v 0.170541 -0.069050 0.910500
v 0.170738 -0.069274 0.909500
v 0.170500 -0.067617 0.896689
v 0.170500 -0.063968 0.883887
v 0.170519 -0.055683 0.868190
v 0.170601 -0.055817 0.868094
v 0.170819 -0.055952 0.867999
v 0.171021 -0.065887 0.887815
v 0.171026 -0.068442 0.898526
v 0.170923 -0.069345 0.909500
v 0.170827 -0.069319 0.909500
v 0.170658 -0.069211 0.909500
v 0.170541 -0.069050 0.909500
v 0.170519 -0.067751 0.896663
v 0.170601 -0.067912 0.896633
v 0.170737 -0.068034 0.896610
v 0.170908 -0.068099 0.896598
v 0.170519 -0.064095 0.883837
v 0.170601 -0.064248 0.883778
v 0.170737 -0.064364 0.883733
v 0.170908 -0.064426 0.883709
v 0.170519 -0.058145 0.871901
v 0.170601 -0.058285 0.871814
v 0.170737 -0.058390 0.871749
v 0.170908 -0.058446 0.871714
v 0.170908 -0.055972 0.867984
v 0.170663 -0.055873 0.868055
v 0.170552 -0.055641 0.867985
v 0.170663 -0.055758 0.867897
v 0.170737 -0.055802 0.867864
v 0.170908 -0.055855 0.867824
v 0.170601 -0.055703 0.867938
v 0.170519 -0.055572 0.868037
v 0.170601 -0.043595 0.855487
v 0.170663 -0.043638 0.855433
v 0.170819 -0.043698 0.855358
v 0.171000 -0.047384 0.858470
v 0.170519 -0.047138 0.858738
v 0.170601 -0.047249 0.858616
v 0.170737 -0.047333 0.858525
v 0.170908 -0.047378 0.858476
v 0.171000 -0.043719 0.855332
v 0.170737 -0.043672 0.855390
v 0.170519 -0.043493 0.855615
v 0.170601 -0.043394 0.855333
v 0.170819 -0.043492 0.855200
v 0.170908 -0.043507 0.855180
v 0.170663 -0.043435 0.855278
v 0.170519 -0.043296 0.855465
v 0.170500 -0.032078 0.848817
v 0.170500 -0.008890 0.841943
v 0.170542 -0.008915 0.841744
v 0.170660 -0.008935 0.841578
v 0.170742 -0.008943 0.841517
v 0.170935 -0.008951 0.841450
v 0.171024 -0.027203 0.846110
v 0.170519 -0.032138 0.848694
v 0.170601 -0.032210 0.848547
v 0.170737 -0.032264 0.848436
v 0.170908 -0.032294 0.848376
v 0.170519 -0.020811 0.844277
v 0.170601 -0.020858 0.844119
v 0.170737 -0.020893 0.844001
v 0.170908 -0.020912 0.843937
v 0.170835 -0.008948 0.841474
v 0.170606 -0.007185 0.841530
v 0.170684 -0.007185 0.841451
v 0.170880 -0.007185 0.841353
v 0.170989 -0.007185 0.841339
v 0.170776 -0.007185 0.841391
v 0.170606 0.007185 0.841530
v 0.170776 0.007185 0.841391
v 0.170880 0.007185 0.841353
v 0.170989 0.007185 0.841339
v 0.170684 0.007185 0.841451
v 0.170500 0.008890 0.841944
v 0.170663 0.008935 0.841575
v 0.170908 0.008950 0.841454
v 0.170819 0.008947 0.841479
v 0.170737 0.008942 0.841520
v 0.170601 0.008927 0.841643
v 0.170552 0.008918 0.841721
v 0.170519 0.008907 0.841806
v 0.170500 0.043215 0.855575
v 0.170663 0.043435 0.855278
v 0.171024 0.027271 0.846137
v 0.170519 0.021670 0.844537
v 0.170601 0.021718 0.844380
v 0.170737 0.021755 0.844262
v 0.170908 0.021775 0.844198
v 0.170519 0.032941 0.849094
v 0.170601 0.033015 0.848947
v 0.170737 0.033071 0.848837
v 0.170908 0.033101 0.848778
v 0.170908 0.043507 0.855180
v 0.170819 0.043492 0.855200
v 0.170601 0.043394 0.855333
v 0.170519 0.043296 0.855465
v 0.170500 0.043407 0.855722
v 0.170737 0.043672 0.855390
v 0.170908 0.043714 0.855338
v 0.170819 0.043698 0.855358
v 0.170663 0.043638 0.855433
v 0.170552 0.043546 0.855548
v 0.170519 0.043493 0.855615
v 0.170737 0.055802 0.867864
v 0.171000 0.055862 0.867819
v 0.170519 0.052553 0.864306
v 0.170601 0.052677 0.864198
v 0.170737 0.052770 0.864117
v 0.170908 0.052820 0.864073
v 0.170819 0.055835 0.867839
v 0.170601 0.055703 0.867938
v 0.170552 0.055640 0.867985
v 0.170519 0.055683 0.868190
v 0.170737 0.055918 0.868023
v 0.170819 0.055952 0.867999
v 0.170908 0.055972 0.867984
v 0.170663 0.055873 0.868055
v 0.170601 0.055817 0.868094
v 0.170500 0.055574 0.868267
v 0.170500 0.061860 0.878999
v 0.170500 0.066446 0.891509
v 0.170500 0.068412 0.917971
v 0.170500 0.065726 0.931021
v 0.170500 0.061483 0.941782
v 0.170601 0.055820 0.951902
v 0.170663 0.055876 0.951941
v 0.170908 0.055975 0.952012
v 0.171012 0.061698 0.942475
v 0.171021 0.065891 0.932170
v 0.171028 0.069353 0.909995
v 0.170519 0.061983 0.878940
v 0.170601 0.062132 0.878870
v 0.170737 0.062244 0.878817
v 0.170908 0.062304 0.878788
v 0.170519 0.066578 0.891474
v 0.170601 0.066737 0.891432
v 0.170737 0.066857 0.891400
v 0.170908 0.066921 0.891383
v 0.170519 0.068792 0.904639
v 0.170601 0.068956 0.904626
v 0.170737 0.069079 0.904617
v 0.170908 0.069145 0.904612
v 0.170519 0.068549 0.917986
v 0.170601 0.068712 0.918004
v 0.170737 0.068835 0.918018
v 0.170908 0.068901 0.918025
v 0.170519 0.065857 0.931061
v 0.170601 0.066014 0.931109
v 0.170737 0.066133 0.931145
v 0.170908 0.066196 0.931164
v 0.170519 0.061605 0.941843
v 0.170601 0.061753 0.941915
v 0.170737 0.061864 0.941970
v 0.170908 0.061924 0.941999
v 0.170819 0.055955 0.951997
v 0.170519 0.055686 0.951806
v 0.170500 0.055460 0.951884
v 0.170519 0.055569 0.951966
v 0.170601 0.055700 0.952066
v 0.170663 0.055754 0.952107
v 0.171000 0.055858 0.952185
v 0.170908 0.055852 0.952180
v 0.170819 0.055832 0.952165
v 0.170500 0.047047 0.961154
v 0.170519 0.032419 0.971631
v 0.170601 0.032495 0.971776
v 0.171000 0.032587 0.971952
v 0.171000 0.047386 0.961522
v 0.170519 0.047140 0.961255
v 0.170601 0.047251 0.961376
v 0.170737 0.047335 0.961467
v 0.170908 0.047380 0.961516
v 0.170908 0.032584 0.971945
v 0.170737 0.032553 0.971886
v 0.170663 0.032527 0.971837
v 0.170663 0.032346 0.971928
v 0.170908 0.032400 0.972038
v 0.170819 0.032389 0.972015
v 0.170737 0.032371 0.971978
v 0.170601 0.032316 0.971867
v 0.170519 0.032244 0.971719
v 0.170500 0.032185 0.971598
v 0.170500 0.020159 0.976208
v 0.170500 -0.032184 0.971596
v 0.170519 -0.032244 0.971719
v 0.170601 -0.032316 0.971867
v 0.170663 -0.032346 0.971928
v 0.170737 -0.032371 0.971978
v 0.170819 -0.032389 0.972015
v 0.170908 -0.032400 0.972038
v 0.171000 -0.032404 0.972046
v 0.171015 -0.016631 0.977634
v 0.170519 0.020197 0.976339
v 0.170601 0.020242 0.976498
v 0.170737 0.020276 0.976617
v 0.170908 0.020294 0.976680
v 0.170519 0.006862 0.978847
v 0.170601 0.006878 0.979011
v 0.170737 0.006889 0.979134
v 0.170908 0.006895 0.979200
v 0.170519 -0.006706 0.978861
v 0.170601 -0.006721 0.979025
v 0.170737 -0.006732 0.979148
v 0.170908 -0.006738 0.979214
v 0.170519 -0.019800 0.976452
v 0.170601 -0.019844 0.976610
v 0.170737 -0.019877 0.976729
v 0.170908 -0.019895 0.976793
v 0.170500 -0.055575 0.951728
v 0.170500 -0.042864 0.964707
v 0.170500 -0.019763 0.976320
v 0.170500 -0.006694 0.978725
v 0.170500 0.006849 0.978710
v 0.170500 0.032355 0.971510
v 0.170500 0.055574 0.951727
v 0.170500 0.068655 0.904649
v 0.170500 0.052449 0.864396
v 0.170500 0.032880 0.849216
v 0.170500 0.021629 0.844667
v 0.170500 0.007185 0.841839
v 0.170500 -0.007185 0.841839
v 0.170500 -0.020772 0.844408
v 0.170500 -0.043216 0.855574
v 0.170500 -0.043407 0.855722
v 0.170500 -0.047046 0.858838
v 0.170500 -0.055462 0.868120
v 0.170500 -0.055571 0.868269
v 0.170500 -0.058029 0.871973
v 0.170500 -0.068850 0.909500
v 0.170500 -0.068683 0.914940
v 0.170500 -0.066555 0.928079
v 0.613899 0.044000 0.944769
v 0.620508 0.044000 0.934185
v 0.624610 0.044000 0.897600
v 0.620508 0.044000 0.885815
v 0.605110 0.044000 0.866374
v 0.591996 0.044000 0.858832
v 0.573889 0.044000 0.857918
v 0.514957 0.042581 0.855409
v 0.515000 0.041093 0.855250
v 0.617912 -0.044000 0.938990
v 0.604205 -0.044000 0.954340
v 0.591996 -0.044000 0.858832
v 0.593316 -0.044000 0.859169
v 0.620378 -0.044000 0.885545
v 0.593006 -0.044245 0.960923
v 0.604205 -0.044300 0.954340
v 0.617912 -0.044300 0.938990
v 0.625149 -0.044300 0.919724
v 0.613771 -0.044245 0.944922
v 0.620373 -0.044245 0.934453
v 0.624515 -0.044245 0.922789
v 0.620373 -0.044245 0.885547
v 0.613771 -0.044245 0.875078
v 0.605029 -0.044245 0.866315
v 0.609485 -0.037000 0.949711
v 0.605032 -0.044000 0.953689
v 0.620378 -0.044000 0.934455
v 0.591996 -0.044000 0.961168
v 0.593316 -0.044000 0.960831
v 0.625485 -0.037000 0.902422
v 0.619001 -0.037000 0.882890
v 0.601515 -0.037000 0.956290
v 0.616109 -0.037000 0.941780
v 0.621164 -0.037000 0.932766
v 0.624476 -0.037000 0.922977
v 0.573887 -0.044000 0.857918
v 0.515000 -0.041094 0.855250
v 0.624938 -0.044000 0.899145
v 0.617307 -0.044000 0.880033
v 0.605898 -0.037000 0.867020
v 0.613185 -0.037000 0.874348
v 0.623148 -0.037000 0.892356
v 0.514957 -0.042582 0.855409
v 0.590525 -0.047007 0.859042
v 0.538763 -0.044389 0.856642
v 0.540587 -0.044385 0.856696
v 0.554200 -0.044355 0.857146
v 0.592674 -0.044855 0.858981
v 0.590642 -0.044764 0.858678
v 0.603287 -0.044300 0.864967
v 0.617307 -0.044300 0.880033
v 0.624938 -0.044300 0.899145
v 0.626000 -0.044300 0.910000
v 0.617680 -0.052845 0.939370
v 0.622265 -0.052845 0.930109
v 0.625678 -0.052845 0.916000
v 0.625690 -0.047118 0.915883
v 0.625969 -0.047000 0.911869
v 0.625678 -0.052845 0.904000
v 0.624400 -0.052845 0.896709
v 0.622172 -0.052845 0.889650
v 0.617544 -0.052845 0.880410
v 0.611297 -0.052845 0.872177
v 0.609994 -0.052845 0.870802
v 0.603216 -0.049120 0.864916
v 0.602802 -0.048906 0.864614
v 0.594798 -0.045155 0.859790
v 0.594578 -0.045061 0.859682
v 0.608972 -0.053169 0.869853
v 0.605159 -0.054265 0.867602
v 0.603738 -0.054571 0.867153
v 0.602309 -0.054742 0.866811
v 0.595463 -0.047920 0.860533
v 0.593982 -0.046427 0.859569
v 0.594175 -0.046019 0.859572
v 0.602423 -0.049787 0.864423
v 0.601931 -0.050719 0.864346
v 0.601359 -0.051620 0.864406
v 0.590604 -0.045556 0.858721
v 0.592929 -0.047000 0.859381
v 0.592076 -0.047000 0.859197
v 0.592422 -0.045836 0.858992
v 0.593684 -0.047008 0.859610
v 0.594983 -0.047216 0.860144
v 0.595113 -0.047295 0.860215
v 0.595203 -0.047400 0.860278
v 0.588831 -0.047400 0.859143
v 0.588971 -0.047292 0.859103
v 0.594538 -0.047081 0.859940
v 0.591255 -0.047000 0.859086
v 0.591131 -0.051000 0.861185
v 0.592037 -0.051000 0.861304
v 0.596732 -0.051082 0.862536
v 0.596241 -0.055728 0.867830
v 0.593916 -0.056550 0.869999
v 0.592785 -0.056673 0.870452
v 0.591572 -0.056756 0.870668
v 0.590344 -0.056807 0.870633
v 0.587222 -0.056565 0.869237
v 0.586186 -0.056019 0.868082
v 0.536000 -0.051000 0.858500
v 0.570000 -0.056541 0.868849
v 0.570000 -0.056966 0.869800
v 0.590605 -0.045549 0.961279
v 0.593007 -0.044300 0.960927
v 0.593985 -0.046421 0.960432
v 0.594178 -0.046012 0.960428
v 0.594578 -0.045061 0.960318
v 0.592678 -0.044855 0.961018
v 0.590642 -0.044764 0.961322
v 0.590525 -0.047007 0.960958
v 0.592079 -0.047000 0.960803
v 0.592428 -0.045831 0.961008
v 0.594828 -0.047154 0.959933
v 0.593779 -0.047011 0.960356
v 0.593684 -0.047008 0.960390
v 0.592929 -0.047000 0.960619
v 0.591255 -0.047000 0.960914
v 0.591131 -0.051000 0.958815
v 0.592037 -0.051000 0.958696
v 0.602309 -0.054742 0.953189
v 0.608971 -0.053169 0.950148
v 0.603214 -0.049119 0.955086
v 0.602802 -0.048906 0.955386
v 0.594794 -0.045153 0.960212
v 0.594332 -0.047051 0.960147
v 0.595140 -0.047318 0.959769
v 0.601931 -0.050720 0.955654
v 0.602423 -0.049787 0.955577
v 0.601359 -0.051621 0.955594
v 0.587222 -0.056565 0.950763
v 0.589168 -0.056812 0.949646
v 0.590344 -0.056807 0.949367
v 0.591572 -0.056756 0.949332
v 0.592785 -0.056673 0.949548
v 0.593916 -0.056550 0.950001
v 0.594904 -0.056361 0.950650
v 0.596733 -0.051082 0.957465
v 0.595465 -0.047924 0.959465
v 0.595203 -0.047400 0.959722
v 0.570000 -0.056541 0.951151
v 0.603681 -0.055874 0.950690
v 0.601829 -0.055586 0.952103
v 0.600515 -0.055200 0.952951
v 0.596365 -0.055611 0.952383
v 0.595708 -0.056074 0.951435
v 0.588113 -0.056741 0.950130
v 0.586418 -0.056198 0.951603
v 0.575367 -0.056927 0.950255
v 0.536000 -0.051000 0.961500
v 0.605122 -0.054275 0.952412
v 0.603752 -0.054569 0.952843
v 0.600771 -0.054802 0.953453
v 0.599335 -0.054756 0.953610
v 0.603065 -0.055815 0.951193
v 0.604131 -0.055888 0.950303
v 0.604431 -0.055725 0.950921
v 0.604564 -0.055593 0.951199
v 0.604724 -0.055374 0.951535
v 0.604962 -0.054860 0.952051
v 0.602044 -0.055220 0.952728
v 0.603550 -0.055104 0.952430
v 0.603286 -0.055546 0.951863
v 0.607770 -0.053532 0.951057
v 0.606478 -0.053902 0.951821
v 0.605159 -0.054265 0.952398
v 0.606230 -0.055839 0.948999
v 0.608815 -0.055524 0.948043
v 0.611472 -0.052845 0.947631
v 0.609994 -0.052845 0.949199
v 0.609957 -0.053396 0.949163
v 0.609872 -0.053841 0.949080
v 0.609673 -0.054424 0.948884
v 0.609460 -0.054826 0.948676
v 0.609142 -0.055239 0.948364
v 0.608437 -0.055731 0.947673
v 0.609514 -0.055824 0.945854
v 0.623017 -0.055824 0.916000
v 0.622217 -0.053396 0.930090
v 0.621846 -0.054424 0.929947
v 0.621153 -0.055239 0.929681
v 0.620231 -0.055731 0.929326
v 0.617637 -0.053396 0.939343
v 0.617298 -0.054424 0.939134
v 0.616665 -0.055239 0.938745
v 0.615825 -0.055731 0.938227
v 0.611434 -0.053396 0.947597
v 0.611139 -0.054424 0.947329
v 0.610589 -0.055239 0.946830
v 0.609858 -0.055731 0.946167
v 0.625628 -0.053392 0.916000
v 0.625482 -0.053907 0.916000
v 0.625244 -0.054394 0.916000
v 0.624920 -0.054833 0.916000
v 0.624519 -0.055207 0.916000
v 0.624061 -0.055502 0.916000
v 0.623562 -0.055709 0.916000
v 0.625969 -0.047000 0.908131
v 0.625690 -0.047118 0.904117
v 0.620000 -0.056172 0.904000
v 0.623562 -0.055709 0.904000
v 0.625244 -0.054393 0.904000
v 0.625482 -0.053907 0.904000
v 0.608105 -0.055824 0.872652
v 0.608827 -0.055516 0.871945
v 0.609168 -0.055211 0.871611
v 0.609466 -0.054816 0.871318
v 0.609705 -0.054347 0.871084
v 0.609874 -0.053835 0.870919
v 0.609965 -0.053335 0.870830
v 0.625628 -0.053392 0.904000
v 0.624920 -0.054833 0.904000
v 0.624519 -0.055207 0.904000
v 0.624061 -0.055502 0.904000
v 0.623017 -0.055824 0.904000
v 0.615299 -0.055824 0.881807
v 0.611259 -0.053396 0.872212
v 0.610966 -0.054424 0.872481
v 0.610418 -0.055239 0.872983
v 0.609690 -0.055731 0.873649
v 0.617500 -0.053396 0.880437
v 0.617162 -0.054424 0.880647
v 0.616532 -0.055239 0.881040
v 0.615694 -0.055731 0.881561
v 0.622124 -0.053396 0.889668
v 0.621753 -0.054424 0.889813
v 0.621061 -0.055239 0.890083
v 0.620141 -0.055731 0.890442
v 0.619797 -0.055824 0.929159
v 0.615429 -0.055824 0.937983
v 0.608105 -0.055824 0.947348
v 0.603605 -0.055933 0.950250
v 0.575437 -0.057318 0.948474
v 0.570000 -0.058269 0.935633
v 0.570000 -0.059000 0.910000
v 0.586817 -0.057000 0.871107
v 0.596022 -0.056503 0.870467
v 0.606229 -0.055839 0.871001
v 0.609347 -0.055824 0.873963
v 0.619708 -0.055824 0.890611
v 0.622012 -0.055942 0.904000
v 0.617568 -0.056444 0.904516
v 0.616514 -0.056562 0.905116
v 0.615633 -0.056660 0.905885
v 0.614934 -0.056738 0.906785
v 0.614107 -0.056831 0.908872
v 0.614107 -0.056831 0.911126
v 0.615633 -0.056660 0.914115
v 0.616514 -0.056562 0.914883
v 0.620000 -0.056172 0.916000
v 0.622012 -0.055942 0.916000
v 0.618748 -0.056312 0.915868
v 0.617568 -0.056444 0.915484
v 0.614934 -0.056738 0.913214
v 0.614422 -0.056795 0.912210
v 0.614000 -0.056842 0.909999
v 0.614422 -0.056795 0.907789
v 0.618748 -0.056312 0.904132
v 0.604434 -0.055722 0.869073
v 0.604723 -0.055374 0.868465
v 0.605122 -0.054275 0.867588
v 0.606478 -0.053902 0.868179
v 0.607770 -0.053532 0.868944
v 0.608467 -0.055718 0.872297
v 0.604131 -0.055888 0.869697
v 0.600567 -0.055219 0.867082
v 0.600785 -0.054802 0.866549
v 0.602272 -0.054745 0.866803
v 0.604960 -0.054865 0.867954
v 0.604572 -0.055584 0.868785
v 0.602042 -0.055225 0.867278
v 0.603271 -0.055547 0.868134
v 0.603533 -0.055111 0.867571
v 0.599335 -0.054756 0.866390
v 0.601210 -0.055421 0.867484
v 0.601829 -0.055586 0.867897
v 0.602996 -0.055806 0.868753
v 0.601039 -0.056141 0.870003
v 0.586628 -0.056325 0.868650
v 0.588113 -0.056741 0.869870
v 0.589168 -0.056812 0.870354
v 0.594904 -0.056361 0.869350
v 0.595708 -0.056074 0.868565
v 0.596561 -0.055380 0.867237
v 0.596317 -0.056032 0.868508
v 0.601285 -0.055645 0.867991
v 0.586678 -0.056591 0.869274
v 0.570000 -0.058269 0.884367
v 0.570000 -0.058817 0.897179
v 0.570000 -0.058817 0.922822
v 0.235000 -0.066000 0.886000
v 0.236035 -0.066000 0.886136
v 0.235000 -0.066000 0.934000
v 0.236035 -0.066000 0.933864
v 0.221000 -0.051000 0.961500
v 0.221000 -0.051000 0.858500
v 0.592470 0.037000 0.961069
v 0.601504 0.037000 0.863702
v 0.609475 0.037000 0.870280
v 0.616102 0.037000 0.878209
v 0.625932 0.037000 0.907240
v 0.623152 0.037000 0.927632
v 0.605909 0.037000 0.952972
v 0.613193 0.037000 0.945642
v 0.619007 0.037000 0.937098
v 0.625487 0.037000 0.917565
v 0.624473 0.037000 0.897010
v 0.621158 0.037000 0.887222
v 0.613899 0.044000 0.875231
v 0.605110 0.044000 0.953627
v 0.593316 0.044000 0.859169
v 0.593316 0.044000 0.960831
v 0.591996 0.044000 0.961168
v 0.514892 0.044683 0.856077
v 0.527325 0.044717 0.856344
v 0.570000 0.044619 0.857760
v 0.590525 0.047307 0.859042
v 0.590605 0.045849 0.858721
v 0.580392 0.044600 0.858213
v 0.593007 0.044600 0.859073
v 0.590642 0.045064 0.858678
v 0.594578 0.045361 0.859682
v 0.622008 0.044600 0.930765
v 0.617912 0.044600 0.881010
v 0.594817 0.045463 0.859799
v 0.603232 0.049428 0.864928
v 0.625678 0.053145 0.904000
v 0.625690 0.047418 0.904117
v 0.625969 0.047300 0.908131
v 0.624400 0.053145 0.923291
v 0.622172 0.053145 0.930350
v 0.602802 0.049206 0.955386
v 0.594578 0.045361 0.960318
v 0.592313 0.044600 0.961105
v 0.592312 0.044545 0.961100
v 0.604205 0.044600 0.865660
v 0.625149 0.044600 0.900276
v 0.626000 0.044600 0.910000
v 0.624938 0.044600 0.920855
v 0.617307 0.044600 0.939968
v 0.603287 0.044600 0.955033
v 0.603284 0.044545 0.955029
v 0.624933 0.044545 0.920854
v 0.604202 0.044545 0.865664
v 0.590642 0.045064 0.961322
v 0.589095 0.047529 0.960919
v 0.570000 0.056841 0.951151
v 0.570000 0.057266 0.950200
v 0.536000 0.051300 0.961500
v 0.599335 0.055056 0.953610
v 0.601208 0.055721 0.952517
v 0.601829 0.055886 0.952103
v 0.596022 0.056803 0.949533
v 0.586817 0.057300 0.948894
v 0.586186 0.056319 0.951918
v 0.586628 0.056625 0.951350
v 0.589168 0.057112 0.949646
v 0.592785 0.056973 0.949548
v 0.593916 0.056850 0.950001
v 0.594904 0.056661 0.950650
v 0.595708 0.056374 0.951435
v 0.601285 0.055945 0.952009
v 0.586678 0.056891 0.950726
v 0.594798 0.045455 0.960210
v 0.603216 0.049420 0.955084
v 0.609994 0.053145 0.949199
v 0.608972 0.053469 0.950147
v 0.607770 0.053832 0.951057
v 0.602272 0.055045 0.953197
v 0.600771 0.055102 0.953453
v 0.596732 0.051382 0.957464
v 0.595463 0.048220 0.959467
v 0.593779 0.047311 0.960356
v 0.593982 0.046727 0.960432
v 0.602423 0.050087 0.955577
v 0.601931 0.051019 0.955654
v 0.601359 0.051920 0.955594
v 0.590525 0.047307 0.960958
v 0.590604 0.045856 0.961279
v 0.592674 0.045155 0.961019
v 0.594175 0.046319 0.960428
v 0.593684 0.047308 0.960390
v 0.592422 0.046136 0.961008
v 0.595113 0.047595 0.959785
v 0.588831 0.047700 0.960857
v 0.591255 0.047300 0.960914
v 0.594538 0.047381 0.960060
v 0.592076 0.047300 0.960803
v 0.592929 0.047300 0.960619
v 0.591131 0.051300 0.958815
v 0.592037 0.051300 0.958696
v 0.597029 0.052602 0.956421
v 0.596561 0.055680 0.952763
v 0.596241 0.056028 0.952170
v 0.591572 0.057056 0.949332
v 0.590344 0.057107 0.949367
v 0.588113 0.057041 0.950130
v 0.604131 0.056188 0.950303
v 0.603010 0.056108 0.951236
v 0.600516 0.055501 0.952950
v 0.602309 0.055042 0.953189
v 0.603751 0.054869 0.952844
v 0.602044 0.055521 0.952727
v 0.603285 0.055846 0.951863
v 0.603549 0.055405 0.952430
v 0.604430 0.056026 0.950920
v 0.604561 0.055897 0.951193
v 0.604724 0.055672 0.951538
v 0.604962 0.055160 0.952050
v 0.605122 0.054575 0.952412
v 0.605159 0.054565 0.952398
v 0.606478 0.054202 0.951821
v 0.609964 0.053638 0.949170
v 0.609872 0.054140 0.949080
v 0.609702 0.054655 0.948913
v 0.609461 0.055125 0.948676
v 0.609159 0.055520 0.948381
v 0.608816 0.055824 0.948044
v 0.608461 0.056021 0.947697
v 0.608105 0.056124 0.947348
v 0.615429 0.056124 0.882017
v 0.609514 0.056124 0.874146
v 0.608105 0.056124 0.872652
v 0.606230 0.056139 0.871002
v 0.570000 0.058569 0.884367
v 0.570000 0.059117 0.897179
v 0.570000 0.059300 0.910000
v 0.570000 0.059117 0.922822
v 0.570000 0.058569 0.935633
v 0.601039 0.056441 0.949997
v 0.606229 0.056139 0.948999
v 0.615299 0.056124 0.938193
v 0.619708 0.056124 0.929390
v 0.623017 0.056124 0.916000
v 0.622012 0.056242 0.916000
v 0.614107 0.057131 0.908874
v 0.614422 0.057095 0.907791
v 0.617568 0.056744 0.904516
v 0.620000 0.056472 0.904000
v 0.622012 0.056242 0.904000
v 0.625628 0.053692 0.904000
v 0.625244 0.054694 0.904000
v 0.624920 0.055133 0.904000
v 0.624519 0.055507 0.904000
v 0.624061 0.055802 0.904000
v 0.625969 0.047300 0.911869
v 0.625690 0.047418 0.915883
v 0.620000 0.056472 0.916000
v 0.623562 0.056009 0.916000
v 0.624061 0.055802 0.916000
v 0.624519 0.055507 0.916000
v 0.624920 0.055133 0.916000
v 0.625244 0.054693 0.916000
v 0.611297 0.053145 0.947823
v 0.617544 0.053145 0.939590
v 0.625678 0.053145 0.916000
v 0.625628 0.053692 0.916000
v 0.625482 0.054207 0.916000
v 0.609347 0.056124 0.946037
v 0.611259 0.053696 0.947788
v 0.610966 0.054724 0.947519
v 0.610418 0.055539 0.947017
v 0.609690 0.056031 0.946351
v 0.617500 0.053696 0.939563
v 0.617162 0.054724 0.939353
v 0.616532 0.055539 0.938960
v 0.615694 0.056031 0.938439
v 0.622124 0.053696 0.930332
v 0.621753 0.054724 0.930187
v 0.621061 0.055539 0.929917
v 0.620141 0.056031 0.929559
v 0.618748 0.056612 0.904132
v 0.615633 0.056960 0.905886
v 0.614000 0.057142 0.910001
v 0.614107 0.057131 0.911128
v 0.614422 0.057095 0.912211
v 0.615633 0.056960 0.914115
v 0.617568 0.056744 0.915484
v 0.618748 0.056612 0.915868
v 0.622265 0.053145 0.889891
v 0.617680 0.053145 0.880630
v 0.611472 0.053145 0.872369
v 0.609142 0.055539 0.871636
v 0.608819 0.055822 0.871953
v 0.619797 0.056124 0.890841
v 0.623017 0.056124 0.904000
v 0.623562 0.056009 0.904000
v 0.625482 0.054207 0.904000
v 0.622217 0.053696 0.889910
v 0.621846 0.054724 0.890053
v 0.621153 0.055539 0.890320
v 0.620231 0.056031 0.890674
v 0.617637 0.053696 0.880657
v 0.617298 0.054724 0.880866
v 0.616665 0.055539 0.881255
v 0.615825 0.056031 0.881773
v 0.611434 0.053696 0.872403
v 0.611139 0.054724 0.872671
v 0.610589 0.055539 0.873170
v 0.609858 0.056031 0.873833
v 0.605159 0.054565 0.867602
v 0.604724 0.055674 0.868465
v 0.604567 0.055890 0.868796
v 0.608437 0.056031 0.872327
v 0.609466 0.055117 0.871319
v 0.609673 0.054724 0.871116
v 0.609876 0.054125 0.870917
v 0.609957 0.053696 0.870837
v 0.603748 0.054870 0.867155
v 0.602279 0.055045 0.866804
v 0.600561 0.055517 0.867078
v 0.601829 0.055886 0.867897
v 0.604433 0.056023 0.869076
v 0.604961 0.055163 0.867952
v 0.602049 0.055523 0.867276
v 0.603544 0.055408 0.867571
v 0.603281 0.055847 0.868136
v 0.570000 0.056841 0.868849
v 0.575437 0.057618 0.871526
v 0.603605 0.056233 0.869750
v 0.604131 0.056188 0.869697
v 0.603679 0.056174 0.869308
v 0.603055 0.056114 0.868799
v 0.596365 0.055911 0.867617
v 0.595708 0.056374 0.868565
v 0.594904 0.056661 0.869350
v 0.593916 0.056850 0.869999
v 0.592785 0.056973 0.870452
v 0.589168 0.057112 0.870354
v 0.587222 0.056865 0.869237
v 0.586418 0.056498 0.868397
v 0.575367 0.057227 0.869745
v 0.536000 0.051300 0.858500
v 0.588113 0.057041 0.869870
v 0.590344 0.057107 0.870633
v 0.591572 0.057056 0.870668
v 0.588831 0.047700 0.859143
v 0.593684 0.047308 0.859610
v 0.592079 0.047300 0.859197
v 0.591255 0.047300 0.859086
v 0.593985 0.046721 0.859568
v 0.594179 0.046310 0.859573
v 0.592678 0.045155 0.858982
v 0.592929 0.047300 0.859381
v 0.592428 0.046131 0.858992
v 0.600788 0.055102 0.866549
v 0.605122 0.054575 0.867588
v 0.606472 0.054204 0.868176
v 0.607791 0.053826 0.868958
v 0.608913 0.053486 0.869803
v 0.609994 0.053145 0.870802
v 0.602802 0.049206 0.864614
v 0.595203 0.047700 0.860278
v 0.595464 0.048222 0.860534
v 0.596733 0.051381 0.862534
v 0.601932 0.051018 0.864346
v 0.602424 0.050086 0.864423
v 0.601360 0.051920 0.864406
v 0.599335 0.055056 0.866390
v 0.591131 0.051300 0.861185
v 0.592037 0.051300 0.861304
v 0.235000 0.066300 0.934000
v 0.236035 0.066300 0.933864
v 0.235000 0.066300 0.886000
v 0.236035 0.066300 0.886136
v 0.221000 0.051300 0.858500
v 0.221000 0.051300 0.961500
v 0.215000 0.038500 0.971000
v 0.446000 0.038500 0.971000
vt 0.000000 0.000000
vt 0.000000 0.000000
vt 0.000000 0.000000
vt 0.000000 0.000000
vt 0.000000 0.000000
vt 0.000000 0.000000
vt 0.623529 0.000000
vt 0.749020 0.000000
vt 0.000000 0.000000
vt 0.000000 0.000000
vt 0.000000 0.000000
vt 0.000000 0.000000
vt 0.996078 1.000000
vt 0.000000 0.000000
vt 0.823529 0.274510
vt 0.000000 0.000000
vt 0.000000 0.000000
vt 0.000000 0.000000
vt 0.156863 0.325490
vt 0.466667 0.027451
vt 0.000000 0.000000
vt 0.384314 0.545098
vt 0.000000 0.000000
vt 0.000000 0.000000
vt 0.000000 0.000000
vt 0.000000 0.000000
vt 0.250980 0.000000
vt 0.301961 1.000000
vt 0.000000 0.000000
vt 0.000000 0.000000
vt 0.000000 0.000000
vt 0.000000 0.000000
vt 0.000000 0.000000
vt 0.250980 1.000000
vt 0.250980 0.000000
vt 0.372549 0.000000
vt 0.000000 0.000000
vt 0.000000 0.000000
vt 1.000000 1.000000
vt 0.000000 0.000000
vt 0.000000 0.000000
vt 0.000000 0.000000
vt 0.000000 0.219608
vt 0.000000 0.000000
vt 0.000000 0.000000
vt 0.000000 0.000000
vt 0.498039 0.501961
vt 0.886275 0.392157
vt 0.000000 0.000000
vt 0.501961 0.509804
vt 0.341176 0.509804
vt 0.000000 0.000000
vt 0.000000 0.000000
vt 0.501961 1.000000
vt 0.000000 0.000000
vt 0.000000 0.000000
vt 0.000000 0.000000
vt 0.000000 0.000000
vt 0.000000 0.000000
vt 0.000000 0.000000
vt 0.000000 0.000000
vt 0.000000 0.000000
vt 0.000000 0.000000
vt 0.000000 0.000000
vt 0.000000 0.000000
vt 0.000000 0.000000
vt 0.000000 0.000000
vt 0.000000 0.000000
vt 0.156863 0.650980
vt 0.000000 0.000000
vt 0.000000 0.000000
vt 0.501961 0.752941
vt 0.360784 1.000000
vt 0.000000 0.000000
vt 0.000000 0.000000
vt 0.000000 0.000000
vt 0.145098 1.000000
vt 1.000000 0.498039
vt 0.000000 0.000000
vt 0.000000 0.000000
vt 0.168627 0.517647
vt 0.000000 0.000000
vt 0.000000 0.000000
vt 0.000000 0.000000
vt 0.000000 0.000000
vt 0.000000 0.000000
vt 0.000000 0.000000
vt 0.501961 0.501961
vt 0.427451 1.000000
vt 0.000000 0.000000
vt 0.000000 0.000000
vt 0.000000 0.000000
vt 0.000000 0.000000
vt 0.000000 0.000000
vt 0.752941 0.250980
vt 0.000000 0.000000
vt 0.000000 0.000000
vt 0.000000 0.000000
vt 0.000000 0.000000
vt 0.000000 0.000000
vt 0.149020 0.101961
vt 0.000000 0.000000
vt 0.000000 0.000000
vt 0.000000 0.000000
vt 0.000000 0.000000
vt 0.000000 0.000000
vt 0.831373 0.101961
vt 1.000000 0.705882
vt 0.831373 0.705882
vt 0.745098 1.000000
vt 0.000000 0.000000
vt 0.000000 0.000000
vt 0.000000 0.000000
vt 0.000000 0.000000
vt 0.000000 0.000000
vt 0.000000 0.000000
vt 0.000000 0.000000
vt 0.156863 0.325490
vt 0.000000 0.000000
vt 0.000000 0.000000
vt 0.000000 0.000000
vt 0.000000 0.000000
vt 0.000000 0.000000
vt 0.913726 0.501961
vt 0.345098 1.000000
vt 0.000000 0.000000
vt 0.000000 0.000000
vt 0.000000 0.000000
vt 0.898039 0.000000
vt 0.000000 0.000000
vt 0.000000 0.000000
vt 0.694118 0.658824
vt 0.000000 0.000000
vt 0.000000 0.000000
vt 0.819608 0.231373
vt 0.000000 0.000000
vt 0.000000 0.000000
vt 0.000000 0.000000
vt 0.000000 0.000000
vt 0.501961 0.243137
vt 0.000000 0.000000
vt 0.341176 0.509804
vt 0.501961 0.509804
vt 0.000000 0.466667
vt 0.000000 0.000000
vt 0.000000 0.000000
vt 0.831373 0.000000
vt 0.000000 0.000000
vt 0.603922 0.101961
vt 0.529412 0.000000
vt 0.380392 1.000000
vt 0.000000 0.000000
vt 0.498039 1.000000
vt 0.000000 0.000000
vt 0.000000 0.000000
vt 0.376471 0.101961
vt 0.000000 0.000000
vt 0.000000 0.000000
vt 0.000000 0.000000
vt 0.000000 0.000000
vt 0.000000 0.000000
vt 0.494118 0.000000
vt 0.000000 0.000000
vt 0.000000 0.000000
vt 0.156863 1.000000
vt 0.000000 0.000000
vt 0.000000 0.000000
vt 0.000000 0.000000
vt 1.000000 0.650980
vt 0.000000 0.000000
vt 0.219608 0.078431
vt 0.000000 0.000000
vt 0.631373 0.015686
vt 0.000000 0.000000
vt 0.000000 0.000000
vt 0.000000 0.000000
vt 0.000000 0.000000
vt 0.000000 0.000000
vt 0.000000 0.000000
vt 0.000000 0.000000
vt 1.000000 0.549020
vt 0.000000 0.000000
vt 0.996078 1.000000
vt 0.000000 0.000000
vt 0.000000 0.000000
vt 0.000000 0.000000
vt 0.000000 0.000000
vt 0.000000 0.000000
vt 1.000000 0.411765
vt 0.000000 0.000000
vt 0.000000 0.000000
vt 0.000000 0.000000
vt 0.000000 0.000000
vt 0.000000 0.000000
vt 0.019608 0.658824
vt 0.000000 0.000000
vt 0.000000 0.000000
vt 0.000000 0.000000
vt 0.827451 0.129412
vt 0.117647 1.000000
vt 0.000000 0.000000
vt 0.000000 0.000000
vt 0.000000 0.000000
vt 0.000000 0.000000
vt 0.000000 0.000000
vt 0.352941 0.000000
vt 0.000000 0.000000
vt 0.149020 0.858824
vt 0.000000 0.000000
vt 0.000000 0.000000
vt 0.000000 0.000000
vt 0.000000 0.000000
vt 0.831373 0.325490
vt 0.000000 0.000000
vt 0.000000 0.000000
vt 0.000000 0.000000
vt 0.000000 0.000000
vt 0.760784 1.000000
vt 0.000000 0.000000
vt 0.000000 0.000000
vt 0.000000 0.000000
vt 0.498039 0.498039
vt 0.749020 0.333333
vt 0.752941 0.752941
vt 1.000000 0.498039
vt 0.000000 0.000000
vt 0.000000 0.000000
vt 0.000000 0.000000
vt 0.678431 0.266667
vt 0.501961 0.223529
vt 0.000000 0.000000
vt 0.000000 0.000000
vt 0.627451 0.984314
vt 0.000000 0.000000
vt 0.003922 0.752941
vt 0.000000 0.000000
vt 0.807843 0.439216
vt 0.000000 0.000000
vt 0.992157 0.239216
vt 0.000000 0.000000
vt 1.000000 0.168627
vt 0.823529 0.000000
vt 0.823529 0.588235
vt 1.000000 0.588235
vt 0.000000 0.000000
vt 0.000000 0.000000
vt 0.000000 0.000000
vt 0.000000 0.000000
vt 0.588235 0.000000
vt 0.470588 1.000000
vt 0.588235 0.000000
vt 0.000000 0.000000
vt 0.470588 0.000000
vt 0.000000 0.000000
vt 0.603922 0.000000
vt 0.117647 0.000000
vt 0.352941 0.274510
vt 0.117647 0.274510
vt 0.831373 1.000000
vt 0.000000 0.552941
vt 0.603922 1.000000
vt 0.000000 0.000000
vt 0.831373 0.705882
vt 0.603922 0.705882
vt 0.000000 0.000000
vt 0.000000 0.000000
vt 0.349020 0.000000
vt 0.160784 0.501961
vt 0.117647 1.000000
vt 0.117647 0.588235
vt 0.117647 1.000000
vt 0.000000 0.000000
vt 0.000000 0.000000
vt 0.501961 0.505882
vt 0.678431 0.733333
vt 0.000000 0.000000
vt 0.501961 0.490196
vt 0.000000 0.000000
vt 0.752941 1.000000
vt 0.627451 0.278431
vt 1.000000 0.498039
vt 0.000000 0.917647
vt 0.000000 0.000000
vt 0.000000 0.000000
vt 0.819608 0.768628
vt 0.988235 0.415686
vt 0.384314 0.325490
vt 0.000000 0.000000
vt 0.588235 0.274510
vt 0.000000 0.000000
vt 0.000000 0.000000
vt 0.105882 0.000000
vt 1.000000 0.333333
vt 0.521569 1.000000
vt 0.000000 0.000000
vt 0.149020 0.560784
vt 1.000000 0.584314
vt 0.000000 0.000000
vt 0.498039 0.109804
vt 0.000000 0.000000
vt 0.458824 0.082353
vt 0.498039 1.000000
vt 0.000000 0.000000
vt 0.462745 0.078431
vt 0.129412 0.501961
vt 0.000000 0.000000
vt 0.498039 0.223529
vt 0.000000 0.000000
vt 0.000000 0.000000
vt 0.498039 0.000000
vt 0.000000 0.000000
vt 0.000000 0.000000
vt 0.000000 0.000000
vt 0.000000 0.000000
vt 0.000000 0.000000
vt 0.125490 0.992157
vt 0.627451 0.949020
vt 0.713726 0.925490
vt 0.000000 0.000000
vt 0.749020 1.000000
vt 0.749020 0.000000
vt 0.874510 0.000000
vt 0.000000 0.000000
vt 1.000000 0.000000
vt 0.000000 0.000000
vt 0.000000 0.000000
vt 1.000000 0.000000
vt 1.000000 0.058824
vt 0.988235 0.078431
vt 0.000000 0.000000
vt 0.000000 0.000000
vt 0.000000 0.000000
vt 0.000000 0.000000
vt 0.992157 0.317647
vt 0.964706 0.258824
vt 0.807843 0.560784
vt 0.000000 0.000000
vt 1.000000 0.243137
vt 0.235294 1.000000
vt 0.352941 0.000000
vt 0.352941 0.274510
vt 0.117647 0.274510
vt 0.000000 0.000000
vt 0.000000 0.000000
vt 0.000000 0.000000
vt 0.000000 0.000000
vt 0.000000 0.000000
vt 0.117647 0.090196
vt 1.000000 0.082353
vt 0.121569 0.945098
vt 0.000000 0.000000
vt 0.000000 0.000000
vt 0.435294 0.082353
vt 0.000000 0.000000
vt 0.000000 0.000000
vt 0.623529 1.000000
vt 0.000000 0.000000
vt 0.000000 0.000000
vt 0.000000 0.000000
vt 0.000000 0.000000
vt 0.000000 0.000000
vt 0.000000 0.000000
vt 0.000000 0.000000
vt 0.000000 0.000000
vt 0.000000 0.000000
vt 0.125490 0.466667
vt 0.000000 0.000000
vt 0.000000 0.000000
vt 0.000000 0.000000
vt 0.000000 0.000000
vt 0.000000 0.000000
vt 0.172549 0.490196
vt 0.000000 0.000000
vt 0.000000 0.000000
vt 1.000000 1.000000
vt 0.000000 0.000000
vt 0.000000 0.000000
vt 0.000000 0.000000
vt 0.388235 1.000000
vt 0.000000 0.000000
vt 0.509804 1.000000
vt 0.000000 0.000000
vt 0.000000 0.000000
vt 0.756863 0.000000
vt 0.505882 0.000000
vt 0.000000 0.000000
vt 0.498039 0.501961
vt 0.000000 0.000000
vt 0.831373 0.325490
vt 0.054902 0.741176
vt 0.000000 0.000000
vt 0.000000 0.000000
vt 0.149020 0.411765
vt 0.000000 0.000000
vt 0.000000 0.000000
vt 0.000000 0.000000
vt 0.000000 0.000000
vt 0.760784 0.000000
vt 1.000000 0.992157
vt 0.000000 0.000000
vt 0.000000 0.450980
vt 0.000000 0.000000
vt 0.000000 0.000000
vt 0.000000 0.000000
vt 0.992157 0.729412
vt 0.611765 0.000000
vt 0.247059 0.886275
vt 0.372549 0.831373
vt 0.000000 0.000000
vt 0.000000 0.000000
vt 0.000000 0.000000
vt 0.000000 0.000000
vt 0.000000 0.000000
vt 0.274510 0.956863
vt 0.000000 0.000000
vt 0.149020 0.101961
vt 1.000000 0.760784
vt 0.172549 0.509804
vt 0.000000 0.000000
vt 0.000000 0.000000
vt 1.000000 0.611765
vt 0.874510 0.611765
vt 0.149020 0.258824
vt 0.019608 0.125490
vt 0.000000 0.000000
vt 0.000000 0.000000
vt 0.000000 0.466667
vt 0.000000 0.000000
vt 0.000000 0.000000
vt 0.000000 0.000000
vt 0.000000 0.000000
vt 0.000000 0.000000
vt 0.000000 0.000000
vt 0.000000 0.000000
vt 0.000000 0.000000
vt 0.000000 0.000000
vt 0.000000 0.000000
vt 0.831373 0.650980
vt 0.000000 0.000000
vt 0.988235 0.611765
vt 0.000000 0.000000
vt 0.000000 0.000000
vt 0.000000 1.000000
vt 0.000000 0.000000
vt 0.831373 1.000000
vt 0.101961 0.184314
vt 0.101961 0.188235
vt 1.000000 0.796079
vt 0.000000 0.000000
vt 1.000000 0.501961
vt 0.141176 0.529412
vt 0.000000 0.000000
vt 0.988235 0.062745
vt 0.000000 0.000000
vt 0.956863 0.156863
vt 0.000000 0.000000
vt 0.000000 0.000000
vt 0.000000 0.462745
vt 0.000000 0.380392
vt 0.109804 0.396078
vt 0.000000 0.380392
vt 0.000000 0.000000
vt 0.607843 0.325490
vt 0.000000 0.000000
vt 0.000000 0.000000
vt 0.000000 0.000000
vt 0.000000 0.000000
vt 0.000000 0.000000
vt 0.000000 0.000000
vt 0.000000 0.000000
vt 0.000000 0.000000
vt 0.000000 0.000000
vt 0.000000 0.000000
vt 0.000000 0.000000
vt 0.000000 0.000000
vt 0.913726 0.501961
vt 0.000000 0.000000
vt 0.000000 0.000000
vt 0.000000 0.000000
vt 0.678431 0.266667
vt 0.815686 0.298039
vt 0.807843 0.439216
vt 0.000000 0.000000
vt 0.000000 0.000000
vt 0.000000 0.000000
vt 0.976471 0.223529
vt 0.000000 0.000000
vt 0.000000 0.000000
vt 0.945098 0.768628
vt 0.000000 0.000000
vt 0.000000 0.000000
vt 0.000000 0.000000
vt 0.000000 0.000000
vt 0.000000 0.000000
vt 0.235294 1.000000
vt 0.235294 0.000000
vt 0.000000 0.000000
vt 0.000000 0.000000
vt 1.000000 0.058824
vt 0.000000 0.000000
vt 0.000000 0.000000
vt 0.000000 0.000000
vt 0.000000 0.000000
vt 0.254902 0.000000
vt 0.000000 0.000000
vt 0.000000 0.000000
vt 0.141176 0.000000
vt 0.000000 0.392157
vt 0.000000 0.000000
vt 0.619608 0.396078
vt 0.000000 0.000000
vt 0.501961 0.243137
vt 0.149020 0.705882
vt 0.000000 0.000000
vt 0.000000 0.000000
vt 0.149020 0.403922
vt 0.000000 0.000000
vt 0.250980 0.000000
vt 0.019608 0.749020
vt 0.972549 0.662745
vt 0.000000 0.000000
vt 0.952941 0.631373
vt 0.000000 0.058824
vt 0.984314 0.694118
vt 0.000000 0.000000
vt 0.015686 0.780392
vt 0.000000 0.000000
vt 0.000000 0.000000
vt 0.000000 0.000000
vt 0.000000 0.000000
vt 0.117647 0.588235
vt 0.352941 0.588235
vt 0.000000 0.000000
vt 0.823529 1.000000
vt 0.000000 0.000000
vt 0.000000 0.000000
vt 0.000000 0.000000
vt 0.000000 0.000000
vt 0.000000 0.000000
vt 0.000000 0.000000
vt 0.000000 0.000000
vt 0.000000 0.000000
vt 0.000000 0.000000
vt 0.000000 0.000000
vt 0.000000 0.000000
vt 0.000000 0.000000
vt 0.501961 0.078431
vt 0.000000 0.000000
vt 0.000000 0.000000
vt 0.000000 0.000000
vt 0.109804 0.396078
vt 0.000000 0.000000
vt 0.000000 0.674510
vt 0.109804 0.674510
vt 0.000000 0.000000
vt 0.086275 0.003922
vt 0.000000 0.000000
vt 0.000000 0.000000
vt 0.000000 0.447059
vt 0.000000 0.000000
vt 0.000000 0.000000
vt 0.000000 0.000000
vt 0.000000 0.000000
vt 0.000000 0.250980
vt 0.000000 0.000000
vt 0.000000 0.000000
vt 1.000000 0.333333
vt 0.117647 1.000000
vt 0.262745 0.000000
vt 0.000000 0.000000
vt 0.000000 0.000000
vt 0.000000 0.000000
vt 0.000000 0.000000
vt 0.000000 0.000000
vt 0.000000 0.000000
vt 0.000000 0.000000
vt 0.000000 0.000000
vt 0.000000 0.000000
vt 0.000000 0.000000
vt 0.925490 0.796079
vt 0.000000 0.000000
vt 0.000000 0.000000
vt 0.000000 0.000000
vt 0.019608 0.462745
vt 0.000000 0.000000
vt 0.000000 0.000000
vt 0.000000 0.000000
vt 0.000000 0.000000
vt 0.270588 0.486275
vt 0.000000 0.000000
vt 0.000000 0.000000
vt 0.109804 0.000000
vt 0.000000 0.000000
vt 0.000000 0.000000
vt 0.490196 0.000000
vt 0.000000 0.000000
vt 0.000000 0.000000
vt 1.000000 0.949020
vt 0.874510 0.949020
vt 0.878431 1.000000
vt 0.619608 0.611765
vt 0.000000 0.662745
vt 0.000000 0.000000
vt 0.000000 0.000000
vt 0.000000 0.000000
vt 0.000000 0.000000
vt 0.000000 0.000000
vt 1.000000 0.043137
vt 1.000000 0.058824
vt 0.000000 0.000000
vt 0.000000 0.000000
vt 0.000000 0.000000
vt 0.388235 0.988235
vt 0.000000 0.000000
vt 0.000000 0.000000
vt 0.000000 0.000000
vt 0.000000 0.000000
vt 0.000000 0.000000
vt 0.000000 0.000000
vt 0.000000 0.000000
vt 0.000000 0.000000
vt 0.000000 0.000000
vt 0.039216 0.698039
vt 0.000000 0.000000
vt 1.000000 0.556863
vt 0.000000 0.000000
vt 0.000000 0.000000
vt 0.000000 0.000000
vt 0.000000 0.000000
vt 0.000000 0.000000
vt 0.000000 0.000000
vt 1.000000 0.341176
vt 1.000000 0.329412
vt 0.000000 0.000000
vt 0.000000 0.000000
vt 0.000000 0.000000
vt 0.000000 0.000000
vt 0.000000 0.000000
vt 0.000000 0.000000
vt 0.000000 0.000000
vt 0.000000 0.000000
vt 0.000000 0.000000
vt 0.454902 0.000000
vt 0.000000 0.000000
vt 0.000000 0.000000
vt 0.588235 0.007843
vt 0.000000 0.000000
vt 0.000000 0.000000
vt 0.000000 0.000000
vt 0.756863 0.070588
vt 0.000000 0.000000
vt 0.000000 0.000000
vt 0.000000 0.000000
vt 0.000000 0.000000
vt 0.000000 0.000000
vt 0.000000 0.000000
vt 0.000000 0.000000
vt 0.000000 0.000000
vt 0.000000 0.000000
vt 0.000000 0.000000
vt 0.952941 0.717647
vt 0.000000 0.000000
vt 0.000000 0.000000
vt 0.000000 0.000000
vt 1.000000 0.243137
vt 1.000000 0.227451
vt 0.000000 0.000000
vt 0.000000 0.000000
vt 0.000000 0.000000
vt 0.658824 0.027451
vt 0.000000 0.000000
vt 0.627451 0.015686
vt 0.000000 0.000000
vt 0.000000 0.000000
vt 0.000000 0.000000
vt 0.000000 0.000000
vt 0.000000 0.000000
vt 0.125490 1.000000
vt 0.247059 1.000000
vt 0.250980 0.003922
vt 0.364706 0.396078
vt 0.713726 0.074510
vt 0.627451 0.050980
vt 0.000000 0.000000
vt 0.866667 0.000000
vt 0.874510 0.058824
vt 0.000000 0.000000
vt 0.000000 0.000000
vt 0.000000 0.000000
vt 0.000000 0.000000
vt 1.000000 0.411765
vt 0.000000 0.000000
vt 0.000000 0.000000
vt 0.000000 0.000000
vt 0.000000 0.007843
vt 0.019608 0.537255
vt 0.000000 0.000000
vt 0.000000 0.000000
vt 0.000000 0.000000
vt 0.149020 0.000000
vt 0.000000 0.000000
vt 0.498039 0.000000
vt 0.000000 0.000000
vt 0.223529 0.901961
vt 0.000000 0.000000
vt 0.000000 0.000000
vt 0.000000 0.000000
vt 0.000000 0.000000
vt 0.000000 0.000000
vt 0.000000 0.000000
vt 0.925490 0.203922
vt 0.866667 0.152941
vt 0.000000 0.000000
vt 0.823529 1.000000
vt 0.823529 0.588235
vt 0.117647 0.000000
vt 0.000000 0.000000
vt 1.000000 0.258824
vt 0.960784 0.698039
vt 0.000000 0.000000
vt 0.501961 0.501961
vt 0.000000 0.000000
vt 0.000000 0.000000
vt 0.000000 0.000000
vt 0.000000 0.000000
vt 0.756863 0.756863
vt 0.000000 0.000000
vt 0.000000 0.000000
vt 0.000000 0.000000
vt 0.000000 0.000000
vt 0.000000 0.000000
vt 0.431373 0.003922
vt 0.117647 1.000000
vt 1.000000 0.756863
vt 0.000000 0.000000
vt 0.000000 0.000000
vt 0.000000 0.000000
vt 0.501961 0.000000
vt 0.588235 0.588235
vt 0.000000 0.000000
vt 0.000000 0.000000
vt 0.827451 0.200000
vt 0.619608 0.396078
vt 0.925490 0.796079
vt 0.000000 0.733333
vt 0.000000 0.000000
vt 0.000000 0.745098
vt 0.000000 0.000000
vt 0.000000 0.000000
vt 0.000000 0.000000
vt 0.000000 0.000000
vt 0.141176 0.807843
vt 0.411765 0.992157
vt 0.000000 0.000000
vt 0.992157 0.588235
vt 0.000000 0.000000
vt 0.000000 0.000000
vt 0.000000 0.000000
vt 0.141176 0.603922
vt 0.000000 0.000000
vt 0.000000 0.000000
vt 0.000000 0.000000
vt 0.498039 0.996078
vt 0.670588 0.000000
vt 1.000000 0.756863
vt 0.498039 0.498039
vt 0.000000 0.000000
vt 0.000000 0.000000
vt 0.000000 0.423529
vt 0.117647 0.396078
vt 0.000000 0.000000
vt 0.000000 0.000000
vt 0.000000 0.000000
vt 0.000000 0.000000
vt 0.000000 0.000000
vt 0.000000 0.000000
vt 0.117647 1.000000
vt 0.023529 0.000000
vt 0.117647 1.000000
vt 0.000000 0.000000
vt 0.000000 0.000000
vt 0.000000 0.000000
vt 0.568627 0.003922
vt 1.000000 0.243137
vt 0.000000 0.000000
vt 0.235294 1.000000
vt 0.000000 0.000000
vt 0.000000 0.000000
vt 0.768628 0.000000
vt 0.619608 0.000000
vt 0.000000 0.000000
vt 0.823529 0.000000
vt 0.823529 1.000000
vt 0.823529 0.000000
vt 0.000000 0.000000
vt 0.000000 0.000000
vt 0.490196 1.000000
vt 0.000000 0.000000
vt 1.000000 1.000000
vt 0.882353 0.411765
vt 0.000000 0.000000
vt 0.000000 0.000000
vt 0.000000 0.000000
vt 0.909804 0.000000
vt 0.000000 0.000000
vt 0.000000 0.000000
vt 0.000000 0.000000
vt 0.631373 1.000000
vt 0.752941 0.250980
vt 0.000000 0.000000
vt 1.000000 0.329412
vt 0.000000 0.000000
vt 0.000000 0.000000
vt 0.000000 0.000000
vt 0.000000 0.000000
vt 0.000000 0.000000
vt 0.000000 0.000000
vt 0.000000 0.749020
vt 0.000000 0.000000
vt 0.000000 0.000000
vt 0.000000 0.000000
vt 0.000000 0.000000
vt 0.000000 0.000000
vt 0.054902 0.364706
vt 0.000000 0.000000
vt 0.000000 0.000000
vt 0.000000 0.000000
vt 0.000000 0.000000
vt 0.000000 0.917647
vt 0.415686 0.956863
vt 0.737255 0.058824
vt 0.000000 0.000000
vt 0.000000 0.000000
vt 0.000000 0.000000
vt 0.000000 0.000000
vt 0.000000 0.000000
vt 0.000000 0.000000
vt 0.000000 0.000000
vt 0.247059 0.501961
vt 1.000000 0.000000
vt 0.674510 0.992157
vt 0.498039 0.501961
vt 0.141176 0.400000
vt 0.345098 1.000000
vt 0.247059 0.011765
vt 0.129412 0.501961
vt 0.000000 0.000000
vt 0.121569 0.054902
vt 0.000000 0.000000
vt 1.000000 0.674510
vt 0.141176 0.200000
vt 0.000000 0.000000
vt 0.000000 0.000000
vt 0.149020 0.529412
vt 0.000000 0.000000
vt 0.000000 0.000000
vt 0.121569 0.525490
vt 1.000000 0.572549
vt 0.047059 0.717647
vt 0.000000 0.000000
vt 0.000000 0.000000
vt 0.000000 0.101961
vt 0.007843 0.250980
vt 1.000000 0.356863
vt 0.901961 0.333333
vt 0.121569 0.474510
vt 0.247059 0.113725
vt 0.247059 0.498039
vt 0.498039 0.890196
vt 0.372549 0.498039
vt 0.749020 0.729412
vt 0.874510 0.674510
vt 0.874510 0.396078
vt 0.364706 0.674510
vt 0.619608 0.674510
vt 0.364706 0.396078
vt 0.619608 0.949020
vt 1.000000 0.505882
vt 0.756863 0.498039
vt 0.501961 0.756863
vt 0.674510 0.007843
vt 0.513726 0.000000
vt 0.109804 0.611765
vt 0.000000 0.611765
vt 0.000000 0.992157
vt 0.364706 0.611765
vt 0.109804 0.333333
vt 0.364706 0.333333
vt 0.109804 0.058824
vt 0.364706 0.058824
vt 0.239216 0.000000
vt 0.364706 0.000000
vt 0.619608 0.058824
vt 0.619608 0.333333
vt 0.874510 0.333333
vt 0.756863 0.243137
vt 0.501961 0.156863
vt 0.270588 0.486275
vt 0.890196 0.988235
vt 0.996078 0.984314
vt 0.756863 0.498039
vt 0.498039 0.501961
vt 0.160784 0.501961
vt 0.749020 0.270588
vt 0.372549 0.501961
vt 0.247059 0.501961
vt 0.756863 0.752941
vt 1.000000 1.000000
vt 0.172549 0.509804
vt 0.364706 0.000000
vt 0.364706 0.058824
vt 0.109804 0.058824
vt 0.109804 0.333333
vt 0.619608 0.058824
vt 0.874510 0.058824
vt 0.874510 0.000000
vt 0.109804 0.611765
vt 0.364706 0.611765
vt 0.364706 0.333333
vt 0.619608 0.333333
vt 0.619608 0.611765
vt 0.874510 0.611765
vt 0.874510 0.333333
vt 0.756863 0.243137
vt 0.756863 0.000000
vt 0.756863 0.501961
vt 0.498039 0.243137
vt 0.498039 1.000000
vt 0.160784 0.501961
vt 0.356863 0.000000
vt 0.498039 0.000000
vt 0.752941 0.498039
vt 1.000000 0.247059
vt 0.498039 0.890196
vt 0.372549 0.498039
vt 0.874510 0.674510
vt 0.619608 0.674510
vt 0.874510 0.949020
vt 0.364706 0.674510
vt 0.619608 0.949020
vt 0.768628 1.000000
vt 0.886275 1.000000
vt 0.364706 0.949020
vt 0.109804 0.949020
vt 0.101961 0.462745
vt 0.141176 0.470588
vt 0.596078 0.200000
vt 0.827451 0.400000
vt 0.596078 0.400000
vt 0.827451 0.603922
vt 0.596078 0.603922
vt 0.827451 0.807843
vt 0.596078 0.807843
vt 0.600000 0.000000
vt 0.482353 0.000000
vt 0.376471 0.129412
vt 0.376471 0.258824
vt 0.600000 0.258824
vt 0.600000 0.129412
vt 0.600000 0.858824
vt 0.376471 0.858824
vt 0.490196 1.000000
vt 0.603922 1.000000
vt 0.827451 0.258824
vt 0.827451 0.411765
vt 0.600000 0.411765
vt 1.000000 0.709804
vt 0.827451 0.709804
vt 1.000000 0.858824
vt 0.827451 0.858824
vt 0.117647 0.000000
vt 0.600000 0.560784
vt 0.827451 0.560784
vt 0.603922 0.000000
vt 0.470588 1.000000
vt 0.705882 1.000000
vt 0.823529 1.000000
vt 0.607843 0.650980
vt 0.717647 1.000000
vt 0.603922 1.000000
vt 0.380392 0.650980
vt 0.156863 1.000000
vt 0.380392 0.325490
vt 1.000000 0.749020
vt 0.000000 0.623529
vt 1.000000 0.623529
vt 0.470588 1.000000
vt 0.588235 1.000000
vt 0.588235 0.588235
vt 0.831373 0.403922
vt 0.603922 0.403922
vt 0.376471 0.101961
vt 0.603922 0.101961
vt 0.376471 0.705882
vt 0.603922 0.705882
vt 0.603922 0.403922
vt 0.129412 1.000000
vt 0.831373 0.403922
vt 1.000000 0.403922
vt 0.831373 0.101961
vt 0.588235 0.274510
vt 0.470588 0.000000
vt 0.235294 0.000000
vt 0.384314 0.650980
vt 0.494118 1.000000
vt 0.607843 0.650980
vt 0.607843 0.325490
vt 0.501961 0.000000
vt 0.376471 0.000000
vt 0.831373 0.650980
vt 0.270588 1.000000
vt 0.352941 1.000000
vt 1.000000 0.258824
vt 0.000000 0.000000
vt 0.000000 0.000000
vt 0.517647 0.011765
vt 0.000000 0.000000
vt 0.125490 0.000000
vt 0.415686 1.000000
vt 0.239216 0.384314
vt 0.368627 0.525490
vt 0.015686 0.501961
vt 0.368627 0.200000
vt 0.000000 0.000000
vt 0.521569 0.988235
vt 0.156863 0.650980
vt 0.254902 1.000000
vt 0.368627 0.807843
vt 0.760784 0.000000
vt 0.000000 0.000000
vt 0.796079 0.890196
vt 0.796079 0.890196
vt 0.866667 0.847059
vt 0.000000 0.000000
vt 0.015686 0.494118
vt 0.415686 1.000000
vt 0.235294 1.000000
vt 0.000000 0.000000
vt 0.000000 0.000000
vt 0.000000 0.733333
vt 0.000000 0.733333
vt 0.149020 0.403922
vt 0.376471 0.403922
vt 0.109804 0.674510
vt 0.000000 0.000000
vt 0.501961 0.003922
vt 0.796079 0.109804
vt 0.000000 0.000000
vt 0.588235 1.000000
vt 0.470588 1.000000
vt 0.831373 0.662745
vt 0.372549 1.000000
vt 0.501961 1.000000
vt 0.149020 0.705882
vt 0.007843 0.501961
vt 0.827451 1.000000
vt 1.000000 0.807843
vt 0.000000 0.000000
vt 0.352941 1.000000
vt 0.235294 0.000000
vt 0.000000 0.000000
vt 0.000000 0.000000
vt 0.125490 0.156863
vt 0.192157 0.098039
vt 0.192157 0.098039
vt 1.000000 0.450980
vt 0.533333 0.000000
vt 0.000000 0.000000
vt 0.250980 0.000000
vt 0.501961 0.756863
vt 0.266667 0.780392
vt 0.501961 0.756863
vt 0.000000 0.000000
vt 0.266667 0.780392
vt 0.000000 0.254902
vt 0.000000 1.000000
vt 1.000000 0.501961
vt 0.937255 0.156863
vt 0.247059 1.000000
vt 0.364706 0.949020
vt 0.109804 0.949020
vt 0.501961 0.078431
vt 0.494118 0.058824
vt 0.498039 1.000000
vt 0.376471 0.705882
vt 0.670588 0.466667
vt 1.000000 0.203922
vt 0.243137 0.231373
vt 0.243137 0.000000
vt 0.000000 0.000000
vt 0.823529 0.274510
vt 0.823529 1.000000
vt 0.470588 0.000000
vt 0.352941 0.000000
vt 0.352941 0.588235
vt 0.470588 0.000000
vt 0.588235 0.000000
vt 0.000000 0.000000
vt 0.521569 0.000000
vt 0.000000 0.501961
vt 0.000000 0.000000
vt 0.000000 0.000000
vt 0.000000 0.000000
vt 0.600000 0.709804
vt 0.000000 0.000000
vt 0.000000 0.168627
vt 0.352941 0.000000
vt 0.376471 0.709804
vt 0.149020 0.709804
vt 0.376471 0.560784
vt 0.247059 0.498039
vt 0.501961 1.000000
vt 0.376471 1.000000
vt 0.737255 0.031373
vt 0.000000 1.000000
vt 0.000000 0.000000
vt 0.000000 0.000000
vt 0.368627 0.000000
vt 0.984314 0.270588
vt 0.972549 0.305882
vt 0.996078 0.929412
vt 1.000000 0.960784
vt 0.000000 0.152941
vt 0.000000 0.000000
vt 0.815686 0.701961
vt 0.749020 0.972549
vt 0.345098 0.000000
vt 0.247059 0.000000
vt 0.345098 1.000000
vt 0.000000 0.000000
vt 0.376471 0.411765
vt 0.247059 0.988235
vt 1.000000 0.760784
vt 0.901961 0.666667
vt 0.000000 0.090196
vt 0.000000 0.000000
vt 0.156863 0.478431
vt 0.000000 0.000000
vt 0.000000 0.000000
vt 0.501961 0.776471
vt 0.000000 0.674510
vt 0.000000 0.247059
vt 0.521569 1.000000
vt 0.996078 0.031373
vt 0.992157 0.729412
vt 0.752941 0.333333
vt 0.984314 0.356863
vt 0.003922 0.760784
vt 0.000000 0.000000
vt 0.007843 0.247059
vt 0.149020 0.129412
vt 0.952941 0.509804
vt 1.000000 0.203922
vt 0.992157 0.239216
vt 0.000000 0.000000
vt 0.000000 0.674510
vt 0.000000 0.615686
vt 1.000000 0.584314
vt 0.376471 0.403922
vt 0.125490 0.533333
vt 0.945098 0.192157
vt 0.250980 1.000000
vt 0.019608 0.462745
vt 0.176471 0.521569
vt 0.501961 0.243137
vt 0.000000 0.321569
vt 0.956863 0.803922
vt 0.000000 0.333333
vt 0.000000 0.000000
vt 0.874510 0.396078
vt 0.376471 0.003922
vt 0.501961 0.156863
vt 0.000000 0.745098
vt 0.054902 0.537255
vt 0.000000 0.000000
vt 0.000000 0.000000
vt 0.000000 0.000000
vt 0.117647 0.000000
vt 0.000000 0.000000
vt 0.000000 0.000000
vt 0.000000 0.000000
vt 0.000000 0.000000
vt 0.501961 0.000000
vt 0.847059 0.411765
vt 0.000000 0.000000
vt 0.494118 0.058824
vt 0.000000 0.588235
vt 0.000000 0.000000
vt 0.713726 0.925490
vt 1.000000 0.247059
vt 0.000000 1.000000
vt 0.964706 0.258824
vt 0.925490 0.203922
vt 0.000000 0.000000
vt 0.866667 0.847059
vt 0.262745 1.000000
vt 0.000000 0.000000
vt 0.494118 0.941177
vt 0.756863 1.000000
vt 0.000000 0.000000
vt 0.000000 0.000000
vt 0.584314 0.011765
vt 0.874510 0.392157
vt 0.000000 1.000000
vt 1.000000 0.129412
vt 0.000000 0.000000
vt 0.235294 0.000000
vt 0.352941 1.000000
vt 0.000000 0.000000
vt 0.588235 1.000000
vt 1.000000 0.501961
vt 0.682353 0.513726
vt 0.000000 0.549020
vt 0.368627 1.000000
vt 1.000000 1.000000
vt 0.000000 0.000000
vt 0.254902 0.756863
vt 1.000000 0.411765
vt 0.427451 1.000000
vt 0.000000 0.000000
vt 0.000000 0.000000
vt 0.000000 0.000000
vt 0.000000 0.000000
vt 0.000000 0.000000
vt 0.501961 1.000000
vt 0.372549 0.501961
vt 0.752941 0.749020
vt 0.117647 0.588235
vt 0.000000 0.588235
vt 0.000000 0.333333
vt 0.000000 0.392157
vt 0.705882 1.000000
vt 0.368627 0.603922
vt 0.117647 0.298039
vt 0.392157 0.427451
vt 0.121569 0.945098
vt 0.000000 0.352941
vt 0.000000 0.000000
vt 0.000000 0.000000
vt 0.117647 0.917647
vt 1.000000 0.109804
vt 0.129412 0.533333
vt 1.000000 0.705882
vt 0.000000 0.000000
vt 0.368627 0.400000
vn -0.9796 -0.2009 0.0000
vn -0.9602 -0.0080 -0.2793
vn -0.9413 0.1012 -0.3219
vn -0.9276 -0.0583 -0.3691
vn 0.0323 -0.0817 -0.9961
vn -0.9885 0.1482 -0.0287
vn -0.9903 0.1082 -0.0873
vn -0.9976 0.0696 0.0020
vn 0.0393 -0.1073 -0.9935
vn 0.0136 -0.2068 -0.9783
vn 0.0663 -0.0391 -0.9970
vn 0.0645 -0.1230 -0.9903
vn 0.0202 -0.2009 -0.9794
vn -0.0024 -0.1059 -0.9944
vn 0.0404 -0.0816 -0.9958
vn 0.0383 -0.2886 -0.9567
vn 0.0283 -0.2814 -0.9592
vn 0.0115 -0.3192 -0.9476
vn 0.1853 -0.1483 -0.9714
vn 0.0194 -0.2092 -0.9777
vn -0.3814 -0.0562 -0.9227
vn -0.3439 -0.0120 -0.9389
vn -0.3269 -0.1582 -0.9317
vn -0.0838 0.0610 -0.9946
vn -0.4512 -0.8924 0.0000
vn -0.5135 -0.7017 -0.4940
vn -0.4216 -0.8996 0.1142
vn -0.4734 -0.8769 0.0837
vn 0.0436 0.0310 -0.9986
vn 0.1497 0.0376 -0.9880
vn 0.0452 0.0013 -0.9990
vn 0.0427 -0.0563 -0.9975
vn 0.1406 -0.0555 0.9885
vn 0.1921 -0.1486 0.9701
vn -0.0310 0.9049 0.4245
vn 0.0215 0.9144 0.4042
vn 0.0551 0.9678 0.2455
vn -0.1133 0.8600 0.4976
vn 0.0610 -0.2187 -0.9739
vn 0.0614 -0.1080 -0.9923
vn 0.0350 -0.2177 -0.9754
vn 0.0302 -0.2821 -0.9589
vn 0.0361 -0.2714 -0.9618
vn 0.0389 -0.4076 -0.9123
vn 0.0377 -0.3897 -0.9202
vn 0.0429 -0.4721 -0.8805
vn 0.0300 -0.7875 -0.6155
vn 0.0250 -0.8097 -0.5863
vn 0.0140 -0.8517 -0.5238
vn 0.0114 -0.8600 -0.5102
vn 0.0052 -0.8744 -0.4852
vn 0.0011 -0.8801 -0.4747
vn 0.0001 -0.8726 -0.4884
vn 0.0000 -0.8712 -0.4909
vn 0.0000 -0.4760 -0.8795
vn 0.0123 0.3091 -0.9509
vn -0.9978 -0.0163 -0.0639
vn 0.1378 -0.9289 -0.3438
vn 0.0830 -0.9199 -0.3833
vn 0.2150 -0.9113 -0.3511
vn 0.0143 0.3032 -0.9528
vn 0.0236 0.2829 -0.9589
vn 0.0315 0.2422 -0.9697
vn 0.1413 0.1625 -0.9765
vn 0.0357 0.1706 -0.9847
vn 0.1423 0.1743 -0.9744
vn 0.1205 0.1283 -0.9844
vn 0.0431 0.0567 -0.9975
vn 0.0436 0.0376 -0.9983
vn 0.0453 -0.0000 -0.9990
vn 0.1110 0.9938 0.0000
vn 0.0948 0.9943 -0.0497
vn 0.2148 0.0000 -0.9767
vn 0.2147 0.0000 -0.9767
vn 0.1532 -0.0504 -0.9869
vn 0.1724 -0.1593 -0.9721
vn 0.3001 -0.1797 -0.9368
vn 0.2703 -0.2051 -0.9407
vn 0.1694 -0.1684 -0.9710
vn 0.0578 -0.4653 -0.8833
vn 0.0553 -0.4656 -0.8833
vn 0.0344 -0.3863 -0.9217
vn 0.0889 -0.7300 -0.6776
vn 0.0444 -0.7756 -0.6297
vn 0.0212 -0.8793 -0.4758
vn -0.0001 -0.8534 -0.5213
vn 0.0155 -0.8660 -0.4998
vn 0.0125 -0.8653 -0.5011
vn 0.0057 -0.8785 -0.4777
vn 0.0014 -0.8873 -0.4612
vn -0.0080 -0.9148 -0.4038
vn -0.0923 -0.8298 -0.5503
vn 0.0435 -0.8959 -0.4421
vn -0.0215 -0.8340 -0.5514
vn -0.0324 -0.8043 -0.5933
vn -0.0531 -0.7398 -0.6708
vn -0.0465 -0.6497 -0.7588
vn -0.0353 -0.5923 -0.8049
vn -0.9844 -0.1756 0.0054
vn -0.9332 -0.3561 0.0474
vn -0.9843 -0.1756 -0.0165
vn -0.9992 -0.0409 -0.0036
vn -0.9502 -0.3068 -0.0553
vn -0.9602 -0.2790 0.0092
vn 0.0049 0.8747 -0.4846
vn 0.0110 0.8612 -0.5082
vn 0.0134 0.8539 -0.5203
vn 0.0251 0.8092 -0.5870
vn 0.0300 0.7875 -0.6155
vn 0.0429 0.4721 -0.8805
vn 0.0385 0.4011 -0.9152
vn 0.0297 0.2755 -0.9608
vn -0.2987 0.9449 -0.1342
vn 0.0000 0.4712 -0.8820
vn 0.0000 0.8775 -0.4796
vn 0.0001 0.8784 -0.4779
vn 0.0006 0.8807 -0.4736
vn 0.0553 0.4656 -0.8833
vn 0.0578 0.4653 -0.8833
vn 0.1194 -0.1980 0.9729
vn 0.1520 -0.2951 0.9433
vn 0.2225 -0.1671 0.9605
vn 0.3513 0.1354 -0.9264
vn 0.3416 0.0405 -0.9390
vn 0.1456 0.0423 -0.9884
vn 0.2667 -0.0000 -0.9638
vn 0.2808 -0.0001 -0.9598
vn 0.4571 -0.1059 -0.8831
vn 0.4582 -0.1078 -0.8823
vn 0.3511 -0.0444 -0.9353
vn 0.3600 -0.1932 -0.9127
vn 0.3328 -0.2352 -0.9132
vn 0.3170 -0.2017 -0.9267
vn 0.3252 -0.2800 -0.9032
vn 0.2649 -0.3805 -0.8861
vn 0.2142 -0.3320 -0.9187
vn 0.2264 -0.4547 -0.8614
vn 0.2009 -0.3916 -0.8980
vn 0.2176 -0.4619 -0.8598
vn 0.2373 -0.3928 -0.8885
vn 0.1916 -0.6079 -0.7706
vn 0.1952 -0.8888 -0.4146
vn 0.1057 -0.8587 -0.5014
vn 0.0286 -0.9127 -0.4076
vn 0.0276 -0.9110 -0.4116
vn 0.0970 -0.9540 -0.2838
vn 0.0216 -0.9175 -0.3971
vn -0.1382 -0.8825 -0.4496
vn 0.0691 -0.9098 -0.4093
vn 0.0136 -0.9662 -0.2575
vn 0.0478 -0.9462 -0.3201
vn -0.0707 -0.9083 -0.4124
vn 0.0128 -0.9620 -0.2728
vn 0.0172 -0.9821 -0.1876
vn -0.9389 -0.2598 -0.2257
vn -0.9196 -0.3287 -0.2154
vn -0.8446 -0.4973 -0.1983
vn -0.5802 0.1148 -0.8063
vn -0.4955 0.1338 -0.8582
vn -0.5702 0.0494 -0.8200
vn -0.6048 -0.0571 -0.7944
vn -0.5344 -0.7034 -0.4687
vn -0.4075 -0.8190 -0.4040
vn -0.0521 0.6703 0.7403
vn -0.7803 0.3965 -0.4836
vn -0.7415 0.3501 -0.5724
vn -0.1382 -0.5369 -0.8322
vn -0.2106 -0.6119 -0.7624
vn -1.0000 0.0000 0.0000
vn -0.9906 -0.1081 -0.0841
vn -0.9906 0.0173 -0.1358
vn -0.9905 0.1361 -0.0200
vn -1.0000 -0.0001 0.0000
vn -0.9975 0.0266 0.0659
vn -0.9904 -0.0768 -0.1146
vn -0.9975 0.0681 -0.0197
vn -0.9904 0.1187 0.0705
vn -0.9791 0.1986 -0.0428
vn -0.1096 0.5452 -0.8311
vn -0.0251 0.5238 -0.8515
vn -0.8160 0.4528 -0.3593
vn 0.0412 0.7946 -0.6057
vn 0.0443 0.7757 -0.6296
vn -0.0772 0.5251 -0.8475
vn -0.0390 0.5933 -0.8040
vn -0.0592 0.6912 -0.7203
vn -0.1151 0.7888 -0.6038
vn -0.0303 0.8237 -0.5662
vn -0.0174 0.8574 -0.5144
vn -0.5268 0.7268 -0.4407
vn -0.5967 0.6933 -0.4042
vn -0.1988 0.9111 -0.3610
vn -0.0074 0.9012 -0.4334
vn -0.0913 0.8390 -0.5364
vn -0.0165 0.9295 -0.3685
vn -0.0141 0.9602 -0.2791
vn -0.0079 0.9784 -0.2064
vn 0.0114 0.9936 -0.1128
vn -0.9839 -0.0358 -0.1750
vn -0.9821 0.0246 -0.1868
vn -0.9631 -0.2230 -0.1509
vn 0.3488 0.0296 -0.9367
vn 0.2972 0.0000 -0.9548
vn 0.3766 0.0000 -0.9264
vn 0.0537 0.9980 -0.0341
vn -0.1367 0.9897 0.0429
vn 0.0993 0.9951 0.0013
vn 0.4893 -0.0999 -0.8664
vn 0.4874 -0.0991 -0.8675
vn 0.5041 -0.0000 -0.8637
vn 0.5057 -0.0015 -0.8627
vn 0.3377 -0.2563 -0.9057
vn 0.2274 -0.1684 -0.9591
vn 0.3245 -0.2805 -0.9034
vn 0.3341 -0.4826 -0.8096
vn 0.2612 -0.5383 -0.8012
vn 0.2148 -0.6109 -0.7620
vn 0.1550 -0.6974 -0.6997
vn 0.1446 -0.6371 -0.7571
vn 0.1186 0.0000 0.9929
vn 0.0832 -0.9319 -0.3529
vn 0.2099 -0.9118 -0.3529
vn 0.0432 -0.9530 -0.2998
vn -0.0337 -0.9526 -0.3025
vn -0.0722 -0.9236 -0.3766
vn 0.0252 -0.9534 -0.3005
vn -0.0754 -0.9834 -0.1652
vn 0.1020 -0.9546 -0.2800
vn 0.0298 -0.9514 -0.3064
vn 0.0217 -0.9964 -0.0824
vn 0.0221 -0.9964 -0.0814
vn -0.6170 -0.7833 -0.0756
vn -0.3846 -0.5225 0.7610
vn 0.1138 -0.9679 -0.2242
vn 0.0371 -0.9732 -0.2270
vn 0.0426 -0.9871 -0.1544
vn 0.0361 -0.9903 -0.1345
vn -0.0168 -0.9990 0.0402
vn 0.0476 -0.9981 -0.0388
vn 0.0354 -0.9977 -0.0575
vn 0.0236 -0.9976 -0.0656
vn -0.9904 0.0797 0.1131
vn -0.9776 0.0903 0.1903
vn -0.9963 0.0063 0.0856
vn -1.0000 0.0002 0.0001
vn -0.9341 -0.2892 -0.2095
vn -0.9542 -0.2613 -0.1459
vn -0.8945 -0.2713 -0.3552
vn -0.8532 -0.3341 -0.4005
vn 0.3411 -0.0423 -0.9391
vn -0.7493 0.3768 0.5446
vn -0.7907 0.3530 0.5003
vn -0.7404 0.3033 0.5998
vn -0.7322 0.2234 0.6434
vn -0.8464 -0.4300 -0.3142
vn -0.8669 -0.4447 -0.2254
vn -0.2751 -0.7013 -0.6577
vn -0.3609 -0.6908 -0.6265
vn -0.3871 -0.5475 -0.7419
vn -0.3265 -0.5624 -0.7597
vn -0.9908 0.0083 -0.1353
vn -0.9741 0.0391 -0.2227
vn -0.8656 -0.3770 0.3295
vn -0.8942 -0.3869 0.2252
vn -0.8969 -0.4402 0.0427
vn -0.8602 -0.5034 0.0816
vn 0.3418 0.0366 0.9391
vn 0.3813 0.1374 0.9142
vn 0.2441 0.0592 0.9679
vn -0.0880 0.7377 0.6694
vn -0.1884 0.7840 0.5915
vn -0.1787 0.6659 0.7243
vn -0.1773 0.6645 -0.7259
vn -0.0835 0.6045 -0.7922
vn -0.0552 0.5360 -0.8424
vn 0.0298 0.9514 -0.3064
vn -0.0446 0.9804 -0.1919
vn 0.0190 0.9613 -0.2747
vn 0.0436 0.9529 -0.3002
vn -0.0110 0.9295 -0.3685
vn 0.3276 -0.6081 -0.7231
vn 0.3135 -0.6548 -0.6877
vn 0.3155 -0.6994 -0.6414
vn 0.2943 -0.5761 -0.7626
vn 0.2268 0.7268 -0.6483
vn 0.0243 0.6956 -0.7180
vn 0.1506 0.6638 -0.7326
vn 0.2255 0.6965 -0.6812
vn 0.1913 0.6082 -0.7704
vn 0.0738 0.6614 -0.7464
vn 0.2173 0.4619 -0.8599
vn 0.1773 0.5719 -0.8009
vn 0.2671 0.3931 -0.8798
vn 0.1880 0.4593 -0.8682
vn 0.2715 0.5343 -0.8005
vn -0.3835 -0.1881 -0.9042
vn -0.2899 -0.1353 -0.9474
vn -0.3037 -0.3699 -0.8780
vn -0.3244 -0.0997 -0.9406
vn -0.5979 0.6474 -0.4725
vn -0.5869 0.7004 -0.4061
vn -0.5883 0.5159 -0.6226
vn -0.6862 0.5656 -0.4575
vn 0.0259 -0.9996 -0.0132
vn 0.0402 -0.9991 -0.0137
vn 0.0668 0.9978 -0.0030
vn 0.0232 0.9977 -0.0641
vn -0.9353 0.3510 0.0446
vn 0.0223 0.9969 -0.0750
vn -0.0579 0.9823 -0.1782
vn -0.0163 0.9999 -0.0023
vn 0.0305 0.9977 -0.0610
vn 0.2737 0.4995 -0.8220
vn 0.2648 0.3803 -0.8862
vn 0.1666 0.3647 -0.9161
vn 0.4016 0.1884 -0.8962
vn 0.2942 0.1681 -0.9409
vn 0.3386 0.2388 -0.9101
vn 0.5292 0.1090 -0.8415
vn 0.4582 0.1098 -0.8821
vn 0.3899 0.0681 -0.9183
vn 0.4150 0.0699 -0.9072
vn 0.3550 0.1429 -0.9239
vn 0.4822 -0.0789 -0.8725
vn 0.4178 -0.0281 -0.9081
vn 0.5057 -0.0048 -0.8627
vn 0.5575 0.0926 -0.8250
vn 0.5131 0.0096 -0.8583
vn 0.5210 0.0534 -0.8519
vn 0.5905 -0.0025 -0.8070
vn 0.5783 0.0001 -0.8159
vn 0.6358 -0.0326 -0.7712
vn 0.4203 -0.5594 -0.7144
vn 0.5219 -0.5562 -0.6467
vn 0.3665 -0.5771 -0.7298
vn 0.4795 -0.4532 -0.7515
vn 0.4568 -0.5580 -0.6928
vn 0.4054 -0.5621 -0.7209
vn 0.4793 -0.6077 -0.6332
vn 0.4571 -0.5762 -0.6775
vn -0.8036 -0.1328 -0.5802
vn -0.8485 0.0101 -0.5291
vn -0.7138 -0.0018 -0.7004
vn -0.7819 -0.0412 -0.6220
vn 0.1032 -0.9725 -0.2086
vn 0.1850 -0.9554 -0.2302
vn 0.1408 -0.9716 -0.1901
vn 0.0519 -0.9772 -0.2057
vn 0.0431 -0.9591 -0.2799
vn 0.3831 0.9237 0.0000
vn 0.2981 0.9541 -0.0297
vn 0.3832 0.9237 -0.0007
vn 0.3833 0.9236 -0.0007
vn 0.9621 0.2727 0.0000
vn 0.9279 0.3526 -0.1214
vn 0.9328 0.3508 0.0831
vn 0.9753 0.2008 0.0922
vn 0.9958 0.0911 0.0000
vn 0.9830 0.1594 0.0905
vn 0.9956 0.0253 0.0898
vn 0.7270 -0.0000 0.6867
vn 0.6595 -0.0194 0.7515
vn 0.7879 0.0178 0.6155
vn 0.1177 -0.9414 -0.3162
vn 0.0567 -0.9861 -0.1562
vn 0.0424 -0.9861 -0.1609
vn 0.0255 -0.9845 -0.1737
vn 0.0551 -0.9979 -0.0352
vn 0.1021 -0.9932 0.0564
vn 0.9621 -0.2727 0.0000
vn 0.0263 0.9784 -0.2051
vn 0.0370 0.9740 -0.2236
vn 0.3335 0.6023 -0.7253
vn 0.2558 0.5441 -0.7991
vn 0.1641 0.6278 -0.7608
vn -0.3088 0.5884 -0.7473
vn -0.4212 0.5684 -0.7068
vn -0.5547 0.6302 -0.5433
vn -0.2171 0.7377 -0.6393
vn 0.1168 -0.4641 0.8781
vn 0.0424 0.9861 -0.1609
vn 0.0248 0.9845 -0.1736
vn 0.1130 0.0000 -0.9936
vn 0.6221 0.0067 -0.7829
vn 0.7073 0.0188 -0.7066
vn 0.6045 0.0064 -0.7966
vn 0.6045 0.0000 -0.7966
vn 0.6634 0.0779 -0.7442
vn 0.6434 0.0187 -0.7653
vn 0.6019 0.1374 -0.7866
vn 0.6120 -0.0001 -0.7909
vn 0.6072 0.0021 -0.7945
vn 0.6430 -0.0194 -0.7656
vn 0.5813 0.0332 -0.8130
vn 0.6164 -0.0790 -0.7835
vn 0.6133 -0.0820 -0.7856
vn 0.6315 -0.2936 -0.7177
vn 0.6324 -0.4334 -0.6420
vn 0.5434 -0.4933 -0.6793
vn 0.0734 -0.9940 -0.0807
vn -0.0107 -0.9971 0.0751
vn 0.1397 -0.9788 -0.1498
vn 0.0257 -0.9994 0.0210
vn 0.0718 -0.9948 -0.0726
vn -0.0423 -0.9971 0.0627
vn 0.0693 -0.9954 -0.0656
vn -0.0593 -0.9967 0.0561
vn 0.0664 -0.9960 -0.0595
vn -0.0213 -0.9770 -0.2121
vn 0.9976 0.0000 0.0693
vn 0.0634 -0.9968 -0.0481
vn 0.0561 -0.9978 -0.0357
vn 0.1380 -0.9903 -0.0125
vn 0.1108 -0.9938 0.0001
vn 0.1107 -0.9939 0.0000
vn 0.1189 -0.9929 0.0016
vn 0.0686 -0.9975 0.0149
vn -0.9448 0.2552 -0.2055
vn -0.9784 0.0731 -0.1934
vn 0.1171 0.9708 -0.2094
vn 0.1407 0.9717 -0.1897
vn 0.1849 0.9555 -0.2300
vn 0.4649 -0.7382 -0.4887
vn 0.4136 -0.7294 -0.5449
vn 0.4423 -0.6880 -0.5753
vn 0.5027 -0.7063 -0.4984
vn 0.4220 0.5575 -0.7149
vn 0.4072 0.6047 -0.6845
vn 0.5722 0.6299 -0.5251
vn 0.4795 0.6076 -0.6332
vn 0.4397 0.5955 -0.6723
vn 0.4564 0.5572 -0.6937
vn 0.4200 0.6005 -0.6805
vn 0.4537 0.3424 -0.8227
vn 0.4581 0.2588 -0.8504
vn -0.9904 0.0724 -0.1178
vn -0.9704 -0.0785 -0.2285
vn 0.0079 0.9915 0.1296
vn -0.0566 0.9963 -0.0639
vn 0.0139 0.9943 0.1060
vn 0.2104 0.9656 0.1528
vn 0.0225 0.9972 0.0711
vn -0.1459 0.9883 -0.0437
vn 0.0229 0.9975 0.0664
vn -0.9015 0.4328 0.0025
vn 0.0476 0.9981 0.0388
vn 0.0038 0.9991 0.0428
vn 0.0536 0.9980 0.0340
vn 0.0157 0.9983 0.0565
vn 0.1255 0.9877 0.0931
vn 0.1107 0.9939 0.0000
vn 0.1595 0.9870 -0.0173
vn 0.9988 -0.0497 0.0000
vn 0.9934 -0.1142 -0.0134
vn 0.1111 0.9938 0.0002
vn 0.0614 0.9980 -0.0152
vn 0.0558 0.9978 -0.0354
vn 0.0603 0.9972 -0.0448
vn 0.1602 0.9852 -0.0609
vn 0.6214 0.5353 -0.5722
vn 0.5709 0.4408 -0.6926
vn 0.4767 0.5403 -0.6934
vn 0.6612 0.0668 -0.7473
vn 0.6679 0.0012 -0.7442
vn 0.6673 0.0006 -0.7448
vn 0.6193 -0.0002 -0.7852
vn 0.6292 0.0002 -0.7773
vn 0.6169 0.1375 -0.7749
vn 0.6602 -0.0061 -0.7511
vn 0.6769 -0.0003 -0.7361
vn 0.6805 -0.0003 -0.7327
vn 0.6920 -0.0819 -0.7173
vn 0.0251 -0.9988 0.0427
vn 0.0324 -0.9940 0.1043
vn 0.0214 -0.9954 0.0932
vn -0.9060 -0.3968 -0.1475
vn -0.0457 -0.9989 -0.0098
vn 0.0429 -0.9982 0.0427
vn 0.1190 -0.9929 -0.0016
vn 0.0828 -0.9961 0.0318
vn 0.1112 -0.9938 -0.0002
vn 0.1115 -0.9935 0.0207
vn 0.9680 0.0904 -0.2342
vn 0.9464 -0.0037 -0.3228
vn 0.9305 0.1808 -0.3187
vn -0.1931 0.9376 0.2893
vn -0.0115 0.9745 0.2239
vn -0.4410 0.7529 0.4886
vn 0.0001 0.8784 0.4779
vn 0.0006 0.8807 0.4736
vn 0.0478 0.9462 0.3201
vn 0.0136 0.9662 0.2575
vn 0.0128 0.9620 0.2728
vn 0.0172 0.9821 0.1878
vn 0.0191 0.9891 0.1457
vn 0.1112 0.9938 -0.0002
vn 0.1082 0.9937 -0.0279
vn 0.1113 0.9938 -0.0001
vn 0.1112 0.9938 0.0004
vn 0.1136 -0.9935 0.0000
vn 0.1135 0.9931 -0.0280
vn 0.0895 0.9955 -0.0305
vn 0.0718 0.9968 -0.0355
vn -0.9905 0.0287 -0.1343
vn -0.9915 -0.0649 -0.1130
vn -0.9830 -0.0559 -0.1749
vn 0.1092 0.0447 0.9930
vn 0.1087 0.0447 0.9931
vn 0.6757 0.0625 -0.7345
vn 0.7092 0.0000 -0.7050
vn -0.8098 -0.5866 -0.0003
vn -0.9849 -0.0418 -0.1679
vn -0.9904 -0.0842 -0.1095
vn -0.0698 -0.9705 0.2309
vn 0.0201 -0.9820 0.1879
vn 0.0098 -0.9842 0.1765
vn 0.0154 -0.9750 0.2215
vn 0.1461 -0.9633 0.2251
vn 0.0225 -0.9779 0.2079
vn 0.1534 -0.9876 0.0334
vn 0.0655 -0.9972 0.0355
vn 0.1216 -0.9865 0.1098
vn 0.1111 -0.9938 0.0002
vn 0.0103 -0.9995 -0.0294
vn 0.0944 -0.9951 0.0297
vn 0.1996 0.9786 0.0491
vn 0.1845 0.9817 0.0465
vn 0.1853 0.9812 0.0542
vn 0.3813 0.9231 0.0494
vn 0.1082 -0.9937 -0.0282
vn 0.1065 -0.9934 -0.0433
vn -0.1274 0.0000 -0.9919
vn -0.8944 0.2344 -0.3810
vn -0.7980 0.2718 -0.5379
vn -0.9617 0.1235 -0.2446
vn -0.3857 0.7935 0.4708
vn -0.0171 0.8577 0.5138
vn 0.0834 0.6744 0.7337
vn 0.0000 0.8775 0.4796
vn -0.4430 0.8121 0.3799
vn 0.0388 0.4053 0.9134
vn 0.0379 0.3920 0.9192
vn 0.0429 0.4721 0.8805
vn 0.0300 0.7875 0.6155
vn 0.0256 0.8070 0.5900
vn 0.0138 0.8522 0.5231
vn 0.0114 0.8600 0.5102
vn 0.0052 0.8744 0.4852
vn 0.0000 0.5960 0.8030
vn 0.1169 -0.4641 -0.8781
vn 0.2126 -0.4175 -0.8835
vn 0.4408 0.0000 0.8976
vn 0.1017 0.9535 0.2838
vn 0.0294 0.9503 0.3100
vn 0.0563 0.9711 0.2319
vn 0.0263 0.9782 0.2058
vn 0.0370 0.9740 0.2236
vn 0.0607 0.9834 0.1712
vn 0.0424 0.9861 0.1609
vn 0.0255 0.9845 0.1738
vn 0.0664 0.9960 0.0595
vn 0.0571 0.9925 0.1085
vn 0.0634 0.9968 0.0481
vn 0.0705 0.9927 0.0974
vn 0.0560 0.9978 0.0354
vn 0.0795 0.9937 0.0793
vn 0.0546 0.9954 0.0790
vn 0.0895 0.9955 0.0306
vn 0.1113 0.9938 -0.0004
vn 0.2094 0.9768 0.0454
vn 0.1082 0.9937 0.0282
vn 0.1020 0.9944 -0.0285
vn 0.2065 -0.9785 0.0000
vn -0.4668 0.6544 -0.5949
vn -0.4518 0.7204 -0.5262
vn -0.5258 0.6934 -0.4927
vn -0.3662 0.7727 -0.5185
vn 0.7632 0.0003 -0.6462
vn 0.7394 0.1274 -0.6611
vn 0.7548 -0.0001 -0.6560
vn 0.7474 0.1298 -0.6515
vn 0.7652 -0.0030 -0.6438
vn 0.9862 0.0085 0.1652
vn 0.9943 0.0752 0.0757
vn -0.3539 -0.3388 0.8717
vn -0.2727 -0.4369 0.8572
vn -0.1842 -0.3637 0.9131
vn 0.8584 -0.4522 -0.2423
vn 0.8365 -0.5082 -0.2047
vn 0.7245 -0.5726 -0.3837
vn 0.1370 0.9297 -0.3420
vn 0.1625 0.9417 -0.2945
vn -0.6463 -0.7605 0.0638
vn -0.0120 -0.9306 0.3658
vn -0.0095 -0.9610 0.2763
vn -0.8149 -0.4073 0.4124
vn 0.0630 -0.9835 0.1693
vn 0.0163 -0.9786 0.2051
vn 0.1469 -0.9668 0.2093
vn 0.0533 -0.9096 0.4120
vn -0.8039 -0.4706 0.3639
vn 0.0014 -0.8873 0.4612
vn -0.0640 -0.9744 0.2154
vn 0.0370 -0.9740 0.2236
vn 0.1367 -0.9639 0.2284
vn 0.0168 -0.9570 0.2897
vn -0.0684 -0.9521 0.2982
vn 0.0298 -0.9514 0.3064
vn 0.0678 -0.9898 0.1255
vn 0.1603 -0.9868 0.0224
vn 0.0607 -0.9971 0.0456
vn 0.1425 -0.9870 0.0751
vn 0.0639 -0.9961 0.0602
vn 0.1650 -0.9853 0.0451
vn 0.0516 -0.9946 0.0896
vn 0.0598 -0.9907 0.1225
vn 0.1614 -0.9780 0.1324
vn 0.0551 -0.9816 0.1826
vn 0.1549 -0.9686 0.1944
vn -0.3287 -0.6736 0.6620
vn -0.2429 -0.5492 0.7996
vn -0.2130 -0.7493 0.6270
vn -0.9904 -0.0625 0.1232
vn -0.9740 -0.1271 0.1873
vn -0.8945 0.2018 0.3989
vn -0.9240 0.2003 0.3256
vn -0.9883 -0.0019 0.1526
vn -0.9903 0.0630 0.1235
vn -0.9829 0.1415 0.1181
vn -0.0373 0.8040 0.5935
vn 0.0385 0.4082 0.9121
vn 0.0000 0.4525 0.8918
vn 0.0391 0.3566 0.9334
vn 0.0443 0.3433 0.9382
vn 0.0355 0.3884 0.9208
vn 0.0554 0.4656 0.8832
vn 0.0578 0.4653 0.8833
vn 0.0440 0.7760 0.6292
vn 0.0410 0.7928 0.6081
vn 0.0671 0.8422 0.5350
vn 0.0208 0.8775 0.4790
vn -0.0191 0.9251 0.3793
vn 0.0281 0.9121 0.4090
vn 0.0362 0.9519 0.3043
vn 0.0435 0.9535 0.2981
vn -0.0315 0.9487 0.3146
vn 0.0566 0.9831 0.1743
vn 0.0159 0.9860 0.1660
vn 0.0645 0.9847 0.1620
vn 0.0737 0.9943 0.0776
vn 0.0693 0.9954 0.0656
vn 0.2549 -0.9618 -0.0995
vn 0.1761 -0.9804 -0.0882
vn 0.1008 -0.9929 -0.0627
vn 0.2509 -0.9612 -0.1148
vn -0.0476 -0.9989 0.0000
vn -0.9459 0.0000 -0.3245
vn 0.8405 -0.0013 -0.5418
vn 0.8624 -0.0001 -0.5063
vn 0.8865 -0.0434 -0.4606
vn 0.8468 0.0000 -0.5319
vn 0.8373 0.0001 -0.5467
vn 0.8127 0.0079 -0.5826
vn 0.8731 0.0659 -0.4831
vn -0.3314 -0.7435 -0.5808
vn -0.3457 -0.6792 -0.6475
vn -0.3177 -0.7984 -0.5115
vn -0.3470 -0.7553 -0.5560
vn 0.7796 -0.0000 -0.6263
vn 0.8038 -0.0001 -0.5949
vn 0.8140 -0.0010 -0.5809
vn 0.8807 -0.0069 -0.4735
vn 0.9236 0.0001 -0.3834
vn 0.9408 -0.0001 -0.3390
vn 0.9154 -0.0005 -0.4025
vn 0.9612 0.0001 -0.2759
vn 0.9740 -0.0444 -0.2222
vn 0.9742 -0.0000 -0.2258
vn 0.9718 0.0709 -0.2250
vn 0.9766 -0.0001 -0.2152
vn 0.9829 -0.0581 -0.1748
vn 0.9465 -0.2683 -0.1795
vn 0.9411 -0.2394 -0.2387
vn 0.8982 0.4395 0.0000
vn 0.8986 0.4387 -0.0006
vn 0.1166 0.9932 0.0000
vn 0.1014 0.9948 0.0019
vn 0.1321 0.9912 0.0001
vn -0.0120 -0.8578 0.5139
vn 0.0441 -0.9066 0.4196
vn 0.0011 -0.8801 0.4747
vn -0.8107 -0.5038 0.2982
vn 0.0000 -0.8716 0.4902
vn 0.0717 -0.8578 0.5090
vn 0.0049 -0.8747 0.4846
vn -0.0388 -0.9019 0.4303
vn -0.0669 -0.9406 0.3328
vn 0.0298 -0.9483 0.3161
vn 0.0439 -0.9531 0.2994
vn 0.1396 -0.9381 0.3170
vn 0.1756 -0.9816 0.0751
vn 0.1342 -0.9805 0.1434
vn 0.0599 -0.9965 0.0590
vn 0.0726 -0.9901 0.1202
vn 0.0404 -0.9905 0.1317
vn 0.1047 0.9936 0.0412
vn 0.0553 0.9979 0.0351
vn -0.5280 0.6848 0.5023
vn -0.5612 0.6927 0.4529
vn 0.7241 0.0891 0.6839
vn 0.7462 -0.0011 0.6657
vn 0.7247 0.1795 0.6652
vn 0.6854 0.1767 0.7064
vn 0.8774 0.4296 -0.2138
vn 0.8778 0.4290 -0.2130
vn 0.8363 0.3681 -0.4064
vn 0.9504 0.0133 0.3106
vn 0.9680 -0.0904 0.2342
vn -0.9905 0.0834 -0.1092
vn 0.0915 0.3794 0.9207
vn -0.0422 0.4565 0.8887
vn -0.0332 0.3973 0.9171
vn 0.0341 0.3342 0.9419
vn 0.0603 0.2974 0.9529
vn 0.0506 0.3164 0.9473
vn 0.0414 0.2700 0.9620
vn 0.0580 0.2837 0.9572
vn 0.0604 0.2732 0.9601
vn -0.0012 0.0000 1.0000
vn 0.0009 0.0000 1.0000
vn 0.0000 0.0000 1.0000
vn -0.0002 0.0000 1.0000
vn 0.0001 0.0000 1.0000
vn -0.0004 0.0000 1.0000
vn -0.0001 0.0000 1.0000
vn 0.0004 0.0000 1.0000
vn -0.0006 0.0000 1.0000
vn -0.0210 -0.0035 0.9998
vn -0.0101 0.0192 0.9998
vn 0.0003 0.0000 1.0000
vn -0.0130 -0.0176 0.9998
vn -0.0003 0.0000 1.0000
vn -0.0198 0.0104 0.9998
vn -0.0191 -0.0162 0.9997
vn -0.0201 0.0146 0.9997
vn 0.0002 0.0000 1.0000
vn 0.0002 -0.0001 1.0000
vn -0.0003 -0.0005 1.0000
vn 0.0227 0.0102 0.9997
vn 0.0019 -0.0253 0.9997
vn 0.0193 0.0092 0.9998
vn 0.0022 -0.0210 0.9998
vn -0.0060 0.0212 0.9998
vn 0.0178 0.0131 0.9998
vn 0.0137 0.0209 0.9997
vn 0.0137 -0.0208 0.9997
vn 0.0738 0.2129 0.9743
vn 0.2176 0.4619 0.8598
vn 0.1910 0.6106 0.7686
vn 0.1960 0.6017 0.7743
vn 0.2184 0.5677 0.7937
vn 0.0882 0.8727 0.4802
vn 0.0534 -0.9980 -0.0339
vn 0.1085 -0.9927 0.0518
vn 0.0281 0.9134 0.4062
vn 0.0758 0.9234 0.3762
vn 0.1021 0.9732 0.2061
vn 0.1394 0.9723 0.1877
vn 0.0601 0.9964 0.0592
vn 0.1837 0.9561 0.2282
vn 0.2665 0.9356 0.2315
vn 0.3081 -0.8848 -0.3496
vn 0.2410 -0.9222 -0.3025
vn 0.2345 -0.8958 -0.3776
vn 0.4977 -0.8655 -0.0562
vn 0.4178 -0.9024 -0.1056
vn 0.2313 -0.9677 -0.1006
vn 0.6246 -0.7706 -0.1262
vn 0.3831 -0.9237 0.0000
vn 0.4336 -0.8974 -0.0817
vn 0.7244 0.0922 -0.6832
vn 0.6850 0.1696 -0.7085
vn 0.7739 0.1846 -0.6058
vn 0.7874 -0.0000 -0.6165
vn 0.8799 0.0008 -0.4752
vn 0.8878 0.0001 -0.4602
vn 0.8631 -0.0218 -0.5046
vn 0.8363 0.0000 -0.5483
vn 0.9151 0.0039 -0.4033
vn 0.9521 0.0696 -0.2977
vn 0.9707 0.0510 -0.2348
vn 0.9316 0.1016 -0.3491
vn 0.9584 0.0053 -0.2853
vn 0.9285 0.1129 -0.3537
vn 0.9560 0.0013 -0.2935
vn 0.5268 -0.0033 0.8500
vn 0.9076 -0.0001 -0.4199
vn 0.9787 0.0281 -0.2034
vn 0.9803 0.0002 -0.1975
vn 0.9864 -0.0003 -0.1641
vn 0.9864 0.0000 -0.1646
vn 0.9614 -0.0110 -0.2749
vn 0.9883 -0.0055 -0.1526
vn 0.9688 0.0657 -0.2388
vn 0.9976 -0.0007 -0.0693
vn 0.9981 -0.0541 -0.0304
vn 0.9988 0.0497 0.0000
vn 0.1166 -0.9932 0.0000
vn 0.4299 -0.8958 0.1132
vn 0.1164 -0.9931 0.0148
vn 0.9958 -0.0911 0.0000
vn 0.9937 -0.0909 -0.0661
vn -0.0522 -0.6724 0.7383
vn -0.0611 -0.7120 0.6995
vn -0.0325 -0.8041 0.5936
vn 0.0000 -0.7468 0.6650
vn -0.0886 0.8025 0.5900
vn -0.1745 0.8355 0.5211
vn -0.6157 -0.7880 -0.0004
vn -0.5922 -0.7988 0.1065
vn -0.6320 -0.7690 0.0957
vn 0.0277 -0.8948 0.4455
vn 0.0110 -0.8612 0.5082
vn 0.0820 -0.7460 0.6609
vn 0.0256 -0.8072 0.5897
vn 0.0300 -0.7875 0.6155
vn 0.0391 -0.5960 0.8021
vn 0.0542 -0.9979 0.0346
vn 0.0536 -0.9903 0.1280
vn -0.7242 0.0413 -0.6883
vn -0.6760 0.0578 -0.7347
vn -0.6484 0.0001 -0.7613
vn 0.2370 0.9251 -0.2967
vn 0.1847 -0.9556 0.2296
vn 0.1517 -0.9755 0.1595
vn 0.1112 -0.9938 0.0000
vn 0.8049 -0.5934 -0.0000
vn 0.8050 -0.5933 0.0011
vn 0.8051 -0.5932 0.0010
vn 0.1136 0.9935 0.0000
vn -0.9904 -0.0988 0.0970
vn -0.9743 -0.1459 0.1714
vn -0.9473 -0.1994 0.2506
vn 0.8908 0.0181 -0.4540
vn 0.8389 0.1081 -0.5334
vn 0.9418 0.0100 -0.3360
vn -0.0744 0.4479 0.8910
vn -0.0948 0.3565 0.9295
vn -0.0473 0.3573 0.9328
vn -0.0413 0.3750 0.9261
vn 0.0720 0.2216 0.9725
vn 0.0826 0.1720 0.9816
vn 0.0868 0.1520 0.9846
vn 0.0920 0.1266 0.9877
vn 0.0759 0.1132 0.9907
vn 0.0879 0.1255 0.9882
vn 0.1058 0.0827 0.9909
vn 0.0964 0.1062 0.9897
vn 0.0881 0.1209 0.9888
vn 0.1062 0.0781 0.9913
vn 0.0981 0.0977 0.9904
vn 0.0995 0.0907 0.9909
vn 0.1029 0.0748 0.9919
vn 0.1066 0.0574 0.9926
vn 0.1083 0.0489 0.9929
vn 0.1138 -0.0458 0.9924
vn 0.2738 0.1956 0.9417
vn 0.2354 0.0943 0.9673
vn 0.2817 0.2121 0.9358
vn 0.2646 0.3804 0.8861
vn 0.1880 0.6114 0.7687
vn 0.2913 0.7407 0.6054
vn 0.2155 0.6939 0.6870
vn 0.9976 0.0007 -0.0693
vn 0.9903 -0.0008 -0.1389
vn 0.9902 0.0004 -0.1398
vn 0.9928 0.0000 -0.1201
vn 0.9970 0.0000 -0.0773
vn 0.9976 -0.0003 -0.0693
vn 0.9991 0.0000 -0.0415
vn 0.9999 0.0000 -0.0166
vn 0.9976 -0.0007 0.0693
vn 0.9903 0.0008 0.1389
vn -0.9898 -0.0407 0.1366
vn -0.9904 -0.1113 0.0815
vn -0.0683 -0.6235 0.7788
vn -0.9903 -0.0753 0.1165
vn -0.9915 0.0164 0.1290
vn -0.9829 -0.0123 0.1838
vn -0.0982 -0.7761 0.6229
vn -0.0836 -0.7109 0.6984
vn -0.0888 -0.5558 0.8265
vn 0.2046 -0.7122 0.6715
vn 0.0890 -0.7301 0.6775
vn 0.0578 -0.4653 0.8833
vn 0.0628 -0.4645 0.8833
vn 0.0555 -0.5069 0.8602
vn 0.4798 -0.6072 0.6333
vn 0.5524 -0.5746 0.6040
vn -0.7987 0.4073 0.4430
vn -0.8942 0.3315 0.3008
vn -0.9620 0.1845 0.2010
vn -0.9914 -0.1161 0.0601
vn -0.9904 -0.0490 0.1289
vn 0.7768 0.4809 0.4066
vn 0.8365 0.5082 0.2047
vn 0.8811 0.4314 0.1936
vn 0.1721 0.9780 -0.1175
vn 0.1427 0.9806 -0.1346
vn 0.1090 0.9844 -0.1381
vn -0.8953 -0.2024 0.3968
vn -0.9042 -0.2682 0.3323
vn -0.0731 0.2494 0.9656
vn -0.1387 0.4243 0.8949
vn -0.0612 0.2996 0.9521
vn 0.1332 0.2546 0.9578
vn -0.0532 0.3329 0.9414
vn 0.1374 0.0314 0.9900
vn 0.1136 0.0239 0.9932
vn 0.1137 0.0227 0.9933
vn 0.1136 0.0233 0.9933
vn 0.1153 0.0155 0.9932
vn 0.1174 0.0057 0.9931
vn 0.2315 0.0002 0.9728
vn 0.2867 0.0898 0.9538
vn 0.2111 0.0000 0.9775
vn 0.2435 -0.0001 0.9699
vn 0.2730 0.1018 0.9566
vn 0.2809 0.0000 0.9597
vn 0.2798 0.1068 0.9541
vn -0.1064 0.0462 0.9932
vn -0.1786 0.2327 0.9560
vn 0.4153 0.0705 0.9070
vn 0.3764 0.1745 0.9099
vn 0.4582 0.1078 0.8823
vn 0.3576 0.1271 0.9252
vn 0.3853 0.1734 0.9063
vn 0.3896 0.0773 0.9177
vn 0.3544 0.2158 0.9099
vn 0.3112 0.2605 0.9139
vn 0.3144 0.3015 0.9001
vn 0.2883 0.2913 0.9122
vn 0.3280 0.2759 0.9035
vn 0.4116 0.5492 0.7273
vn 0.3417 0.5691 0.7479
vn 0.2690 0.4724 0.8393
vn 0.9976 0.0007 0.0693
vn 0.9862 -0.0085 -0.1652
vn 0.9950 -0.0093 -0.0993
vn 0.9737 -0.0318 -0.2254
vn 0.9923 0.0806 -0.0941
vn 0.9999 0.0115 0.0000
vn 0.9976 0.0024 -0.0693
vn 0.9999 0.0000 0.0166
vn 0.9902 -0.0004 0.1397
vn 0.9928 0.0000 0.1198
vn 0.9862 0.0003 0.1655
vn 0.4232 -0.0616 -0.9040
vn 0.9769 0.0001 0.2135
vn 0.0761 -0.9953 0.0598
vn 0.9802 0.0001 0.1980
vn 0.0819 -0.9960 0.0349
vn 0.9472 -0.0032 0.3206
vn 0.0827 -0.9964 0.0173
vn 0.9563 -0.0014 0.2923
vn 0.9284 -0.1120 0.3543
vn 0.3560 -0.3456 -0.8682
vn 0.9237 -0.0001 0.3831
vn 0.9133 -0.0049 0.4074
vn 0.9408 0.0001 0.3389
vn -0.1013 -0.4946 0.8632
vn 0.0209 -0.4813 0.8763
vn -0.1089 -0.4475 0.8876
vn -0.1903 -0.3434 0.9197
vn -0.0903 0.4521 0.8874
vn -0.1818 0.3304 0.9262
vn -0.1902 0.4600 0.8673
vn -0.1881 0.4641 0.8656
vn 0.1517 -0.6627 0.7334
vn 0.1560 -0.7442 0.6494
vn 0.1913 -0.6084 0.7702
vn 0.2174 -0.4619 0.8599
vn 0.1879 -0.4593 0.8682
vn 0.0973 -0.2016 0.9746
vn 0.0887 -0.2732 0.9579
vn 0.0761 -0.3716 0.9253
vn 0.0683 -0.4271 0.9016
vn 0.0567 -0.5039 0.8619
vn 0.3334 -0.6013 0.7262
vn 0.2569 -0.5429 0.7996
vn -0.1785 -0.8031 -0.5685
vn -0.0888 -0.8028 -0.5896
vn -0.2705 0.7768 0.5686
vn -0.3508 0.6955 0.6271
vn -0.1842 0.7372 0.6500
vn 0.6318 -0.2933 0.7175
vn 0.6914 -0.2736 0.6686
vn 0.5429 -0.4947 0.6786
vn 0.5542 -0.5551 0.6202
vn 0.5679 -0.1631 -0.8068
vn 0.5652 -0.1601 -0.8093
vn 0.2621 -0.5361 0.8025
vn 0.2863 -0.6261 0.7253
vn -0.9905 0.1113 0.0811
vn -0.9783 0.1780 0.1056
vn -0.9779 0.1711 0.1199
vn -0.9312 -0.2962 0.2123
vn -0.8485 -0.4585 0.2642
vn -0.8950 -0.3604 0.2628
vn -0.9300 -0.3102 0.1974
vn -0.5280 -0.6848 0.5023
vn -0.6027 -0.6789 0.4192
vn 0.9612 -0.0002 0.2758
vn -0.2760 0.0771 0.9581
vn -0.0915 0.1591 0.9830
vn -0.0914 0.1603 0.9828
vn -0.0869 0.1812 0.9796
vn -0.0762 0.2344 0.9691
vn 0.0488 -0.9987 0.0146
vn 0.0170 -0.9996 -0.0229
vn 0.0451 -0.9984 -0.0346
vn 0.1947 0.0001 0.9809
vn 0.2174 0.1485 0.9647
vn 0.2147 -0.0001 0.9767
vn 0.2661 0.0001 0.9640
vn 0.9872 0.0068 -0.1591
vn 0.2967 0.0000 0.9550
vn -0.9550 0.0037 0.2967
vn 0.3765 0.0000 0.9264
vn 0.3767 0.0000 0.9263
vn 0.4400 -0.0000 -0.8980
vn 0.4421 -0.0004 -0.8970
vn 0.4382 -0.0000 -0.8989
vn 0.5040 -0.0000 0.8637
vn 0.5158 0.0013 0.8567
vn 0.2890 0.3076 0.9066
vn 0.3256 0.2848 0.9016
vn 0.5430 0.4942 0.6790
vn 0.6345 0.5230 0.5691
vn 0.3917 0.6768 0.6233
vn 0.9883 0.0054 0.1525
vn 0.0176 -0.8951 -0.4455
vn 0.9056 -0.0001 0.4242
vn 0.9026 0.0812 0.4228
vn 0.9158 0.0004 0.4017
vn 0.4827 -0.0034 -0.8758
vn 0.5641 -0.0179 0.8255
vn 0.8294 0.0000 0.5586
vn 0.8479 -0.0001 0.5301
vn 0.8528 0.0001 0.5222
vn 0.8067 -0.0435 0.5894
vn 0.8373 -0.0002 0.5468
vn 0.7928 -0.0543 0.6071
vn 0.8114 -0.0084 0.5844
vn 0.7787 -0.0867 0.6213
vn 0.7992 -0.0245 0.6006
vn -0.1204 -0.3703 0.9211
vn 0.0143 -0.3565 0.9342
vn -0.0796 -0.0601 -0.9950
vn 0.1481 -0.3309 0.9320
vn 0.2648 -0.3801 0.8862
vn 0.2817 -0.2114 0.9359
vn 0.6069 0.0005 0.7948
vn 0.5253 -0.0839 0.8468
vn 0.0177 0.2319 -0.9726
vn 0.0237 0.1231 -0.9921
vn -0.7853 0.6118 0.0948
vn 0.1133 -0.0511 0.9922
vn 0.1122 -0.0605 0.9918
vn 0.1102 -0.0802 0.9907
vn 0.1083 -0.0986 0.9892
vn 0.1074 -0.1070 0.9884
vn 0.1063 -0.1172 0.9874
vn 0.1036 -0.1425 0.9844
vn 0.1001 -0.1754 0.9794
vn 0.0972 -0.2024 0.9745
vn 0.7629 -0.0003 0.6465
vn 0.7549 0.0001 0.6558
vn 0.8113 -0.0276 0.5840
vn 0.6804 -0.0018 0.7329
vn 0.7091 0.0000 0.7051
vn 0.6677 -0.0006 0.7444
vn 0.6638 -0.0009 0.7479
vn 0.4527 -0.1555 0.8780
vn 0.3607 -0.1243 0.9244
vn 0.4154 -0.4992 0.7605
vn 0.5190 -0.4504 0.7265
vn 0.4745 -0.4317 0.7671
vn 0.0404 0.0000 -0.9992
vn -0.1162 -0.0435 0.9923
vn -0.2990 -0.1202 0.9466
vn -0.1046 0.0594 0.9927
vn 0.0969 0.0311 0.9948
vn -0.1024 0.0745 0.9919
vn 0.0990 0.0464 0.9940
vn -0.0997 0.0952 0.9905
vn 0.1020 0.0683 0.9924
vn -0.0981 0.1077 0.9893
vn 0.1036 0.0814 0.9913
vn -0.0951 0.1307 0.9869
vn 0.1066 0.1044 0.9888
vn 0.1170 -0.0157 0.9930
vn 0.1177 -0.0084 0.9930
vn 0.3595 -0.1273 0.9244
vn 0.4589 -0.1072 0.8820
vn 0.5817 -0.0324 0.8128
vn 0.5713 -0.1000 0.8146
vn 0.5758 0.0002 0.8176
vn 0.6854 0.0059 0.7281
vn 0.5869 -0.0003 0.8097
vn 0.6771 0.0003 0.7359
vn 0.6936 0.1568 0.7031
vn 0.7656 0.0030 0.6433
vn 0.8628 0.0001 0.5056
vn 0.8818 0.0071 0.4715
vn 0.8519 0.1293 0.5075
vn 0.8888 0.0001 0.4582
vn 0.8650 0.0000 0.5018
vn 0.8154 0.0009 0.5789
vn 0.8024 -0.0001 0.5968
vn 0.7776 -0.0000 0.6287
vn -0.1256 -0.2616 0.9570
vn 0.0784 -0.2584 0.9629
vn 0.3298 -0.2760 0.9028
vn 0.3203 -0.2610 0.9106
vn 0.3260 -0.2791 0.9032
vn 0.3131 -0.2671 0.9114
vn 0.3852 -0.1311 0.9135
vn 0.3293 -0.2327 0.9151
vn 0.3473 -0.2208 0.9114
vn 0.3847 -0.1737 0.9066
vn 0.3105 -0.1024 0.9451
vn 0.1161 -0.0238 0.9930
vn 0.6184 0.0003 0.7858
vn 0.6198 -0.0060 0.7847
vn 0.5631 -0.0549 0.8246
vn 0.5977 -0.0000 0.8017
vn 0.5738 -0.0967 0.8133
vn 0.8030 0.0173 0.5957
vn 0.8520 0.1071 0.5125
vn 0.7192 0.0112 0.6947
vn -0.1138 -0.0233 0.9932
vn -0.1128 -0.0152 0.9935
vn -0.1111 0.0000 0.9938
vn -0.1095 0.0147 0.9939
vn -0.0880 0.0130 0.9960
vn -0.1107 0.0007 0.9939
vn -0.1054 0.0468 0.9933
vn -0.1087 0.0223 0.9938
vn -0.1075 0.0349 0.9936
vn -0.1063 0.0480 0.9932
vn 0.6302 0.0000 0.7765
vn 0.6107 0.0001 0.7919
vn 0.6093 0.0000 0.7929
vn 0.6043 -0.1116 0.7889
vn -0.1259 -0.2213 0.9670
vn 0.8676 -0.1155 0.4836
vn -0.1256 -0.1727 0.9769
vn 0.8678 -0.0957 0.4877
vn 0.3092 -0.3507 0.8840
vn 0.4149 -0.3572 0.8368
vn -0.1237 -0.1358 0.9830
vn 0.7410 -0.1595 0.6523
vn -0.1221 -0.1165 0.9857
vn 0.7421 -0.1472 0.6540
vn -0.1196 -0.0870 0.9890
vn -0.0969 -0.0777 0.9923
vn 0.7437 -0.1276 0.6562
vn -0.1150 -0.0916 0.9891
vn -0.1198 -0.0454 0.9918
vn 0.7451 -0.1101 0.6578
vn -0.1099 -0.0809 0.9906
vn -0.1183 -0.0353 0.9924
vn 0.7455 -0.1044 0.6583
vn -0.1170 -0.0528 0.9917
vn 0.0859 -0.0685 0.9939
vn 0.0476 0.9909 0.1256
vn 0.0456 0.9830 0.1778
vn 0.0589 0.9944 0.0880
vn 0.2484 0.0000 0.9687
vn 0.3813 0.1368 0.9143
vn 0.2125 0.1402 0.9670
vn 0.5932 0.0001 0.8051
vn 0.6590 0.1096 0.7441
vn 0.5875 0.2258 0.7771
vn 0.5932 0.0000 0.8051
vn 0.5315 0.1259 0.8376
vn 0.3304 0.2975 0.8957
vn 0.4613 0.2590 0.8486
vn 0.3795 0.3878 0.8400
vn 0.1786 0.5713 0.8011
vn 0.7249 0.1837 0.6639
vn 0.7374 0.0000 0.6754
vn 0.8345 0.1837 0.5194
vn 0.8345 0.1838 0.5194
vn 0.7375 -0.0000 0.6754
vn 0.8490 -0.0000 0.5284
vn 0.9158 0.1838 0.3572
vn 0.5116 0.7980 0.3184
vn 0.7218 0.5264 0.4493
vn 0.5614 0.7980 0.2190
vn 0.7921 0.5264 0.3090
vn 0.6270 0.5264 0.5742
vn 0.2017 0.6452 0.7369
vn 0.3050 0.5569 0.7726
vn 0.2375 0.7353 0.6348
vn 0.1230 0.8058 0.5793
vn 0.1495 0.8826 0.4458
vn 0.4061 0.4553 0.7923
vn 0.4090 0.4521 0.7927
vn 0.3530 0.6507 0.6723
vn 0.5040 0.3402 0.7939
vn 0.1105 0.9929 0.0431
vn 0.1179 0.9929 0.0133
vn 0.1156 0.9932 0.0134
vn 0.2554 0.9618 -0.0983
vn 0.1107 0.9929 -0.0426
vn 0.1179 0.9929 -0.0133
vn 0.2969 0.9543 -0.0333
vn 0.5624 0.7980 -0.2164
vn 0.2330 0.9618 -0.1435
vn 0.5131 0.7980 -0.3161
vn 0.2027 0.9618 -0.1839
vn 0.4463 0.7980 -0.4050
vn 0.3225 0.8922 -0.3161
vn 0.4304 0.7980 -0.4218
vn 0.6296 0.5264 -0.5713
vn 0.7239 0.5264 -0.4459
vn 0.8369 0.1837 -0.5155
vn 0.9174 0.1837 -0.3530
vn 0.7935 0.5264 -0.3053
vn 0.9174 0.1838 -0.3530
vn 0.2368 0.7363 -0.6339
vn 0.3526 0.6516 -0.6716
vn 0.3048 0.5571 -0.7725
vn 0.0066 0.9403 -0.3403
vn 0.0210 0.9368 -0.3492
vn 0.0109 0.8803 -0.4742
vn 0.0759 0.9931 -0.0896
vn 0.0679 0.9861 -0.1515
vn 0.0747 0.9932 -0.0897
vn 0.2368 0.7363 -0.6338
vn 0.1230 0.8062 -0.5787
vn 0.1491 0.8827 -0.4457
vn 0.3541 0.1943 -0.9148
vn 0.3824 0.1343 -0.9142
vn 0.2131 0.1394 -0.9670
vn 0.3825 0.1343 -0.9141
vn 0.2488 0.0000 -0.9686
vn 0.1787 0.5712 -0.8011
vn 0.3796 0.3876 -0.8400
vn 0.3305 0.2973 -0.8958
vn 0.4614 0.2588 -0.8486
vn 0.3305 0.2974 -0.8957
vn 0.3503 0.2474 -0.9034
vn 0.5033 0.3410 -0.7940
vn 0.5316 0.1256 -0.8376
vn 0.0175 0.8598 -0.5103
vn 0.0369 0.9257 -0.3766
vn 0.0369 0.9256 -0.3766
vn -0.0000 1.0000 -0.0000
vn 0.0981 0.9952 -0.0025
vn 0.0988 0.9951 -0.0049
vn 0.4422 -0.0002 0.8969
vn 0.5315 -0.1259 0.8376
vn 0.5858 -0.0000 0.8105
vn 0.5931 -0.0000 0.8051
vn 0.5364 -0.6602 0.5257
vn 0.4304 -0.7980 0.4218
vn 0.4463 -0.7980 0.4050
vn 0.2027 -0.9618 0.1839
vn 0.1954 -0.9618 0.1916
vn 0.0879 -0.9929 0.0797
vn 0.2330 -0.9618 0.1435
vn 0.6072 -0.5264 0.5951
vn 0.6296 -0.5264 0.5713
vn 0.6737 -0.3319 0.6603
vn 0.6297 -0.5264 0.5713
vn 0.7280 -0.1837 0.6605
vn 0.6737 -0.3320 0.6603
vn 0.7020 -0.1838 0.6880
vn 0.2554 -0.9618 0.0983
vn 0.5625 -0.7980 0.2164
vn 0.5624 -0.7980 0.2164
vn 0.5131 -0.7980 0.3161
vn 0.7239 -0.5264 0.4459
vn 0.7935 -0.5265 0.3053
vn 0.9174 -0.1838 0.3530
vn 0.8370 -0.1837 0.5155
vn 0.9174 -0.1837 0.3530
vn 0.5364 -0.6602 0.5258
vn 0.2376 -0.7351 0.6349
vn 0.3530 -0.6506 0.6724
vn 0.3051 -0.5568 0.7726
vn 0.1230 -0.8057 0.5795
vn 0.1495 -0.8825 0.4459
vn 0.2131 -0.1394 0.9670
vn 0.3541 -0.1943 0.9148
vn 0.3823 -0.1346 0.9142
vn 0.2488 -0.0000 0.9685
vn 0.4061 -0.4554 0.7923
vn 0.2203 -0.8948 0.3882
vn 0.2734 -0.8216 0.5003
vn 0.1222 -0.8071 -0.5776
vn 0.2357 -0.7375 -0.6328
vn 0.1484 -0.8830 -0.4453
vn 0.0176 -0.8601 -0.5098
vn 0.0963 -0.7222 -0.6849
vn 0.0963 -0.7223 -0.6849
vn 0.1991 -0.6473 -0.7358
vn 0.1630 -0.3065 -0.9378
vn 0.2125 -0.1403 -0.9670
vn 0.2403 -0.2926 -0.9255
vn 0.5944 0.0000 -0.8042
vn 0.5932 -0.0000 -0.8051
vn 0.5857 0.0000 -0.8105
vn 0.3795 -0.3877 -0.8400
vn 0.3304 -0.2975 -0.8957
vn 0.4613 -0.2590 -0.8486
vn 0.8345 -0.1837 -0.5194
vn 0.7218 -0.5264 -0.4493
vn 0.7249 -0.1837 -0.6639
vn 0.5614 -0.7980 -0.2190
vn 0.5116 -0.7980 -0.3184
vn 0.6270 -0.5264 -0.5742
vn 0.6742 -0.3299 -0.6608
vn 0.7249 -0.1838 -0.6639
vn 0.7046 -0.1634 -0.6906
vn 0.4444 -0.7980 -0.4070
vn 0.5411 -0.6527 -0.5303
vn 0.6111 -0.5176 -0.5989
vn 0.2323 -0.9618 -0.1446
vn 0.1007 -0.9929 -0.0627
vn 0.2018 -0.9618 -0.1848
vn 0.3291 -0.8875 -0.3225
vn 0.3291 -0.8875 -0.3226
vn 0.4502 -0.7763 -0.4412
vn 0.1058 -0.9943 -0.0122
vn 0.1034 -0.9946 -0.0109
vn 0.1105 -0.9929 -0.0431
vn 0.1015 -0.9948 -0.0091
vn 0.7921 -0.5264 -0.3090
vn -0.9618 -0.0737 0.2635
vn -0.7980 -0.1623 0.5804
vn -0.9618 -0.0250 0.2725
vn -0.7980 -0.0550 0.6001
vn -0.9618 0.0255 0.2725
vn -0.7980 0.0562 0.6000
vn -0.9618 0.0752 0.2631
vn -0.7980 0.1655 0.5794
vn -0.7988 -0.2638 0.5407
vn -0.6745 -0.3238 0.6635
vn -0.5264 0.7634 0.3743
vn -0.5264 0.8134 0.2475
vn -0.7980 0.5765 0.1754
vn -0.5265 0.7634 0.3742
vn -0.7980 0.5765 0.1755
vn -0.7980 0.5411 0.2653
vn -0.1837 0.6655 0.7235
vn -0.1837 0.7845 0.5923
vn -0.3613 0.7442 0.5619
vn -0.7979 0.2806 0.5335
vn -0.7980 0.4080 0.4435
vn -0.9618 0.1853 0.2014
vn -0.7980 0.5443 -0.2587
vn -0.5264 0.7679 -0.3651
vn -0.6745 0.6025 -0.4267
vn -0.7988 0.4909 -0.3477
vn -0.9618 0.2618 0.0797
vn -0.9618 0.2720 0.0302
vn -0.7980 0.5990 0.0665
vn -0.9618 0.2646 -0.0701
vn -1.0000 -0.0001 0.0001
vn -0.9618 0.2472 -0.1175
vn -0.1839 0.8017 -0.5688
vn -0.3614 0.7450 -0.5607
vn -0.3614 0.7605 -0.5395
vn -0.7980 0.5989 0.0665
vn -0.7980 0.6010 -0.0447
vn -0.9618 0.2729 -0.0203
vn -0.7987 0.4911 0.3478
vn -0.6743 0.6026 0.4267
vn -0.6744 0.6026 0.4267
vn -0.5264 0.6420 -0.5575
vn -0.6737 0.4609 -0.5777
vn -0.7980 0.4550 -0.3951
vn -0.1837 0.7422 -0.6445
vn -0.1838 0.6131 -0.7684
vn -0.3612 0.5816 -0.7289
vn -0.8952 0.2780 -0.3484
vn -0.9618 0.1707 -0.2139
vn -0.9618 0.2066 -0.1794
vn -0.9618 0.1234 -0.2442
vn -0.9618 0.0810 -0.2614
vn -0.7980 0.1784 -0.5756
vn -0.8944 0.0539 -0.4441
vn -0.7971 0.0728 -0.5994
vn -0.5264 0.2517 -0.8121
vn -0.1838 0.2910 -0.9389
vn -0.1835 0.1185 -0.9758
vn -0.6739 0.4384 -0.5947
vn -0.5264 0.3834 -0.7589
vn -0.2401 0.0000 -0.9707
vn -0.4474 -0.0000 -0.8944
vn -0.4474 -0.0000 -0.8943
vn -0.6737 -0.3440 0.6540
vn -0.7980 -0.2806 0.5334
vn -0.7980 -0.3717 0.4744
vn -0.9618 -0.2478 0.1160
vn -0.9618 -0.2649 0.0685
vn -0.7981 -0.5834 0.1508
vn -0.5265 -0.8482 0.0579
vn -0.7980 -0.6012 0.0410
vn -0.6856 -0.7279 0.0047
vn -0.5242 -0.8516 0.0055
vn -0.3457 -0.9383 0.0061
vn -0.1838 -0.9807 0.0669
vn -0.7980 -0.5834 0.1508
vn -0.7981 -0.5458 0.2554
vn -0.7980 -0.5458 0.2555
vn -0.5265 -0.7700 0.3604
vn -0.6736 -0.6031 0.4273
vn -0.7980 -0.5458 0.2554
vn -0.7979 -0.4918 0.3485
vn -0.9159 -0.4014 -0.0026
vn -0.9619 -0.2689 -0.0504
vn -0.7980 -0.5923 -0.1110
vn -0.9618 -0.2689 -0.0504
vn -0.7980 -0.5618 -0.2179
vn -0.1838 -0.8355 -0.5178
vn -0.5265 -0.7226 -0.4479
vn -0.3613 -0.7608 -0.5391
vn -0.3459 -0.9383 -0.0061
vn 0.0521 -0.9862 -0.1572
vn -0.1539 -0.9881 -0.0065
vn -0.9618 -0.2551 -0.0990
vn -1.0000 -0.0008 -0.0003
vn -0.9618 -0.2326 -0.1442
vn -0.9618 -0.2690 -0.0504
vn -0.7980 -0.4077 -0.4438
vn -0.7982 -0.3757 -0.4709
vn -0.6739 -0.4608 -0.5775
vn -0.5264 -0.5752 -0.6261
vn -0.3615 -0.5815 -0.7288
vn -0.1837 -0.6650 -0.7239
vn -0.5264 -0.3740 -0.7635
vn -0.6740 -0.4383 -0.5947
vn -0.7980 -0.2651 -0.5412
vn -0.9163 -0.0483 -0.3976
vn -0.7980 -0.1713 -0.5778
vn -0.9618 -0.0778 -0.2624
vn -0.6799 -0.0884 -0.7280
vn -0.5159 -0.1033 -0.8504
vn -0.5265 -0.2416 -0.8151
vn -0.6799 -0.0885 -0.7280
vn -0.5264 -0.2416 -0.8152
vn -0.9618 -0.1204 -0.2457
vn -0.5257 0.1026 -0.8444
vn -0.5265 0.2517 -0.8121
vn -0.3608 0.1125 -0.9258
vn -0.9612 0.0332 -0.2737
vn -0.5264 -0.5244 0.6692
vn -0.6737 -0.3440 0.6541
vn -0.5264 -0.3958 0.7525
vn -0.3295 -0.5134 0.7924
vn -0.4975 -0.5330 0.6845
vn -0.4233 -0.4308 0.7970
vn -0.2475 -0.4520 0.8570
vn 0.2065 0.9784 0.0000
vn 0.1808 0.9791 -0.0934
vn -0.6985 0.1393 -0.7019
vn -0.6834 0.3269 -0.6528
vn -0.7152 0.0809 -0.6942
vn -0.5867 0.0830 -0.8055
vn -0.0551 -0.3062 -0.9504
vn -0.0293 -0.2145 -0.9763
vn 0.0231 -0.1726 -0.9847
vn -0.0651 -0.2157 -0.9743
vn -0.0467 -0.2231 -0.9737
vn -0.3823 -0.2683 -0.8842
vn -0.2351 -0.1974 -0.9517
vn -0.1529 -0.0988 -0.9833
vn -0.3309 -0.1143 -0.9367
vn -0.2403 0.0002 -0.9707
vn -0.2355 -0.0606 -0.9700
vn 0.0778 -0.2327 -0.9694
vn -0.0025 -0.0285 -0.9996
vn -0.0776 -0.0874 -0.9931
vn -0.6954 -0.5996 -0.3961
vn -0.5551 -0.7068 -0.4384
vn -0.6775 -0.6591 -0.3264
vn -0.7057 -0.5378 -0.4613
vn -0.3440 0.0000 -0.9390
vn 0.6766 0.7250 -0.1286
vn 0.7905 0.5815 -0.1923
vn 0.6184 0.6011 -0.5062
vn 0.5288 0.7088 -0.4669
vn 0.0421 -0.0622 -0.9972
vn 0.1114 -0.2291 -0.9670
vn 0.0482 -0.2471 -0.9678
vn 0.0327 -0.2300 -0.9726
vn 0.0552 -0.2726 -0.9606
vn 0.0199 -0.2815 -0.9594
vn 0.0291 -0.2732 -0.9615
vn -0.9888 -0.0652 0.1345
vn -0.5285 -0.2185 -0.8203
vn -0.1857 -0.2459 -0.9513
vn 0.0108 -0.3263 -0.9452
vn -0.9056 0.2208 -0.3622
vn -0.6995 0.6617 -0.2698
vn -0.4503 0.0555 -0.8912
vn -0.5190 0.1383 -0.8435
vn -0.3732 0.1534 -0.9150
vn -0.1518 -0.2642 0.9524
vn -0.4983 -0.2321 0.8354
vn -0.4207 -0.4023 0.8131
vn -0.2471 -0.4259 0.8704
vn 0.0548 0.3939 -0.9175
vn -0.0129 0.2092 -0.9778
vn 0.0353 0.3998 -0.9159
vn -0.0699 0.3426 -0.9369
vn -0.0800 0.1629 -0.9834
vn -0.0476 0.2388 -0.9699
vn -0.0747 0.2344 -0.9693
vn 0.0221 0.1816 -0.9831
vn -0.0439 0.2316 -0.9718
vn -0.0686 0.1046 -0.9921
vn 0.0385 0.1073 -0.9935
vn -0.0684 0.1035 -0.9923
vn -0.1517 -0.6419 -0.7516
vn -0.1379 -0.7173 -0.6830
vn -0.2391 -0.6057 -0.7589
vn 0.0326 -0.2464 -0.9686
vn 0.0296 -0.2691 -0.9627
vn 0.0350 -0.1692 -0.9850
vn 0.0289 -0.3025 -0.9527
vn 0.0284 -0.2906 -0.9564
vn 0.0291 -0.2775 -0.9603
vn 0.2447 -0.9498 -0.1947
vn -0.6225 0.4856 -0.6138
vn 0.0045 -0.4067 -0.9135
vn -0.2801 -0.5481 -0.7882
vn -0.4372 -0.5149 -0.7374
vn -0.0918 0.7142 -0.6939
vn -0.6129 -0.4574 -0.6444
vn -0.7111 -0.4245 -0.5605
vn -0.1777 0.7391 -0.6497
vn -0.8460 -0.2350 -0.4785
vn -0.8027 -0.0709 -0.5922
vn 0.3753 -0.3480 -0.8591
vn -0.7064 -0.0687 -0.7045
vn -0.6152 -0.1018 -0.7818
vn -0.8832 0.0233 0.4684
vn -0.3293 0.3376 0.8818
vn -0.2358 0.3291 0.9144
vn -0.4053 0.4129 0.8156
vn -0.4032 0.1475 0.9032
vn 0.7627 0.4644 -0.4501
vn 0.8119 0.2845 -0.5098
vn 0.6176 0.3010 -0.7266
vn 0.5751 0.4753 -0.6658
vn -0.8078 0.0249 -0.5889
vn -0.8689 -0.0665 -0.4905
vn -0.7943 -0.0695 -0.6035
vn 0.6820 0.7313 0.0000
vn 0.6812 0.7321 -0.0002
vn 0.8877 0.4423 -0.1277
vn 0.9175 0.3282 -0.2245
vn 0.9705 0.0483 -0.2361
vn 0.8280 0.4046 -0.3881
vn -0.8000 0.1792 -0.5726
vn -0.6717 0.2695 -0.6900
vn -0.5290 0.2354 -0.8154
vn -0.9896 0.0686 0.1266
vn 0.6061 -0.6023 -0.5195
vn -0.5282 0.2237 -0.8191
vn -0.9024 -0.2150 -0.3734
vn 0.0101 0.3325 -0.9431
vn -0.7065 -0.6489 -0.2824
vn 0.0325 0.3216 -0.9463
vn 0.1052 0.1390 -0.9847
vn 0.0334 0.2166 -0.9757
vn -0.5303 0.5671 -0.6302
vn -0.4735 0.5509 -0.6872
vn -0.6244 0.4086 -0.6657
vn -0.5496 0.4912 -0.6758
vn 0.2830 -0.1908 -0.9400
vn 0.2196 -0.2346 -0.9470
vn 0.2440 -0.1131 -0.9632
vn 0.1170 0.4641 0.8781
vn 0.1610 -0.7800 -0.6047
vn 0.1287 -0.8352 -0.5347
vn 0.0412 -0.7950 -0.6052
vn 0.0673 -0.8442 -0.5318
vn 0.1193 0.1980 -0.9729
vn 0.0301 0.1434 -0.9892
vn 0.1205 0.8491 0.5143
vn 0.1750 0.8892 0.4227
vn -0.0667 0.9140 0.4001
vn -0.0671 0.9138 0.4007
vn 0.0077 -0.9406 -0.3393
vn 0.0049 -0.9130 -0.4080
vn 0.0020 -0.8799 -0.4751
vn -0.2739 -0.9367 -0.2180
vn -0.4351 -0.8790 -0.1952
vn -0.3619 -0.8506 -0.3815
vn -0.6120 -0.7742 -0.1612
vn -0.7139 -0.6887 -0.1270
vn -0.6738 -0.6677 -0.3165
vn -0.6942 -0.6972 -0.1789
vn -0.7598 -0.6406 -0.1109
vn -0.7769 -0.5636 -0.2809
vn -0.6830 -0.5406 -0.4912
vn -0.6481 -0.5706 -0.5044
vn -0.6712 -0.6566 -0.3440
vn -0.5285 -0.7042 -0.4741
vn -0.1854 -0.8117 -0.5538
vn -0.3595 -0.8170 -0.4509
vn -0.2918 -0.7853 -0.5460
vn -0.2702 -0.8023 -0.5323
vn -0.1332 -0.8879 -0.4404
vn -0.1143 -0.5809 -0.8059
vn 0.0316 -0.6099 -0.7918
vn -0.0209 -0.5187 -0.8547
vn -0.8655 -0.1843 0.4657
vn -0.9306 -0.1773 0.3202
vn -0.9619 -0.1688 0.2150
vn -0.7984 -0.3715 0.4738
vn -0.5250 -0.4420 -0.7273
vn -0.6044 -0.4692 -0.6439
vn -0.4480 -0.3968 -0.8011
vn -0.7684 -0.2880 -0.5715
vn -0.7399 -0.3489 -0.5751
vn -0.7245 -0.5110 -0.4625
vn 0.5615 0.7980 0.2190
vn 0.2623 0.9609 0.0891
vn 0.2697 0.9018 0.3376
vn 0.5521 0.7948 0.2519
vn -0.7727 0.0482 -0.6329
vn -0.6800 0.2065 -0.7035
vn -0.7321 0.0757 -0.6770
vn 0.6820 -0.7313 0.0000
vn 0.7462 -0.6601 -0.0862
vn 0.6828 -0.7306 -0.0003
vn 0.6827 -0.7307 0.0006
vn -0.8614 -0.2083 0.4633
vn -0.8972 -0.1590 0.4120
vn -0.8826 -0.3911 0.2607
vn -0.8933 -0.3207 0.3150
vn -0.5980 0.3581 -0.7170
vn -0.7304 0.2560 -0.6333
vn -0.8022 0.0783 -0.5918
vn -0.7074 0.4320 -0.5595
vn -0.6159 0.4638 -0.6368
vn -0.6708 0.2855 -0.6845
vn -0.4314 0.5250 -0.7337
vn -0.2814 0.5508 -0.7858
vn -0.1038 -0.7124 -0.6941
vn 0.2434 0.9518 -0.1865
vn 0.0037 0.4127 -0.9109
vn 0.3771 -0.6954 -0.6117
vn 0.0610 0.2178 -0.9741
vn 0.0304 0.1178 -0.9926
vn -0.0480 0.2204 -0.9742
vn -0.5531 -0.5130 0.6564
vn -0.6927 -0.5143 0.5057
vn -0.7153 -0.5546 0.4252
vn -0.6872 -0.5786 0.4393
vn 0.2613 -0.4381 -0.8601
vn 0.1874 -0.4592 -0.8683
vn 0.1461 -0.3733 -0.9161
vn 0.4154 -0.0686 -0.9070
vn 0.4161 -0.0685 -0.9068
vn 0.4149 -0.0705 -0.9071
vn 0.1562 0.0310 -0.9872
vn 0.4699 -0.2769 -0.8382
vn 0.3904 -0.1676 -0.9053
vn 0.3918 -0.1788 -0.9025
vn 0.3581 -0.1964 -0.9128
vn 0.3883 -0.1381 -0.9111
vn 0.2645 -0.6247 -0.7347
vn 0.1330 -0.6991 -0.7026
vn 0.1505 -0.6640 -0.7324
vn 0.2227 -0.6442 -0.7318
vn 0.2357 -0.7380 -0.6323
vn 0.1242 -0.8082 -0.5757
vn 0.1584 -0.9190 -0.3610
vn 0.0926 -0.8809 -0.4643
vn 0.0657 -0.8447 -0.5311
vn 0.0172 -0.9193 -0.3932
vn 0.0493 -0.9712 -0.2332
vn -0.0563 -0.8460 -0.5302
vn 0.0719 -0.8299 -0.5532
vn -0.0450 -0.9448 -0.3246
vn 0.0207 -0.8978 -0.4399
vn 0.0152 -0.9931 -0.1159
vn -0.6366 -0.7116 -0.2974
vn -0.6562 -0.4845 -0.5786
vn 0.0032 -0.9845 -0.1753
vn 0.3622 -0.7094 0.6045
vn -0.6892 -0.1620 -0.7062
vn -0.0086 -0.9697 -0.2443
vn -0.8125 -0.3927 -0.4308
vn -0.6759 -0.0712 -0.7335
vn -0.0112 -0.9422 -0.3349
vn 0.0191 -0.9891 -0.1457
vn -0.9789 -0.2020 0.0301
vn -0.5295 -0.7755 -0.3438
vn -0.1859 -0.8943 -0.4070
vn -0.9730 0.1289 0.1914
vn -0.8011 -0.5586 -0.2151
vn -0.5304 -0.7803 -0.3315
vn -0.9964 0.0622 0.0584
vn -0.9784 0.0956 0.1831
vn -0.9976 0.0249 0.0639
vn -1.0000 0.0002 0.0006
vn 0.0162 -0.9356 0.3526
vn -0.6580 -0.7507 -0.0593
vn -0.7271 -0.6866 -0.0025
vn -0.8838 -0.4240 -0.1980
vn -0.8681 -0.3862 -0.3118
vn -0.7978 -0.5102 -0.3213
vn -0.8700 -0.4109 -0.2725
vn -0.8219 -0.4853 -0.2983
vn -0.8217 -0.4849 -0.2994
vn -0.5211 -0.7103 -0.4731
vn -0.4954 -0.7190 -0.4875
vn -0.6324 -0.7041 -0.3228
vn 0.7406 -0.0000 -0.6720
vn 0.7267 0.1812 -0.6626
vn 0.8368 0.1844 -0.5155
vn 0.8511 -0.0002 -0.5251
vn -0.2730 0.5846 -0.7641
vn -0.3649 0.5523 -0.7496
vn -0.3539 0.6365 -0.6854
vn -0.1860 0.6697 -0.7189
vn -0.3906 0.1518 -0.9079
vn -0.2250 0.1456 -0.9634
vn -0.3105 -0.0517 -0.9492
vn -0.3109 0.0571 -0.9487
vn -0.4504 -0.5432 -0.7085
vn -0.5240 -0.4853 -0.7000
vn -0.3968 -0.4984 -0.7708
vn -0.8953 0.3596 0.2630
vn -0.7391 -0.5432 0.3984
vn -0.6920 -0.6319 0.3490
vn -0.6752 -0.5891 0.4438
vn -0.7960 -0.4692 0.3824
vn -0.9830 0.1202 0.1389
vn -0.9976 0.0158 -0.0671
vn -0.9619 0.2725 -0.0203
vn -0.9905 0.1373 0.0025
vn -0.7985 -0.1620 0.5798
vn -0.9619 -0.0734 0.2632
vn -0.8940 -0.1593 0.4188
vn -0.8691 0.1233 -0.4789
vn -0.8179 0.1228 -0.5620
vn -0.8480 0.0319 -0.5290
vn 0.1983 0.9750 -0.0999
vn 0.1911 0.9811 0.0304
vn 0.1760 0.9804 0.0882
vn 0.1066 0.9589 0.2631
vn -0.9905 0.0553 -0.1259
vn -0.9975 0.0681 -0.0204
vn -0.9904 -0.1079 0.0869
vn -0.9904 -0.0630 -0.1234
vn -0.9904 -0.0929 0.1019
vn -0.9904 -0.0342 0.1341
vn -0.9904 -0.1125 -0.0807
vn -0.9975 0.0077 -0.0705
vn -0.9904 0.0519 -0.1284
vn -0.9702 0.2312 -0.0730
vn -0.9974 0.0644 -0.0334
vn -0.7398 0.3527 -0.5731
vn -0.6738 0.4384 -0.5948
vn -0.9903 -0.1368 0.0222
vn -0.9976 -0.0061 0.0691
vn -0.3323 -0.4889 -0.8065
vn -0.4956 -0.3847 -0.7787
vn -0.4253 -0.5286 -0.7347
vn -0.2519 -0.5734 -0.7796
vn -0.5658 0.4663 -0.6800
vn -0.5258 0.4463 -0.7241
vn -0.4284 0.3289 -0.8416
vn 0.0586 0.9224 -0.3818
vn 0.0669 0.8817 -0.4670
vn 0.0070 0.9025 -0.4307
vn 0.0043 0.9088 -0.4172
vn 0.0107 0.9367 -0.3499
vn 0.0414 0.8790 -0.4751
vn 0.0797 -0.9136 0.3987
vn 0.0958 -0.9013 0.4225
vn -0.0533 -0.9074 0.4169
vn 0.0197 -0.9062 0.4223
vn 0.0168 0.9310 -0.3646
vn 0.0259 0.9052 -0.4242
vn 0.0209 0.8709 -0.4911
vn 0.1026 0.9308 -0.3508
vn 0.0437 0.8723 -0.4870
vn 0.0269 0.8951 -0.4450
vn 0.8473 0.0290 0.5304
vn 0.8443 -0.0142 0.5356
vn 0.9277 -0.0329 0.3720
vn 0.8905 -0.0189 0.4546
vn 0.0889 0.7300 -0.6776
vn 0.0703 0.6368 -0.7678
vn 0.0546 0.6405 -0.7660
vn 0.1749 -0.8892 -0.4227
vn -0.0667 -0.9140 -0.4001
vn -0.0671 -0.9138 -0.4007
vn 0.0075 -0.9156 -0.4020
vn -0.1427 0.7789 -0.6106
vn -0.0698 0.8319 -0.5505
vn -0.0464 0.7760 -0.6290
vn -0.2350 0.7891 -0.5676
vn -0.2826 0.7711 -0.5706
vn -0.2690 0.8272 -0.4933
vn -0.4184 0.7294 -0.5412
vn -0.4621 0.7169 -0.5221
vn -0.4511 0.7682 -0.4544
vn -0.5581 0.6811 -0.4739
vn -0.4764 0.8320 -0.2841
vn -0.5536 0.7183 -0.4214
vn -0.4484 0.8590 -0.2471
vn -0.2806 0.9224 -0.2655
vn -0.3633 0.8279 -0.4274
vn 0.0138 0.9944 -0.1046
vn 0.0916 0.9737 -0.2085
vn 0.0785 0.9731 -0.2167
vn 0.0752 0.9968 -0.0265
vn 0.0191 0.9892 -0.1451
vn -0.0444 0.9653 -0.2574
vn 0.1448 0.9706 -0.1922
vn 0.1456 0.9632 -0.2259
vn 0.0158 0.9765 -0.2150
vn 0.2060 0.2284 -0.9515
vn 0.2897 0.2782 -0.9158
vn 0.1995 0.1436 -0.9693
vn 0.2260 0.2780 -0.9336
vn 0.2829 0.1915 -0.9398
vn 0.2336 0.1242 -0.9644
vn 0.2700 0.2058 -0.9406
vn 0.3349 0.1456 -0.9310
vn 0.1851 0.1866 -0.9648
vn 0.5157 -0.0013 -0.8567
vn 0.5824 -0.0040 -0.8129
vn 0.4583 -0.0618 -0.8867
vn 0.2254 -0.8914 0.3933
vn 0.0807 -0.8838 0.4608
vn 0.0929 -0.9060 0.4130
vn 0.3446 -0.2479 -0.9054
vn 0.3725 -0.3833 -0.8452
vn 0.1578 -0.4998 -0.8516
vn 0.4232 -0.2196 -0.8790
vn 0.5004 -0.2370 -0.8328
vn 0.3945 -0.2705 -0.8782
vn 0.3623 -0.4658 -0.8074
vn 0.2968 -0.4232 -0.8561
vn 0.3032 -0.4699 -0.8290
vn 0.3443 -0.5691 -0.7467
vn 0.2555 -0.5403 -0.8017
vn 0.0817 0.5161 -0.8526
vn 0.1890 0.4093 -0.8926
vn 0.1391 0.5238 -0.8404
vn 0.1165 -0.6706 -0.7326
vn 0.2970 -0.6167 -0.7290
vn 0.2682 -0.6843 -0.6782
vn 0.3093 -0.7667 0.5626
vn 0.1454 -0.7529 0.6418
vn 0.1319 -0.8071 0.5754
vn 0.2954 -0.8498 0.4365
vn 0.3415 -0.7426 -0.5761
vn 0.2902 -0.7419 -0.6045
vn 0.1923 -0.8072 -0.5581
vn 0.3009 0.8757 0.3777
vn 0.4215 0.8157 0.3962
vn 0.2818 0.9367 0.2079
vn 0.2497 0.9378 0.2412
vn -0.0043 -0.9398 -0.3418
vn 0.1143 -0.9031 -0.4138
vn 0.0292 -0.9134 -0.4059
vn 0.0492 -0.9491 -0.3111
vn 0.0470 -0.9518 -0.3032
vn 0.0520 -0.9481 -0.3136
vn -0.0369 -0.9570 -0.2879
vn -0.0987 -0.9214 -0.3759
vn 0.0602 -0.8964 -0.4391
vn 0.0372 -0.9518 -0.3043
vn 0.0432 -0.9534 -0.2985
vn 0.0353 -0.9758 -0.2157
vn 0.0617 -0.8890 -0.4537
vn 0.0413 -0.9692 -0.2430
vn 0.0298 -0.9482 -0.3161
vn -0.0474 -0.9955 -0.0823
vn -0.1229 -0.9920 0.0271
vn 0.2638 -0.9520 -0.1553
vn 0.0584 -0.9746 -0.2162
vn -0.4498 -0.8896 -0.0792
vn -0.2795 -0.5884 0.7587
vn -0.5945 -0.8036 0.0265
vn -0.5738 -0.7908 0.2129
vn 0.2763 -0.9443 -0.1787
vn -0.5329 -0.8247 -0.1893
vn -0.1882 -0.9511 -0.2448
vn -0.8761 -0.4795 0.0501
vn -0.4317 -0.9011 -0.0417
vn -0.1279 -0.0661 -0.9896
vn 0.5553 -0.7000 -0.4489
vn -0.6125 -0.7901 -0.0252
vn -0.7111 -0.7031 -0.0048
vn 0.2782 -0.9253 -0.2577
vn 0.0370 -0.9740 -0.2236
vn 0.0264 -0.9783 -0.2057
vn -0.0173 -0.9643 -0.2642
vn 0.0367 -0.9841 -0.1740
vn 0.0191 -0.9824 -0.1857
vn -0.0591 -0.9957 -0.0714
vn -0.0579 -0.9958 -0.0708
vn 0.0437 -0.9958 -0.0806
vn 0.0283 -0.9989 -0.0376
vn 0.0276 -0.9988 -0.0398
vn 0.0417 -0.9982 -0.0427
vn 0.1877 -0.8850 0.4260
vn 0.1486 -0.8762 0.4585
vn 0.0453 -0.9659 0.2548
vn 0.1778 -0.9479 0.2644
vn -0.9905 0.0001 0.1379
vn -0.9956 0.0891 -0.0303
vn -0.9474 0.0374 0.3180
vn -0.9904 -0.1237 -0.0618
vn -0.9976 -0.0444 0.0525
vn -0.8947 -0.2905 -0.3392
vn -0.8823 -0.2363 -0.4070
vn -0.8582 -0.4509 -0.2455
vn -0.8941 -0.4055 -0.1902
vn -0.9618 -0.2187 -0.1647
vn -0.9618 -0.1852 -0.2016
vn -0.9335 -0.2656 -0.2408
vn -0.6688 -0.5793 -0.4660
vn -0.5264 -0.6942 -0.4910
vn -0.5967 -0.6488 -0.4722
vn -0.7461 0.3467 0.5685
vn -0.6101 0.4508 0.6516
vn -0.6699 0.6048 0.4308
vn -0.7009 0.5853 0.4076
vn 0.9350 0.2311 0.2690
vn 0.8581 0.4622 0.2237
vn 0.7062 0.4415 0.5534
vn 0.8143 0.2734 0.5121
vn -0.5635 -0.6262 -0.5388
vn -0.4310 -0.5141 -0.7416
vn -0.4492 -0.5813 -0.6785
vn -0.4740 -0.6597 -0.5832
vn -0.6119 -0.5005 -0.6124
vn -0.5954 -0.5226 -0.6103
vn 0.0495 0.9952 0.0838
vn 0.0247 0.9997 0.0041
vn -0.7362 0.6189 0.2737
vn -0.6374 0.3982 0.6596
vn -0.0380 0.9842 0.1729
vn 0.0249 0.9995 -0.0216
vn -0.6735 0.3350 -0.6589
vn -0.7846 0.5494 -0.2873
vn -0.9179 0.2906 -0.2704
vn -0.8958 0.3254 -0.3028
vn -0.9082 0.2349 -0.3465
vn -0.5497 -0.4911 -0.6758
vn -0.5264 0.5300 -0.6648
vn -0.3676 0.6321 -0.6821
vn -0.4979 0.4611 -0.7345
vn 0.0027 0.9963 -0.0861
vn 0.0164 0.9765 -0.2150
vn 0.0072 0.9402 -0.3405
vn 0.0168 0.9570 -0.2897
vn -0.0629 0.9158 -0.3968
vn -0.0608 0.9195 -0.3883
vn 0.0567 0.9546 -0.2924
vn 0.1022 0.9307 -0.3512
vn 0.0011 0.9286 -0.3711
vn 0.0274 0.9617 -0.2727
vn 0.0427 0.9516 -0.3042
vn -0.0149 0.9424 -0.3341
vn 0.0823 0.9339 -0.3480
vn 0.0384 0.9473 -0.3180
vn 0.0217 0.9582 -0.2853
vn -0.1844 0.6130 -0.7683
vn -0.1845 0.7421 -0.6444
vn -0.0847 0.6898 -0.7190
vn -0.9619 0.2642 -0.0700
vn -0.7985 0.5824 -0.1527
vn -0.8616 0.3812 -0.3352
vn -0.8978 0.3463 -0.2719
vn -0.2567 0.7814 -0.5688
vn -0.0864 0.7847 -0.6138
vn -0.2540 0.6237 -0.7392
vn -0.1909 0.7642 -0.6161
vn -0.0934 0.7684 -0.6332
vn -0.2801 0.7254 -0.6288
vn 0.7932 -0.0929 -0.6019
vn 0.6548 -0.0887 -0.7506
vn 0.7719 -0.0095 -0.6357
vn 0.7960 -0.0005 -0.6053
vn -0.5991 0.6528 -0.4636
vn -0.7213 0.5183 -0.4595
vn -0.6595 0.5844 -0.4728
vn -0.6058 0.4896 -0.6271
vn -0.7056 0.4135 -0.5755
vn -0.6718 0.5756 -0.4663
vn -0.7407 0.5426 -0.3962
vn -0.7734 0.5613 -0.2947
vn -0.6839 0.6315 -0.3654
vn -0.3621 0.8680 -0.3398
vn -0.1846 0.8779 -0.4417
vn -0.5274 0.7598 -0.3802
vn -0.7992 0.5431 -0.2575
vn -0.6721 0.6935 -0.2594
vn -0.6040 0.6603 -0.4463
vn -0.6360 0.6591 -0.4012
vn -0.7079 0.5745 -0.4109
vn -0.7273 0.6444 -0.2362
vn -0.8014 0.5767 -0.1589
vn -0.5308 0.8255 -0.1918
vn -0.6733 0.6985 -0.2427
vn -0.4375 0.8955 -0.0820
vn -0.2750 0.9565 -0.0978
vn -0.3609 0.8925 -0.2704
vn -0.5278 0.8134 -0.2446
vn -0.3605 0.9138 -0.1871
vn -0.6114 0.7231 -0.3214
vn -0.7132 0.6333 -0.3006
vn -0.6731 0.7273 -0.1338
vn -0.6776 0.6847 -0.2683
vn -0.7457 0.5993 -0.2912
vn -0.7633 0.6371 -0.1072
vn -0.8004 0.5979 -0.0423
vn -0.5295 0.8474 -0.0384
vn -0.6706 0.7338 -0.1082
vn -0.5289 0.8482 -0.0286
vn -0.1859 0.9822 -0.0257
vn -0.3606 0.9259 -0.1126
vn -0.4345 0.8760 -0.2091
vn -0.9751 0.2051 0.0846
vn 0.4919 0.5186 -0.6993
vn 0.0101 0.9995 0.0310
vn 0.0752 0.9924 -0.0975
vn -0.9366 0.3498 0.0218
vn 0.0281 0.9945 -0.1005
vn 0.0364 0.9921 -0.1205
vn 0.0166 0.9999 0.0022
vn 0.0367 0.9841 -0.1740
vn 0.0201 0.9820 -0.1880
vn -0.0630 0.9942 -0.0873
vn 0.3375 0.5720 -0.7476
vn 0.3556 0.4236 -0.8331
vn 0.2266 0.4544 -0.8615
vn 0.3775 0.3752 -0.8466
vn 0.3234 0.2016 -0.9245
vn 0.3248 0.2805 -0.9032
vn 0.4590 0.1407 -0.8772
vn 0.4273 0.0937 -0.8992
vn 0.3170 0.2219 -0.9221
vn 0.5274 -0.1324 -0.8392
vn 0.4846 -0.2421 -0.8406
vn 0.4495 -0.1648 -0.8779
vn 0.5885 0.0000 -0.8085
vn 0.5919 -0.0048 -0.8060
vn 0.5859 -0.0029 -0.8104
vn 0.5675 -0.0607 -0.8211
vn 0.5658 -0.0652 -0.8220
vn 0.5033 -0.0374 -0.8633
vn 0.6089 0.1891 -0.7704
vn 0.5678 0.1635 -0.8068
vn 0.5129 0.1165 -0.8505
vn 0.5761 0.2414 -0.7809
vn 0.5366 -0.2159 -0.8158
vn 0.5315 -0.1258 -0.8377
vn 0.4536 -0.3427 -0.8227
vn 0.3697 -0.3569 -0.8579
vn 0.4318 -0.2632 -0.8627
vn 0.4540 -0.3419 -0.8228
vn 0.3557 -0.4128 -0.8385
vn 0.3758 -0.3364 -0.8635
vn 0.4381 -0.4915 -0.7527
vn 0.4189 -0.3908 -0.8196
vn 0.4769 -0.4307 -0.7662
vn 0.3545 -0.4678 -0.8096
vn 0.3050 -0.5569 -0.7726
vn 0.5939 -0.7358 0.3256
vn 0.7050 -0.6876 0.1737
vn 0.7050 -0.6879 0.1726
vn 0.7016 -0.6177 0.3554
vn 0.5039 0.6215 0.5998
vn 0.6098 0.5513 0.5694
vn 0.6429 0.6921 0.3282
vn 0.4187 0.7570 0.5017
vn 0.0644 -0.9845 -0.1630
vn 0.0391 -0.9992 0.0116
vn 0.0771 -0.9739 -0.2137
vn 0.2028 -0.9763 -0.0754
vn 0.0565 -0.9830 -0.1749
vn 0.1093 -0.9775 -0.1804
vn 0.0247 -0.9981 -0.0570
vn 0.0257 -0.9993 -0.0285
vn 0.0250 -0.9988 -0.0427
vn 0.1448 -0.9797 -0.1388
vn 0.1088 -0.9916 -0.0698
vn 0.2123 -0.9610 -0.1774
vn -0.6569 -0.2522 0.7106
vn -0.6048 -0.3601 0.7103
vn -0.5402 -0.2998 0.7863
vn 0.0526 -0.9891 -0.1373
vn 0.1529 -0.9807 -0.1223
vn 0.1471 -0.9840 -0.1007
vn 0.1385 -0.9716 -0.1918
vn 0.0420 -0.9858 -0.1627
vn -0.0522 -0.9907 -0.1255
vn -0.0563 -0.9923 -0.1106
vn 0.1466 -0.9792 -0.1400
vn 0.1469 -0.9823 -0.1162
vn -0.0486 -0.9959 -0.0762
vn 0.0527 -0.9948 -0.0866
vn 0.1549 -0.9848 -0.0791
vn 0.5151 0.1723 -0.8396
vn 0.5626 0.0498 -0.8252
vn 0.4821 0.0793 -0.8725
vn 0.4764 0.1597 -0.8646
vn -0.0429 0.9984 0.0359
vn -0.0451 0.9990 0.0072
vn -0.0367 0.9989 0.0293
vn -0.0154 0.9972 0.0731
vn 0.0564 0.9588 0.2783
vn 0.2133 0.9750 -0.0619
vn 0.1568 0.9804 0.1190
vn -0.6707 -0.5365 -0.5121
vn -0.7400 -0.4982 -0.4518
vn 0.7247 -0.1783 -0.6656
vn 0.7239 -0.1604 -0.6710
vn 0.7243 -0.0713 -0.6858
vn 0.7251 -0.0710 -0.6850
vn -0.8528 0.4586 -0.2498
vn -0.7698 0.4015 -0.4961
vn -0.7976 0.4171 -0.4357
vn -0.5826 0.4072 -0.7034
vn -0.5938 0.5570 -0.5806
vn -0.9903 -0.0720 -0.1187
vn -1.0000 -0.0009 -0.0018
vn -0.9963 -0.0719 -0.0461
vn -0.9783 -0.1277 -0.1634
vn 0.0535 0.9761 -0.2104
vn 0.0985 0.9643 -0.2460
vn 0.0371 0.9732 -0.2270
vn 0.0414 0.9818 -0.1853
vn 0.0517 0.9772 -0.2060
vn 0.0271 0.9722 -0.2324
vn 0.1039 0.9752 -0.1953
vn 0.1144 0.9606 -0.2534
vn 0.1080 0.9261 -0.3614
vn -0.8795 -0.4674 0.0896
vn -0.7466 -0.6623 -0.0636
vn -0.7079 -0.6997 -0.0968
vn -0.7703 -0.5905 -0.2408
vn 0.0406 0.9855 -0.1649
vn 0.1129 0.9799 -0.1646
vn 0.1513 0.9592 -0.2390
vn 0.3118 0.7874 0.5317
vn 0.2548 0.8711 0.4198
vn 0.0860 0.8476 0.5236
vn 0.1270 0.7946 0.5936
vn 0.3331 0.7891 -0.5161
vn 0.3449 0.7269 -0.5939
vn 0.2044 0.7933 -0.5734
vn 0.2876 0.6260 -0.7248
vn 0.3580 0.3743 -0.8554
vn 0.1816 0.5737 -0.7987
vn -0.8970 0.4269 0.1147
vn -0.8601 0.4999 0.1017
vn -0.8595 0.4404 -0.2593
vn -0.8980 0.3900 -0.2038
vn 0.2337 0.7451 -0.6246
vn 0.1094 0.7660 -0.6334
vn 0.0531 0.8300 -0.5552
vn 0.1369 0.7904 -0.5971
vn 0.4225 0.9018 -0.0909
vn 0.4906 0.8601 -0.1395
vn 0.1967 0.9609 -0.1951
vn -0.9904 -0.0502 -0.1287
vn -0.9476 -0.0842 -0.3080
vn -0.9790 -0.1836 -0.0890
vn -0.9827 -0.1726 -0.0671
vn -0.8214 0.5460 0.1649
vn -0.7571 0.6532 0.0119
vn -0.7314 0.6496 0.2077
vn -0.9789 -0.1564 0.1318
vn -0.5234 0.8469 -0.0941
vn -0.7122 0.6771 -0.1853
vn -0.7129 0.6711 0.2035
vn -0.6113 0.7635 0.2083
vn -0.6719 0.7403 0.0234
vn -0.4358 0.8712 0.2259
vn -0.2750 0.9331 0.2318
vn -0.9527 0.2950 -0.0733
vn 0.0750 0.9935 0.0851
vn 0.0098 0.9974 -0.0712
vn -0.0657 0.6062 0.7926
vn 0.0286 0.9988 0.0399
vn 0.0953 0.9943 -0.0483
vn -0.0873 0.9820 -0.1673
vn 0.5151 0.1771 0.8386
vn 0.4828 0.0778 0.8723
vn 0.5053 -0.0813 0.8591
vn -0.0234 0.9991 0.0348
vn -0.0234 0.9991 0.0363
vn -0.0734 0.9892 0.1265
vn 0.0429 0.9982 -0.0427
vn -0.0238 0.9967 -0.0771
vn -0.0320 0.9988 -0.0380
vn -0.0567 0.9888 -0.1382
vn 0.0448 0.9906 -0.1290
vn 0.1471 0.9819 -0.1191
vn 0.0396 0.9880 -0.1491
vn 0.0995 0.9783 -0.1817
vn 0.1447 0.9759 -0.1631
vn 0.4784 0.2606 -0.8386
vn 0.5377 0.1209 -0.8344
vn 0.3936 0.2229 -0.8918
vn 0.5664 0.0649 -0.8216
vn 0.5427 -0.0305 -0.8394
vn 0.5082 0.1440 -0.8491
vn 0.4134 -0.0768 -0.9073
vn 0.2985 -0.2205 -0.9286
vn 0.2867 -0.0855 -0.9542
vn 0.5876 0.2256 -0.7771
vn 0.6591 0.1094 -0.7441
vn 0.6152 0.0809 -0.7842
vn 0.6120 -0.0006 -0.7909
vn 0.5364 -0.0185 -0.8437
vn 0.5364 0.0005 -0.8440
vn 0.6656 -0.3862 -0.6387
vn 0.6601 -0.4429 -0.6068
vn 0.5893 -0.4174 -0.6918
vn 0.5613 -0.5712 -0.5990
vn 0.5532 -0.6039 -0.5738
vn 0.5011 -0.5770 -0.6450
vn 0.2203 -0.9720 -0.0812
vn 0.2717 -0.9280 -0.2547
vn 0.2333 -0.9131 -0.3345
vn -0.0475 -0.9981 0.0382
vn 0.0577 -0.9967 -0.0565
vn 0.0490 -0.9988 -0.0051
vn -0.0001 -0.9999 0.0127
vn 0.0490 -0.9988 0.0051
vn 0.0981 -0.9952 0.0025
vn -0.0000 -1.0000 -0.0000
vn 0.0488 -0.9987 -0.0146
vn 0.0983 -0.9952 0.0019
vn 0.0507 -0.9983 -0.0288
vn -0.1243 -0.9791 0.1608
vn -0.2757 -0.9612 0.0047
vn -0.2613 -0.9646 0.0362
vn 0.1898 0.1481 -0.9706
vn 0.2091 -0.0290 -0.9775
vn 0.1422 0.0529 -0.9884
vn 0.0663 0.1267 -0.9897
vn 0.0655 -0.9972 -0.0355
vn 0.1077 -0.9941 -0.0118
vn 0.1051 -0.9944 -0.0077
vn 0.0797 -0.9968 -0.0017
vn 0.1381 -0.9904 -0.0107
vn 0.1411 -0.9893 0.0359
vn -0.3928 0.7141 -0.5794
vn -0.3042 0.6124 -0.7297
vn -0.4602 0.5576 -0.6909
vn 0.0478 0.9910 -0.1250
vn 0.1205 0.9849 -0.1241
vn 0.0455 0.9895 -0.1370
vn 0.0487 0.9902 -0.1307
vn 0.0567 0.9944 -0.0896
vn 0.0868 0.9865 -0.1391
vn 0.1126 0.9785 -0.1728
vn 0.1354 0.9719 -0.1924
vn 0.0759 0.9759 -0.2045
vn 0.3156 -0.9080 0.2756
vn 0.2491 -0.9432 0.2199
vn 0.1956 -0.9700 0.1443
vn 0.4218 -0.8174 0.3925
vn 0.4451 0.8159 -0.3691
vn 0.6115 0.5534 -0.5655
vn 0.5070 0.6156 -0.6033
vn 0.4674 0.7016 -0.5379
vn 0.3775 0.5969 -0.7080
vn 0.3560 0.5604 -0.7478
vn 0.2706 0.5083 -0.8176
vn 0.4061 0.4553 -0.7923
vn 0.2680 0.5498 -0.7911
vn 0.4187 0.3920 -0.8192
vn 0.4762 0.4322 -0.7658
vn 0.4985 0.3569 -0.7900
vn 0.4954 0.2652 -0.8272
vn 0.3697 0.3566 -0.8580
vn -0.9904 0.0255 0.1355
vn -0.9700 -0.1551 0.1873
vn -0.9793 0.1634 0.1198
vn -0.9826 0.1587 0.0963
vn -0.9904 -0.1022 -0.0927
vn -0.9915 -0.1298 -0.0031
vn -0.6912 0.7215 -0.0421
vn -0.7059 0.6937 0.1428
vn -0.6217 0.7833 0.0011
vn -0.6720 0.7271 0.1407
vn -0.5311 0.8443 0.0715
vn -0.8016 0.5929 0.0765
vn -0.3616 0.9226 0.1342
vn -0.1859 0.9814 0.0486
vn -0.5301 0.8464 0.0512
vn 0.0417 0.9982 0.0427
vn -0.0000 0.9996 0.0285
vn -0.0000 0.9984 0.0570
vn 0.2856 -0.8255 0.4869
vn 0.2442 -0.8755 0.4170
vn 0.3223 -0.8512 0.4141
vn 0.3835 -0.7942 0.4714
vn -0.0455 0.9990 0.0042
vn -0.0455 0.9990 0.0018
vn 0.0228 0.9959 0.0878
vn 0.0609 0.9933 -0.0987
vn 0.0827 0.9961 -0.0318
vn 0.1402 0.9860 -0.0902
vn 0.1698 0.9855 -0.0076
vn 0.1199 0.9915 -0.0505
vn 0.1134 0.9909 -0.0730
vn 0.0607 0.9971 -0.0456
vn 0.0874 0.9926 -0.0847
vn 0.0812 0.9927 -0.0894
vn 0.0638 0.9961 -0.0602
vn 0.0947 0.9944 -0.0470
vn 0.0909 0.9926 -0.0809
vn 0.0540 0.9960 -0.0716
vn 0.5389 0.6567 -0.5275
vn 0.6072 0.5260 -0.5956
vn 0.4921 0.5899 -0.6402
vn 0.6056 0.5345 -0.5896
vn 0.6886 0.3332 -0.6441
vn 0.5533 0.4000 -0.7306
vn 0.7241 0.3264 -0.6075
vn 0.6565 0.2386 -0.7156
vn 0.5095 0.3216 -0.7981
vn -0.5802 -0.0263 -0.8141
vn -0.6867 -0.0234 -0.7266
vn -0.5644 0.1081 -0.8184
vn 0.6751 0.3265 -0.6616
vn 0.7021 0.1838 -0.6880
vn 0.6198 0.2180 -0.7539
vn 0.7392 0.1418 -0.6584
vn 0.7422 0.0627 -0.6672
vn 0.5697 0.1144 -0.8139
vn 0.7018 0.0708 -0.7089
vn 0.6790 0.0019 -0.7341
vn 0.6372 0.0385 -0.7697
vn 0.7207 -0.2342 -0.6525
vn 0.7058 -0.2854 -0.6483
vn 0.6585 -0.2463 -0.7112
vn 0.6185 -0.6009 0.5063
vn 0.5289 -0.7087 0.4669
vn 0.5623 -0.7982 0.2163
vn 0.7653 -0.5143 0.3870
vn 0.2415 0.9609 0.1358
vn 0.2222 0.8895 0.3993
vn 0.4964 0.7948 0.3491
vn 0.1569 -0.9804 -0.1190
vn 0.1196 -0.9746 -0.1894
vn 0.0161 -0.9936 0.1114
vn -0.7543 -0.6119 -0.2379
vn -0.5512 -0.4517 -0.7015
vn -0.9676 -0.2247 0.1147
vn -0.3845 -0.9201 -0.0748
vn -0.3297 -0.9414 -0.0720
vn 0.0308 -0.9983 0.0498
vn 0.0291 -0.9965 0.0784
vn 0.0240 -0.9977 0.0637
vn -0.0406 -0.9981 0.0453
vn -0.0395 -0.9981 0.0472
vn 0.0526 -0.9982 0.0299
vn 0.1409 -0.0555 -0.9885
vn 0.2325 -0.1152 -0.9657
vn -0.0235 -0.9991 -0.0349
vn -0.0233 -0.9991 -0.0362
vn 0.0427 -0.9982 0.0429
vn 0.1108 -0.9938 -0.0001
vn 0.0721 -0.9937 -0.0854
vn 0.1451 -0.9855 0.0875
vn -0.9845 0.1430 0.1011
vn -0.8003 -0.5983 0.0385
vn -0.5294 -0.8476 0.0353
vn -0.0673 -0.7017 0.7093
vn -0.6806 -0.6830 0.2652
vn -0.7489 -0.5967 0.2884
vn -0.8970 -0.1833 0.4023
vn -0.8608 -0.1830 0.4749
vn -0.7981 0.0562 0.5999
vn -0.7999 -0.0663 0.5965
vn -0.9619 -0.2547 -0.0998
vn -0.9789 -0.1823 0.0920
vn -0.9629 -0.2437 -0.1156
vn 0.0974 -0.9950 -0.0211
vn 0.0991 -0.9948 -0.0243
vn 0.0711 -0.9968 -0.0356
vn 0.1091 -0.9938 -0.0213
vn 0.1110 -0.9938 -0.0004
vn 0.1135 -0.9933 0.0204
vn 0.1388 0.7386 0.6597
vn 0.1096 0.7655 0.6340
vn -0.9904 -0.0250 0.1358
vn -0.9698 -0.2134 0.1183
vn -0.9827 -0.1829 0.0299
vn 0.1027 0.9929 -0.0596
vn 0.1039 0.9900 -0.0957
vn 0.0547 0.9966 -0.0608
vn 0.0766 0.9944 -0.0732
vn 0.0733 0.9944 -0.0765
vn 0.0703 0.9936 -0.0880
vn 0.1531 0.9793 -0.1328
vn 0.1341 0.9805 -0.1435
vn 0.2648 0.9314 -0.2499
vn 0.2292 0.8883 0.3981
vn 0.2762 0.8161 0.5077
vn 0.4301 0.7985 0.4211
vn 0.3203 0.8963 0.3067
vn 0.7109 0.4597 -0.5322
vn 0.5683 0.5001 -0.6534
vn 0.4867 0.6901 -0.5355
vn -0.5714 -0.0496 -0.8192
vn -0.6201 0.7078 0.3384
vn -0.6733 0.7236 0.1517
vn -0.5923 0.8057 0.0038
vn -0.4231 0.8248 0.3751
vn -0.2834 0.8788 0.3840
vn -0.3583 0.9108 0.2051
vn 0.1365 0.9799 -0.1454
vn -0.4143 0.5877 0.6950
vn -0.0145 0.9564 0.2916
vn -0.4827 0.8684 -0.1137
vn 0.1615 0.9856 -0.0493
vn -0.0166 0.9273 0.3741
vn 0.0237 0.9823 0.1860
vn -0.2321 0.6401 0.7324
vn -0.0079 0.9026 0.4303
vn 0.0020 0.8799 0.4751
vn 0.0077 0.9406 0.3393
vn 0.0049 0.9130 0.4080
vn 0.0191 0.9824 0.1858
vn 0.0367 0.9841 0.1740
vn 0.0374 0.9955 0.0865
vn 0.0427 0.9871 0.1545
vn 0.0361 0.9902 0.1346
vn 0.0280 0.9990 0.0335
vn -0.0592 0.9957 0.0715
vn -0.0577 0.9958 0.0710
vn 0.0437 0.9958 0.0807
vn 0.1471 0.9823 0.1163
vn 0.0449 0.9906 0.1290
vn -0.0570 0.9897 0.1313
vn 0.0450 0.9943 0.0969
vn 0.0636 0.9973 0.0379
vn 0.1523 0.9828 0.1040
vn 0.6491 0.0952 0.7547
vn 0.4145 0.4035 0.8157
vn 0.3983 0.3069 0.8644
vn 0.4885 0.1804 0.8537
vn 0.1230 0.9881 0.0927
vn 0.1084 0.9895 -0.0954
vn 0.0921 0.9915 -0.0920
vn 0.2429 -0.9611 0.1311
vn 0.1394 -0.9811 0.1341
vn 0.1912 -0.9811 0.0295
vn 0.8076 0.3148 -0.4986
vn 0.6549 0.2120 -0.7253
vn 0.6500 0.3240 -0.6875
vn 0.7141 0.0007 0.7000
vn 0.6932 -0.1792 0.6981
vn 0.7280 -0.1844 0.6603
vn 0.7154 0.0010 0.6987
vn 0.9175 -0.1827 0.3532
vn 0.9374 -0.0144 0.3479
vn 0.8924 -0.0921 0.4418
vn 0.8629 -0.2173 0.4563
vn 0.7239 0.5265 -0.4459
vn 0.8417 0.1892 -0.5058
vn 0.7279 0.1838 -0.6606
vn 0.6244 0.5217 -0.5813
vn 0.4966 -0.8548 -0.1507
vn 0.4327 -0.8963 -0.0971
vn 0.4346 -0.7998 -0.4140
vn 0.0833 -0.9706 0.2258
vn 0.8157 -0.5351 0.2199
vn 0.0152 -0.9931 0.1159
vn 0.0035 -0.9895 0.1444
vn -0.0444 -0.9653 0.2574
vn 0.0752 -0.9968 0.0265
vn -0.1852 -0.9407 0.2841
vn -0.5283 -0.8136 0.2428
vn -0.0817 -0.4723 -0.8776
vn -0.5289 -0.8164 0.2319
vn -0.8000 -0.5800 0.1539
vn 0.2254 -0.9592 0.1706
vn 0.0794 -0.9914 0.1038
vn 0.2262 -0.3331 0.9154
vn -0.6012 -0.4428 -0.6652
vn -0.0724 -0.9955 0.0604
vn 0.0166 -0.9976 0.0678
vn 0.0184 -0.9985 0.0513
vn -0.0730 -0.9930 0.0925
vn -0.0719 -0.9931 0.0929
vn 0.0173 -0.9959 0.0893
vn 0.1819 -0.9821 -0.0488
vn 0.0320 -0.9986 0.0425
vn 0.1734 -0.9825 0.0687
vn -0.0563 -0.9923 0.1106
vn 0.1470 -0.9820 0.1190
vn -0.0569 -0.9888 0.1382
vn 0.0603 -0.9972 0.0448
vn 0.1475 -0.9890 -0.0091
vn 0.1479 -0.9890 -0.0084
vn 0.1390 -0.9717 0.1912
vn -0.0520 -0.9908 0.1253
vn 0.1446 -0.9760 0.1631
vn -0.0573 -0.9881 0.1429
vn 0.1390 -0.9811 0.1346
vn -0.0566 -0.9815 0.1827
vn 0.0123 -0.9994 -0.0322
vn 0.2049 -0.9780 0.0396
vn 0.1111 -0.9938 0.0004
vn 0.0825 -0.9961 0.0325
vn 0.0730 -0.9958 -0.0554
vn 0.0999 -0.9935 -0.0540
vn -0.6140 -0.7862 0.0701
vn -0.6725 -0.7011 0.2371
vn -0.7167 -0.6959 0.0454
vn -0.7392 -0.6337 0.2280
vn -0.7187 -0.6941 0.0422
vn -0.8087 -0.5861 0.0505
vn 0.3149 0.7879 -0.5292
vn 0.1281 0.7948 -0.5932
vn 0.2635 0.8098 -0.5242
vn 0.2488 0.8736 -0.4183
vn 0.0186 -0.9532 0.3017
vn 0.1017 -0.9945 -0.0269
vn 0.1115 -0.9928 -0.0431
vn 0.1146 -0.9933 -0.0132
vn 0.1135 -0.9931 -0.0283
vn 0.1101 -0.9930 -0.0431
vn 0.1019 -0.9944 -0.0287
vn 0.0824 -0.9964 -0.0212
vn 0.1170 -0.9922 -0.0431
vn -0.9904 0.1361 -0.0229
vn -0.9976 0.0047 -0.0691
vn -0.9619 0.2641 -0.0700
vn 0.2461 -0.8759 0.4149
vn 0.2242 -0.8897 0.3977
vn 0.4225 -0.9018 0.0909
vn 0.4716 -0.7948 0.3820
vn 0.6276 -0.3385 0.7012
vn 0.6155 -0.3835 0.6886
vn 0.8220 -0.2735 0.4995
vn -0.8596 -0.4410 0.2581
vn -0.8967 -0.3687 0.2449
vn -0.9622 -0.2719 0.0184
vn -0.7990 -0.6001 0.0393
vn -0.8945 0.3843 0.2283
vn -0.8515 0.4242 0.3081
vn -0.8623 0.4995 0.0836
vn -0.8945 0.4442 0.0499
vn -0.1352 0.5898 0.7962
vn -0.1127 0.8466 0.5201
vn -0.4574 0.8393 0.2938
vn -0.7006 0.7101 0.0701
vn -0.3157 0.8897 -0.3298
vn -0.5274 0.7627 0.3743
vn 0.1919 0.9486 0.2517
vn -0.6268 0.7423 0.2368
vn -0.5535 0.6991 0.4526
vn -0.5640 0.6889 0.4553
vn -0.5262 0.7307 0.4349
vn -0.1133 0.5366 0.8362
vn 0.0873 0.8986 0.4300
vn -0.5349 0.8097 0.2413
vn -0.2682 0.8274 0.4935
vn -0.1840 0.8022 0.5680
vn 0.0242 0.8942 0.4471
vn -0.1684 0.7980 0.5786
vn -0.0933 0.8541 0.5116
vn 0.1997 0.8774 0.4363
vn 0.2167 0.8312 0.5119
vn 0.1599 0.9004 0.4046
vn 0.0057 0.8785 0.4777
vn 0.0614 0.8889 0.4539
vn 0.0412 0.9691 0.2433
vn -0.0287 0.9867 0.1599
vn 0.0860 0.9555 0.2823
vn 0.0477 0.9767 0.2091
vn 0.0371 0.9732 0.2270
vn 0.0800 0.9806 0.1788
vn 0.0513 0.9868 0.1538
vn 0.1449 0.9764 0.1603
vn 0.0152 0.9877 0.1553
vn 0.0567 0.9861 0.1562
vn 0.0203 0.9923 0.1225
vn 0.1018 0.9910 0.0865
vn 0.1193 0.9904 0.0702
vn 0.0711 0.9968 0.0356
vn 0.2008 0.9784 0.0486
vn 0.0172 0.9988 -0.0448
vn 0.1110 0.9938 0.0001
vn 0.1101 0.9930 0.0431
vn 0.1146 0.9933 0.0132
vn 0.1135 0.9931 0.0283
vn 0.1165 0.9928 -0.0285
vn 0.1018 0.9934 0.0525
vn 0.0504 0.9957 -0.0776
vn 0.4178 -0.9025 0.1046
vn 0.5432 -0.8111 0.2167
vn 0.3653 -0.9154 0.1690
vn 0.8697 0.0017 -0.4937
vn 0.7992 0.0241 -0.6006
vn 0.7263 0.0964 -0.6805
vn 0.9362 -0.0428 -0.3489
vn 0.9663 -0.0406 -0.2541
vn 0.9496 -0.0923 -0.2997
vn 0.9248 -0.3064 -0.2253
vn 0.7795 -0.5385 -0.3201
vn 0.8921 -0.1945 -0.4077
vn 0.7902 -0.5817 -0.1932
vn 0.7444 -0.6627 -0.0813
vn 0.7921 -0.5264 -0.3089
vn 0.6154 -0.7865 -0.0518
vn 0.4653 -0.8847 -0.0290
vn 0.6884 -0.6797 -0.2530
vn -0.4794 -0.2424 0.8434
vn 0.1638 -0.9487 -0.2703
vn -0.0035 -0.9022 0.4313
vn 0.0107 -0.9367 0.3499
vn 0.0414 -0.8790 0.4750
vn 0.1350 -0.8975 0.4199
vn -0.3612 -0.8935 0.2669
vn -0.5261 -0.8311 0.1802
vn -0.2750 -0.9568 0.0944
vn 0.1253 -0.9553 0.2676
vn -0.0464 -0.9833 0.1758
vn 0.0371 -0.9732 0.2270
vn 0.1202 -0.9903 0.0698
vn 0.1028 -0.9910 0.0862
vn 0.1018 -0.9937 -0.0476
vn -0.9495 0.0944 -0.2992
vn -0.9291 0.1024 -0.3553
vn -0.9431 0.0056 -0.3326
vn 0.2127 -0.9612 0.1754
vn 0.0780 -0.9886 0.1289
vn 0.1149 -0.9903 0.0776
vn 0.0947 -0.9944 0.0470
vn 0.0941 -0.9925 0.0779
vn 0.1660 -0.9838 0.0676
vn 0.0602 -0.9911 0.1187
vn 0.1608 -0.9806 0.1120
vn 0.1615 -0.9803 0.1133
vn 0.0517 -0.9772 0.2059
vn 0.1489 -0.9701 0.1918
vn 0.1497 -0.9690 0.1966
vn 0.1076 -0.9933 0.0426
vn 0.1082 -0.9937 0.0279
vn 0.1146 -0.9933 0.0132
vn 0.1103 -0.9930 0.0426
vn 0.1122 -0.9936 0.0134
vn 0.1020 -0.9944 0.0285
vn 0.1055 -0.9858 0.1310
vn 0.0967 -0.9865 0.1322
vn 0.1019 -0.9944 0.0267
vn 0.1165 -0.9928 0.0285
vn 0.1117 -0.9928 0.0426
vn -0.1441 -0.9843 -0.1014
vn 0.1997 -0.9786 -0.0491
vn 0.1815 -0.9528 -0.2434
vn -0.6718 -0.6948 0.2567
vn -0.5280 -0.7643 0.3702
vn -0.7992 -0.5443 0.2551
vn -0.8882 -0.2959 -0.3515
vn -0.8754 -0.3177 -0.3644
vn -0.7987 -0.5610 -0.2175
vn -0.8981 -0.4351 -0.0650
vn -0.1849 -0.8793 0.4390
vn -0.5278 -0.7608 0.3777
vn -0.3606 -0.8696 0.3373
vn -0.2614 -0.9652 0.0000
vn -0.1863 -0.9764 -0.1093
vn -0.5459 0.0000 -0.8378
vn -0.5788 0.1048 -0.8087
vn 0.8982 -0.4395 -0.0000
vn -0.7119 0.0000 -0.7022
vn 0.7217 0.5266 0.4492
vn 0.5207 0.7953 0.3105
vn 0.4545 0.6818 0.5733
vn 0.6874 0.5145 0.5125
vn -0.0708 -0.7966 -0.6003
vn -0.1231 -0.6703 -0.7318
vn -0.0879 -0.7379 -0.6691
vn -0.2705 -0.7768 0.5686
vn -0.2308 -0.8320 0.5045
vn 0.7418 -0.0593 0.6680
vn 0.7356 -0.1107 0.6683
vn 0.8632 -0.1180 0.4908
vn 0.7961 -0.0917 0.5982
vn -0.8802 0.4005 -0.2547
vn -0.3603 0.5374 0.7625
vn -0.2737 0.6263 0.7300
vn 0.0889 0.7301 0.6776
vn 0.3296 -0.6576 0.6775
vn 0.2179 -0.6932 0.6870
vn 0.1581 -0.7689 0.6196
vn 0.2501 -0.7192 0.6482
vn 0.0704 0.8720 0.4845
vn 0.0658 0.8753 0.4791
vn 0.0155 0.8660 0.4998
vn 0.5714 -0.0503 0.8191
vn 0.5676 -0.1635 0.8069
vn 0.0309 0.9127 0.4075
vn 0.0355 0.9132 0.4059
vn 0.0275 0.9112 0.4111
vn 0.0403 0.9485 0.3142
vn -0.0342 0.9554 0.2935
vn -0.0936 0.9240 0.3708
vn 0.0518 0.9772 0.2058
vn 0.0362 0.9807 0.1919
vn 0.0044 0.9646 0.2637
vn -0.0863 0.5739 0.8143
vn -0.2102 0.6376 0.7411
vn 0.0035 0.6499 0.7600
vn -0.1752 0.6390 0.7490
vn -0.9829 -0.0016 0.1842
vn -0.9777 0.0234 0.2089
vn -0.9912 0.1296 0.0261
vn -0.9904 0.1022 0.0928
vn 0.2154 -0.8334 -0.5090
vn 0.2300 -0.8682 -0.4398
vn 0.0870 -0.8476 -0.5234
vn 0.1274 -0.7946 -0.5936
vn 0.0995 0.9862 0.1324
vn 0.1019 0.9861 0.1315
vn 0.0625 0.9953 0.0734
vn 0.5415 0.8407 0.0000
vn 0.5370 0.8335 -0.1302
vn 0.5655 0.7651 -0.3079
vn 0.7046 0.6876 0.1753
vn 0.5377 0.8137 0.2208
vn 0.7708 0.5504 0.3208
vn 0.8903 -0.0925 -0.4459
vn 0.8347 -0.1833 -0.5194
vn 0.8755 -0.0092 -0.4831
vn 0.8936 -0.0002 -0.4488
vn 0.8386 0.0922 -0.5369
vn 0.8053 0.0502 -0.5907
vn 0.8447 0.0000 -0.5352
vn 0.8938 -0.0266 -0.4477
vn 0.9298 0.0039 -0.3681
vn 0.8486 -0.0357 -0.5278
vn 0.9536 -0.0073 -0.3010
vn 0.9725 -0.0087 -0.2326
vn 0.9346 -0.0535 -0.3515
vn 0.9764 0.0000 -0.2158
vn 0.9857 -0.0873 -0.1438
vn 0.9781 0.0682 -0.1965
vn 0.3700 -0.1455 0.9176
vn 0.4453 -0.0330 0.8948
vn 0.3440 -0.0405 0.9381
vn 0.9848 -0.0236 -0.1723
vn 0.9810 -0.0896 -0.1720
vn 0.9705 -0.0646 -0.2322
vn 0.8809 -0.4317 -0.1941
vn 0.8812 -0.4314 -0.1931
vn 0.8497 -0.4657 -0.2472
vn 0.8049 0.5934 0.0000
vn 0.8052 0.5930 0.0010
vn -0.0736 -0.8037 0.5905
vn -0.1325 -0.8040 0.5797
vn -0.0925 -0.8541 0.5118
vn -0.1872 -0.8217 0.5383
vn -0.3607 -0.7611 0.5391
vn 0.0250 -0.8942 0.4470
vn -0.4607 -0.7105 0.5319
vn -0.5260 -0.7329 0.4314
vn -0.5098 -0.5416 0.6684
vn -0.8601 -0.4065 0.3083
vn -0.6921 -0.6916 0.2068
vn -0.7925 -0.5874 0.1641
vn -0.4427 -0.8648 0.2368
vn -0.2768 -0.9251 0.2600
vn -0.0753 -0.1733 0.9820
vn 0.0104 -0.9126 0.4086
vn 0.0109 -0.8803 0.4742
vn 0.0066 -0.9403 0.3403
vn 0.0669 -0.8817 0.4670
vn -0.0398 -0.8751 0.4823
vn -0.0471 -0.9216 0.3853
vn 0.0339 -0.9526 0.3025
vn 0.0622 -0.9543 0.2924
vn 0.1137 -0.9235 0.3663
vn 0.4173 0.9026 0.1054
vn 0.4185 0.9021 0.1057
vn 0.3165 0.9103 0.2670
vn 0.4009 0.8693 0.2892
vn 0.5365 -0.8410 -0.0701
vn 0.4293 -0.9031 -0.0064
vn 0.2323 -0.9619 -0.1445
vn 0.5031 -0.7999 -0.3271
vn 0.2176 -0.9634 0.1568
vn 0.1428 -0.9805 0.1347
vn 0.2209 -0.9679 0.1195
vn 0.0768 -0.9937 0.0817
vn 0.0730 -0.9906 0.1156
vn 0.1027 -0.9929 0.0596
vn 0.0759 -0.9931 0.0896
vn 0.1759 -0.9390 0.2955
vn 0.1343 -0.9723 0.1913
vn 0.2013 -0.9459 0.2543
vn -0.0194 -0.9883 0.1510
vn 0.1135 -0.9611 0.2517
vn 0.6307 0.2959 0.7174
vn 0.7167 0.2071 0.6659
vn 0.7911 0.3928 0.4689
vn 0.5901 0.4681 0.6578
vn -0.7390 0.5433 0.3984
vn -0.7695 0.5645 0.2987
vn -0.7993 0.4791 0.3629
vn -0.6789 0.5719 0.4605
vn -0.7411 -0.5426 -0.3956
vn -0.7515 -0.4700 -0.4630
vn -0.7988 -0.4960 -0.3405
vn 0.5369 -0.8336 0.1301
vn 0.5656 -0.7650 0.3080
vn 0.7903 0.5820 -0.1916
vn 0.7893 0.5836 -0.1905
vn 0.7634 0.5179 -0.3860
vn 0.8857 -0.2314 0.4025
vn 0.8280 -0.4046 0.3882
vn 0.9175 -0.3282 0.2245
vn -0.8976 -0.0264 0.4400
vn -0.8603 -0.0026 0.5097
vn -0.8947 0.1599 0.4170
vn 0.2429 0.9611 -0.1311
vn 0.1764 0.9804 -0.0873
vn -0.8125 -0.5450 0.2067
vn -0.8569 -0.4757 0.1984
vn -0.8536 -0.5205 0.0193
vn 0.4122 -0.7319 0.5426
vn 0.4820 -0.7401 0.4689
vn 0.4693 -0.6752 0.5692
vn -0.1867 -0.7801 0.5972
vn 0.0049 -0.8168 0.5769
vn -0.0886 -0.8025 0.5900
vn -0.1877 -0.7827 0.5934
vn 0.0277 0.6780 0.7345
vn -0.0596 0.5751 0.8159
vn 0.1517 -0.2952 -0.9433
vn 0.1197 -0.1986 -0.9727
vn 0.0447 -0.1179 -0.9920
vn 0.2026 -0.1233 -0.9715
vn 0.2449 0.1252 0.9614
vn 0.2051 0.2287 0.9517
vn 0.1872 0.4592 0.8684
vn 0.1978 0.6564 0.7280
vn 0.1048 0.7333 0.6718
vn 0.1500 0.6646 0.7320
vn 0.1555 0.7120 0.6847
vn 0.2376 0.7356 0.6344
vn 0.1251 0.8068 0.5774
vn 0.0494 0.9494 0.3103
vn 0.0468 0.9523 0.3014
vn 0.0533 0.9481 0.3134
vn 0.3754 0.8616 -0.3417
vn 0.3945 0.8438 -0.3638
vn 0.2775 0.8153 -0.5083
vn 0.2249 0.8873 -0.4027
vn 0.1381 0.9793 0.1481
vn 0.2033 0.9586 0.1993
vn 0.0847 0.9929 0.0830
vn 0.4179 0.9025 -0.1046
vn 0.5432 0.8112 -0.2167
vn 0.3947 0.9026 -0.1719
vn 0.4006 0.9162 -0.0135
vn -0.9029 -0.2781 -0.3278
vn -0.8952 -0.0515 -0.4427
vn -0.8621 -0.0903 -0.4986
vn -0.8938 -0.2327 -0.3834
vn -1.0000 -0.0004 -0.0002
vn -0.9619 0.2449 0.1213
vn -0.9617 0.2621 0.0798
vn -0.9628 0.2312 0.1400
vn 0.3978 0.8831 0.2488
vn 0.5368 0.8334 0.1315
vn 0.8778 -0.4290 0.2130
vn 0.7898 -0.5829 0.1912
vn 0.7891 -0.5837 0.1913
vn 0.7904 -0.5820 0.1911
vn 0.7044 0.6880 -0.1747
vn 0.7780 0.5487 -0.3061
vn 0.5937 0.7360 -0.3253
vn 0.7050 0.6879 -0.1726
vn -0.0121 -0.8891 0.4575
vn 0.0278 -0.7922 0.6096
vn 0.0134 -0.8539 0.5203
vn 0.0169 -0.9058 0.4234
vn 0.0202 -0.8704 0.4919
vn 0.0154 -0.9307 0.3655
vn -0.0446 -0.8526 0.5207
vn -0.0387 -0.8749 0.4827
vn 0.0181 -0.8930 0.4496
vn 0.4781 -0.6519 0.5887
vn 0.4570 -0.6820 0.5710
vn 0.5132 -0.7979 0.3162
vn 0.7327 -0.6031 0.3154
vn 0.3197 -0.8390 0.4403
vn 0.3842 -0.8492 0.3624
vn 0.3493 -0.8947 0.2785
vn 0.1997 -0.9787 0.0486
vn 0.2618 -0.9598 0.1015
vn 0.1416 -0.9891 0.0408
vn 0.0743 -0.9559 0.2842
vn 0.0294 -0.9720 0.2332
vn 0.1398 -0.9721 0.1885
vn -0.6071 0.5320 0.5903
vn -0.2798 0.6498 0.7067
vn -0.4459 0.6628 0.6015
vn -0.4420 -0.7194 0.5358
vn -0.5982 -0.4893 0.6347
vn -0.5253 -0.6074 0.5959
vn 0.0251 0.1870 -0.9820
vn 0.0323 0.0820 -0.9961
vn -0.6735 0.3498 0.6512
vn -0.6368 0.3698 0.6766
vn -0.4980 0.5865 0.6388
vn -0.7774 0.4233 0.4652
vn 0.5415 -0.8407 0.0000
vn 0.4572 -0.8841 -0.0961
vn -0.9064 0.1830 0.3807
vn -0.9485 0.2573 0.1847
vn -0.8757 0.0964 0.4731
vn -0.7404 0.3874 0.5493
vn -0.7980 0.4080 0.4436
vn -0.9516 -0.2105 -0.2239
vn -0.8989 -0.3807 -0.2170
vn -0.8492 -0.4462 -0.2824
vn -0.8792 -0.3526 -0.3204
vn -0.7731 -0.1992 0.6022
vn -0.7387 -0.3054 0.6008
vn -0.6913 -0.2455 0.6796
vn 0.3404 -0.0865 -0.9363
vn 0.3259 -0.1316 -0.9362
vn 0.2139 -0.1694 -0.9620
vn 0.3029 -0.1024 -0.9475
vn 0.1560 0.0512 0.9864
vn 0.2542 0.0137 0.9670
vn 0.1316 0.1550 0.9791
vn 0.3845 0.0958 0.9181
vn 0.2989 0.1322 0.9451
vn 0.2033 0.0944 0.9746
vn 0.3559 0.4239 0.8329
vn 0.3372 0.5721 0.7477
vn 0.2265 0.4547 0.8613
vn 0.2849 0.4591 0.8414
vn 0.2614 0.5379 0.8015
vn 0.0804 0.4934 0.8661
vn 0.1566 0.6972 0.6996
vn 0.1553 0.7199 0.6765
vn 0.2031 0.7113 0.6729
vn 0.1746 0.5192 0.8366
vn 0.3707 0.5219 0.7683
vn 0.2252 0.5771 0.7851
vn 0.3163 0.7225 -0.6148
vn 0.3300 0.6569 -0.6779
vn 0.2001 0.5965 -0.7773
vn 0.0950 0.7293 -0.6775
vn 0.1412 0.0551 0.9884
vn 0.1782 0.1589 0.9711
vn 0.3727 0.7973 0.4748
vn 0.5427 0.7468 0.3845
vn 0.2890 0.8857 0.3634
vn 0.4160 -0.8390 -0.3506
vn 0.3800 -0.8570 -0.3481
vn 0.2511 -0.8713 -0.4217
vn 0.3271 -0.8464 -0.4203
vn 0.2373 -0.9250 0.2968
vn 0.2404 -0.8929 0.3806
vn 0.3025 -0.9257 0.2271
vn 0.7287 -0.6011 -0.3283
vn 0.6538 -0.7087 -0.2650
vn 0.4446 -0.7979 -0.4071
vn 0.6177 -0.5300 -0.5809
vn 0.7751 -0.6262 -0.0837
vn 0.6522 -0.7547 -0.0711
vn 0.5377 -0.8137 -0.2208
vn 0.7708 -0.5504 -0.3208
vn 0.7513 0.5286 0.3950
vn 0.7902 0.5817 0.1932
vn 0.0808 0.9132 -0.3994
vn 0.0948 0.9017 -0.4218
vn -0.0533 0.9074 -0.4169
vn -0.0393 0.9168 -0.3974
vn 0.9975 0.0264 -0.0651
vn 0.9984 -0.0477 0.0319
vn 0.9999 -0.0115 0.0000
vn 0.2005 0.8595 0.4702
vn -0.0809 0.4628 0.8828
vn 0.9788 -0.0279 0.2030
vn 0.1492 0.9887 -0.0179
vn 0.9312 -0.0866 0.3542
vn 0.9928 0.0026 0.1200
vn -0.7170 0.3102 0.6242
vn -0.5789 0.3586 0.7323
vn -0.6544 0.3546 0.6678
vn -0.6879 0.0809 0.7213
vn -0.3454 0.5725 -0.7436
vn -0.2975 0.5673 -0.7679
vn -0.1496 0.4441 -0.8834
vn -0.4963 0.3900 -0.7756
vn -0.0932 -0.5410 0.8358
vn -0.1859 -0.4649 0.8656
vn -0.0333 -0.4490 0.8929
vn 0.0953 -0.7229 0.6843
vn 0.0001 -0.7822 0.6230
vn 0.1495 -0.7910 0.5933
vn 0.1559 -0.7465 0.6468
vn 0.0440 -0.7760 0.6292
vn 0.2438 0.4728 -0.8468
vn 0.1167 0.4641 -0.8781
vn 0.1895 -0.8310 0.5231
vn 0.0528 -0.8141 0.5783
vn -0.0066 -0.8630 0.5052
vn 0.0203 -0.8697 0.4932
vn 0.1436 -0.7271 0.6713
vn 0.0971 -0.7209 0.6862
vn 0.1224 -0.8039 0.5820
vn -0.9904 -0.0898 -0.1047
vn -0.9474 -0.2324 -0.2199
vn 0.5590 -0.5834 0.5892
vn 0.4913 -0.5912 0.6396
vn 0.5355 -0.6202 0.5732
vn 0.3740 0.8088 0.4538
vn 0.2793 0.8150 0.5077
vn 0.3788 0.6517 0.6571
vn 0.5333 0.6645 0.5236
vn 0.2104 0.8943 0.3949
vn 0.1360 0.9296 0.3425
vn 0.0136 0.9383 0.3456
vn 0.0438 0.9051 0.4229
vn -0.4443 -0.4868 0.7521
vn -0.6148 -0.4468 0.6499
vn -0.4339 -0.3079 0.8467
vn 0.9465 0.2683 0.1795
vn 0.9776 0.1823 0.1055
vn 0.9298 0.3541 0.1006
vn 0.9810 0.0896 0.1720
vn 0.9942 0.0000 0.1071
vn 0.9776 0.1823 0.1054
vn -0.7222 -0.4949 -0.4832
vn -0.7549 -0.4623 -0.4651
vn -0.7427 -0.4068 -0.5318
vn -0.7736 -0.4209 -0.4738
vn -0.3651 -0.3360 0.8682
vn -0.5165 -0.3037 0.8006
vn -0.4207 -0.5794 0.6981
vn -0.4465 -0.4047 0.7980
vn -0.5163 0.3029 0.8011
vn -0.3585 0.3532 0.8641
vn -0.4493 0.4032 0.7972
vn -0.5101 0.3886 0.7673
vn -0.3655 0.2619 0.8932
vn -0.3616 0.4095 0.8376
vn -0.9617 0.2461 0.1207
vn -0.7979 0.5404 0.2669
vn -0.7983 0.5761 0.1753
vn -0.9580 0.2394 0.1579
vn -0.5291 0.2749 0.8028
vn -0.3568 0.2257 0.9065
vn -0.1852 0.3257 0.9271
vn -0.9630 -0.0002 0.2695
vn -0.9118 -0.0206 0.4101
vn -0.9120 0.1292 0.3892
vn 0.3549 -0.0908 0.9305
vn 0.3665 0.0601 0.9285
vn 0.3345 0.2349 0.9127
vn 0.3157 0.2738 0.9085
vn 0.3559 0.1961 0.9137
vn 0.3564 0.2477 0.9009
vn 0.3203 0.2313 0.9187
vn 0.4287 0.2075 0.8793
vn 0.4667 0.2471 0.8492
vn 0.3379 0.2878 0.8961
vn 0.4386 0.2603 0.8602
vn 0.4535 0.3427 0.8227
vn 0.3698 0.3507 0.8603
vn 0.4984 0.2876 0.8179
vn 0.3267 0.4840 0.8118
vn 0.4771 0.4329 0.7648
vn 0.3452 0.4913 0.7996
vn 0.4796 0.6076 0.6331
vn 0.3536 0.6265 0.6946
vn 0.5382 0.6656 -0.5171
vn 0.4212 0.6932 -0.5848
vn 0.3346 0.8388 -0.4296
vn 0.3799 0.7885 -0.4837
vn 0.3084 0.7285 0.6117
vn 0.6168 0.5031 0.6054
vn 0.5370 0.6596 0.5259
vn 0.5598 0.4892 0.6688
vn 0.7124 0.4494 0.5391
vn 0.4743 0.6627 0.5795
vn 0.2069 0.8951 0.3949
vn 0.3397 0.8913 0.3002
vn 0.2100 0.9564 0.2030
vn 0.2386 0.9240 0.2989
vn 0.9350 -0.2311 -0.2691
vn 0.8581 -0.4622 -0.2237
vn 0.7217 -0.5266 -0.4492
vn 0.8143 -0.2734 -0.5120
vn 0.8921 0.1945 0.4078
vn 0.8956 0.3600 0.2613
vn 0.7825 0.4851 0.3903
vn 0.9976 -0.0662 -0.0194
vn -0.9905 -0.1147 -0.0761
vn -0.9784 -0.1598 -0.1313
vn 0.9793 -0.0002 0.2026
vn -0.0639 -0.6717 0.7381
vn 0.4448 0.3414 -0.8280
vn 0.4446 0.5740 0.6876
vn 0.3286 0.6070 0.7236
vn 0.2170 0.6425 0.7349
vn 0.2258 0.5768 0.7851
vn 0.8514 0.0010 -0.5245
vn 0.8359 0.1824 -0.5177
vn 0.9175 0.1829 -0.3531
vn 0.9342 0.0015 -0.3568
vn 0.0156 -0.3864 0.9222
vn -0.1887 -0.3672 0.9108
vn -0.0975 -0.4528 0.8863
vn -0.6018 0.3596 0.7131
vn -0.6706 0.3651 0.6458
vn 0.0494 0.1147 0.9922
vn 0.2281 0.1759 0.9576
vn 0.1198 0.1986 0.9727
vn 0.2058 -0.2284 0.9516
vn 0.2346 -0.1252 0.9640
vn 0.1035 -0.2600 0.9600
vn 0.7097 -0.2443 0.6608
vn 0.6525 -0.2577 0.7126
vn 0.6931 -0.2974 0.6567
vn 0.5839 -0.4307 0.6882
vn 0.6508 -0.4573 0.6061
vn 0.6690 -0.4020 0.6252
vn 0.5250 -0.1123 0.8436
vn 0.4451 -0.2533 0.8589
vn 0.5367 -0.2156 0.8158
vn 0.4539 -0.2601 0.8523
vn 0.3826 -0.3938 0.8358
vn 0.4536 -0.3428 0.8226
vn 0.3758 -0.3364 0.8635
vn 0.3773 -0.4697 0.7982
vn 0.5815 -0.1367 0.8020
vn 0.4090 -0.4521 0.7927
vn 0.4568 -0.5562 0.6943
vn 0.5456 -0.4782 0.6882
vn 0.3204 -0.5322 0.7836
vn 0.3400 -0.6411 0.6880
vn 0.4667 -0.4300 0.7728
vn 0.3550 -0.4674 0.8097
vn 0.3289 -0.5137 0.7924
vn -0.9906 -0.1107 -0.0807
vn -0.9870 -0.1585 -0.0265
vn 0.8548 -0.2142 0.4726
vn 0.9228 -0.0701 0.3790
vn 0.8650 -0.0859 0.4943
vn 0.8627 0.2279 0.4514
vn 0.9362 0.0431 0.3489
vn 0.9663 0.0409 0.2541
vn 0.9536 0.0072 0.3010
vn -0.9904 -0.1198 0.0697
vn -0.9468 -0.2955 0.1275
vn -0.9520 0.2322 -0.1993
vn -0.8919 0.4016 -0.2080
vn -0.8801 0.3683 -0.2995
vn -0.7725 0.4510 -0.4470
vn -0.6755 0.2134 0.7058
vn -0.6732 0.2741 0.6868
vn -0.7376 0.2418 0.6304
vn -0.4988 -0.2326 0.8349
vn -0.7780 -0.1683 0.6053
vn -0.7190 -0.3104 0.6219
vn -0.5839 -0.3727 0.7212
vn -0.8011 0.1624 0.5761
vn -0.6719 0.1511 0.7251
vn -0.6063 0.3473 0.7154
vn -0.6504 0.2916 0.7013
vn -0.7198 0.3095 0.6213
vn -0.7355 0.1252 0.6659
vn -0.7108 -0.0593 0.7009
vn -0.6090 -0.0441 0.7919
vn -0.6701 0.1316 0.7305
vn -0.4355 -0.0362 0.8994
vn -0.2751 -0.0276 0.9610
vn -0.3614 0.1519 0.9200
vn 0.1888 0.8537 0.4854
vn 0.0662 0.9487 0.3092
vn 0.0935 0.9043 0.4166
vn 0.5377 0.1215 0.8343
vn 0.4779 0.2608 0.8388
vn 0.4493 0.1647 0.8781
vn 0.0551 0.8496 0.5245
vn -0.0558 0.9356 0.3486
vn 0.0129 0.8706 0.4918
vn 0.4894 0.1751 0.8543
vn 0.5797 0.2987 0.7581
vn 0.6119 0.4013 0.6816
vn 0.5890 0.4185 0.6913
vn 0.6875 0.3379 0.6428
vn 0.6187 0.5109 0.5968
vn 0.5088 0.3142 0.8015
vn 0.6602 0.2343 0.7136
vn 0.7135 0.3337 0.6161
vn 0.6267 0.2070 0.7513
vn 0.7045 0.1641 0.6905
vn 0.6738 0.3316 0.6604
vn 0.6449 0.2062 0.7360
vn 0.7878 0.0968 0.6083
vn 0.6158 0.3464 0.7077
vn 0.1031 0.9718 0.2121
vn 0.2142 0.9721 0.0961
vn 0.1441 0.9799 0.1377
vn 0.0809 0.9775 0.1950
vn 0.8242 0.0914 0.5589
vn 0.9145 0.0416 0.4023
vn 0.9101 0.2693 0.3151
vn 0.9274 -0.0893 0.3634
vn 0.9113 -0.0501 0.4087
vn 0.9385 -0.0013 0.3453
vn 0.8790 -0.0007 0.4768
vn 0.8522 -0.0898 0.5154
vn 0.8297 0.0484 0.5562
vn -0.0945 -0.5362 0.8388
vn -0.1832 -0.4339 0.8822
vn 0.0009 -0.4425 0.8968
vn -0.1228 -0.3529 0.9276
vn -0.2114 -0.1723 0.9621
vn 0.0328 -0.0174 0.9993
vn -0.4388 -0.4929 0.7514
vn -0.5273 -0.3755 0.7622
vn -0.3620 -0.4127 0.8358
vn 0.2970 -0.4230 0.8561
vn 0.3817 -0.4953 0.7804
vn 0.4242 -0.5988 0.6793
vn 0.1897 -0.5690 0.8002
vn 0.2262 -0.4547 0.8614
vn 0.3540 -0.1943 0.9148
vn 0.2130 -0.1394 0.9670
vn 0.2741 -0.1959 0.9415
vn 0.1547 -0.0497 0.9867
vn 0.1856 -0.1604 0.9694
vn 0.7383 0.0001 -0.6745
vn 0.7150 -0.0012 -0.6991
vn 0.7267 0.0000 -0.6869
vn 0.7838 0.0916 -0.6143
vn 0.6929 -0.0933 0.7150
vn 0.6935 -0.1702 0.7000
vn 0.7571 -0.0658 0.6500
vn 0.6430 -0.0194 0.7656
vn 0.5766 -0.0075 0.8170
vn 0.6612 -0.0792 0.7461
vn 0.6167 -0.0786 0.7833
vn 0.5022 0.0511 0.8633
vn 0.4693 -0.1044 0.8769
vn 0.5524 -0.1439 0.8211
vn 0.4496 -0.1646 0.8779
vn 0.4785 -0.2609 0.8385
vn 0.5378 -0.1212 0.8343
vn 0.4293 -0.2762 0.8599
vn 0.4394 -0.2102 0.8734
vn 0.5106 -0.2492 0.8229
vn 0.4868 -0.3500 0.8003
vn 0.3839 -0.3018 0.8727
vn 0.4632 -0.2822 0.8401
vn -0.8944 0.3858 -0.2261
vn -0.9618 0.2474 -0.1174
vn -0.9120 0.2968 -0.2831
vn -0.8668 0.3736 -0.3301
vn -0.9905 0.0952 -0.0992
vn -0.9914 0.0029 -0.1308
vn -0.6739 -0.6059 -0.4228
vn -0.7763 -0.4289 -0.4619
vn -0.6469 -0.5646 -0.5127
vn -0.6378 -0.6229 -0.4529
vn -0.9976 0.0596 -0.0354
vn -0.9776 0.1681 -0.1267
vn -0.9698 0.2297 0.0818
vn -0.9902 0.1207 -0.0707
vn -0.7558 0.1887 0.6270
vn -0.7731 0.0007 0.6343
vn -0.6887 0.1523 0.7089
vn -0.6713 0.0149 0.7410
vn -0.5279 0.1003 0.8434
vn -0.7993 0.0609 0.5978
vn -0.3608 0.0387 0.9319
vn -0.1849 0.1319 0.9739
vn -0.5279 0.1113 0.8420
vn 0.3870 -0.1219 0.9140
vn 0.3359 -0.0447 0.9409
vn -0.3333 0.4499 0.8285
vn -0.3517 0.3600 0.8641
vn 0.3786 -0.1733 0.9092
vn 0.4158 -0.0699 0.9068
vn 0.5577 -0.0929 0.8248
vn 0.5128 -0.0098 0.8585
vn 0.8877 -0.0224 -0.4599
vn 0.9368 0.1024 -0.3346
vn 0.9399 -0.0256 -0.3404
vn 0.8996 0.0193 0.4363
vn 0.9317 0.0359 0.3614
vn 0.9193 0.0679 0.3875
vn 0.8416 0.0827 0.5337
vn 0.6569 0.0459 0.7526
vn 0.5272 0.1257 0.8404
vn 0.5659 0.0652 0.8219
vn 0.5921 0.1145 0.7977
vn 0.6432 0.0190 0.7655
vn 0.7283 0.1206 0.6746
vn 0.5895 -0.0584 0.8057
vn 0.6022 -0.0490 0.7968
vn 0.7074 0.1481 0.6911
vn 0.6802 0.0003 0.7330
vn 0.6054 0.1329 0.7847
vn 0.7439 0.0571 0.6658
vn 0.7481 0.1298 0.6508
vn 0.6472 0.0620 0.7598
vn 0.8492 -0.0301 -0.5272
vn 0.8549 -0.0124 -0.5186
vn 0.7459 -0.0356 -0.6651
vn 0.8030 -0.0171 -0.5957
vn -0.0495 0.7988 0.5996
vn -0.4398 -0.3836 0.8120
vn -0.2763 -0.4038 0.8721
vn -0.1260 -0.2437 0.9616
vn -0.6634 0.5890 0.4615
vn 0.2169 -0.8921 0.3963
vn -0.1346 0.8131 0.5664
vn -0.7181 -0.3090 0.6235
vn -0.6142 -0.3308 0.7165
vn 0.2759 -0.3081 0.9105
vn 0.2677 -0.2922 0.9181
vn 0.3721 -0.3844 0.8449
vn 0.3223 -0.3766 0.8685
vn 0.2021 -0.2424 0.9489
vn 0.2153 -0.1953 0.9568
vn 0.3191 -0.2306 0.9192
vn 0.3857 -0.1733 0.9062
vn 0.4278 -0.0960 0.8988
vn 0.3143 -0.2221 0.9230
vn 0.5448 0.0256 0.8382
vn 0.6328 -0.0002 0.7743
vn 0.6954 -0.0407 0.7175
vn 0.5899 0.0038 0.8075
vn 0.5353 0.0248 0.8443
vn 0.6459 -0.0103 0.7633
vn 0.3666 -0.2417 0.8984
vn -0.6237 0.0069 0.7816
vn -0.6971 0.0592 0.7145
vn -0.9790 -0.0931 0.1812
vn -0.9827 -0.0708 0.1712
vn -0.9904 -0.1302 0.0468
vn -0.9791 -0.1875 -0.0794
vn 0.2147 0.9612 -0.1734
vn 0.1123 0.9811 -0.1575
vn 0.1825 0.9811 -0.0642
vn -0.2550 -0.9595 0.1200
vn -0.5281 -0.0695 0.8463
vn -0.7992 -0.0562 0.5984
vn -0.6122 -0.1962 0.7660
vn -0.6715 -0.0137 0.7409
vn -0.5877 0.1466 0.7957
vn -0.4338 -0.2168 0.8745
vn -0.2756 -0.2225 0.9352
vn -0.3606 -0.0376 0.9320
vn -0.7199 -0.0126 0.6939
vn -0.8040 -0.0046 0.5946
vn -0.1842 -0.0699 0.9804
vn -0.5271 -0.0621 0.8476
vn -0.1579 -0.9677 0.1966
vn -0.1255 -0.1578 0.9795
vn 0.2321 0.6557 0.7185
vn -0.7152 -0.6720 0.1921
s off
f 363/1/1 145/2/1 133/3/1 130/4/1
f 183/5/2 355/6/2 198/7/3 184/8/4
f 402/9/5 408/10/5 77/11/5 201/12/5
f 253/13/6 247/14/7 240/15/8 351/16/7
f 444/17/9 408/10/9 402/9/9
f 75/18/10 196/19/11 76/20/12
f 408/10/13 75/18/13 76/20/14
f 444/17/15 412/21/15 408/10/15
f 410/22/16 466/23/17 408/10/17
f 466/23/18 196/24/18 408/10/18
f 196/19/19 75/18/20 408/10/20
f 186/25/21 202/26/21 200/27/22 197/28/23
f 210/29/24 78/30/24 206/31/24 205/32/24
f 134/33/25 143/34/26 117/35/27 116/36/28
f 681/37/29 684/38/29 374/39/30
f 684/38/31 372/40/31 374/41/31
f 414/42/32 444/17/32 401/43/32
f 393/44/33 475/45/33 469/46/33 478/47/34
f 759/48/35 726/49/36 728/50/37 721/51/38
f 455/52/39 409/53/39 444/54/40
f 409/53/41 412/21/41 444/17/41
f 409/53/42 466/23/42 410/22/43
f 409/53/44 453/55/44 466/23/44
f 453/55/45 452/56/45 466/23/45
f 452/56/46 456/57/46 466/23/46
f 456/57/47 639/58/47 466/23/47
f 639/58/48 631/59/48 466/23/48
f 631/59/49 649/60/49 466/23/49
f 649/60/50 465/61/50 466/23/50
f 465/61/51 467/62/51 466/23/51
f 467/62/52 72/63/52 466/23/52
f 72/63/53 157/64/53 466/23/53
f 157/64/54 661/65/54 466/23/54
f 661/65/55 192/66/55 466/23/55
f 898/67/56 679/68/56 222/69/57
f 624/70/58 642/71/58 637/72/59 635/73/60
f 679/68/61 898/67/61 373/74/61
f 898/67/62 680/75/62 373/74/62
f 680/75/63 682/76/63 373/74/63
f 683/77/64 681/37/65 373/78/66
f 683/77/67 686/79/68 681/37/68
f 686/79/69 684/38/69 681/37/69
f 686/79/70 372/40/70 684/38/70
f 804/80/71 802/81/72 841/82/71 813/83/71
f 371/84/73 908/85/73 413/86/73
f 371/84/74 413/86/74 377/87/74
f 413/86/75 447/88/76 377/87/75
f 439/89/77 448/90/78 447/88/79
f 456/57/80 409/53/80 455/52/80
f 456/57/81 452/56/81 409/53/81
f 452/56/82 453/55/82 409/53/82
f 457/91/83 632/92/83 456/57/83
f 632/92/84 639/58/84 456/57/84
f 640/93/85 459/94/85 631/95/86
f 459/94/87 649/60/87 631/59/87
f 459/94/88 465/61/88 649/60/88
f 644/96/89 467/62/89 465/61/89
f 656/97/90 72/63/90 467/62/90
f 656/97/91 153/98/91 72/63/91
f 158/99/92 73/100/92 157/101/93
f 73/100/94 661/65/94 157/64/94
f 73/100/95 74/102/95 661/65/95
f 74/102/96 169/103/96 661/65/96
f 169/103/97 174/104/97 661/65/97
f 174/104/98 179/105/98 661/65/98
f 364/106/99 130/4/99 133/3/99 121/107/100
f 363/1/101 135/108/102 146/109/103 145/110/104
f 883/111/105 896/112/105 898/67/105
f 896/112/106 889/113/106 898/67/106
f 889/113/107 876/114/107 898/67/107
f 876/114/108 924/115/108 898/67/108
f 924/115/109 925/116/109 898/67/109
f 925/116/110 902/117/110 898/67/110
f 902/117/111 682/76/111 898/67/111
f 682/76/112 680/75/112 898/67/112
f 226/118/113 931/119/114 898/67/114
f 931/119/115 81/120/115 898/67/115
f 81/120/116 929/121/116 898/67/116
f 929/121/117 883/111/117 898/67/117
f 902/117/118 925/116/118 682/76/118
f 925/116/119 905/122/119 682/76/119
f 469/46/120 483/123/120 477/124/121 478/47/122
f 907/125/123 687/126/124 685/127/124 908/85/124
f 908/85/125 371/84/125 686/79/125
f 908/85/126 685/127/126 413/86/126
f 685/127/127 378/128/127 413/86/127
f 432/129/128 450/130/129 440/131/129
f 449/132/130 454/133/131 440/131/131
f 454/133/132 448/90/132 439/89/133
f 454/133/134 438/134/134 448/90/134
f 438/134/135 445/135/136 448/90/135
f 438/134/137 458/136/137 445/135/138
f 458/136/139 457/91/139 445/135/140
f 458/136/141 633/137/141 457/91/141
f 637/72/142 641/138/143 640/93/143
f 641/138/144 650/139/144 640/93/144
f 650/139/145 459/94/145 640/93/145
f 648/140/146 464/141/147 644/142/148
f 652/143/149 656/97/150 468/144/151
f 652/143/152 645/145/153 656/97/153
f 645/145/154 601/146/154 656/97/154
f 137/147/155 160/148/156 155/149/157
f 209/150/158 212/151/159 204/152/160 207/153/161
f 159/154/162 162/155/162 156/156/163
f 302/157/164 933/158/164 932/159/164 295/160/164
f 235/161/165 217/162/166 229/163/165 236/164/165
f 179/165/167 174/104/168 168/166/168 178/167/168
f 183/5/169 356/168/169 182/169/170
f 183/5/169 182/169/171 357/170/169
f 183/5/169 362/171/169 136/172/169
f 183/5/169 135/108/172 363/1/169
f 183/5/169 363/1/169 130/4/169
f 183/5/169 130/4/169 364/106/169
f 183/5/169 365/173/169 114/174/169
f 183/5/169 114/174/169 343/175/169
f 183/5/173 343/175/173 105/176/173
f 183/5/169 105/176/169 344/177/169
f 183/5/169 344/177/169 89/178/169
f 183/5/169 89/178/169 318/179/169
f 183/5/169 318/179/169 345/180/169
f 183/5/169 347/181/169 317/182/169
f 183/5/173 316/183/174 348/184/173
f 183/5/169 348/184/169 298/185/169
f 183/5/169 298/185/169 291/186/169
f 183/5/169 291/186/169 349/187/169
f 183/5/169 349/187/169 258/188/169
f 183/5/169 256/189/175 350/190/169
f 183/5/169 350/190/169 255/191/169
f 183/5/169 253/13/176 351/16/169
f 183/5/169 351/16/169 231/192/169
f 183/5/169 231/192/169 216/193/169
f 183/5/169 216/193/169 352/194/169
f 183/5/169 353/195/169 208/196/169
f 183/5/169 208/196/169 354/197/169
f 349/187/177 290/198/177 285/199/178 258/188/177
f 227/200/179 931/119/180 226/118/181
f 911/201/182 924/115/182 876/114/182
f 911/201/183 925/116/183 924/115/183
f 227/200/184 80/202/185 931/119/185
f 80/202/186 243/203/186 931/119/186
f 239/204/187 250/205/188 931/119/188
f 250/205/189 81/120/189 931/119/189
f 248/206/190 251/207/191 81/120/191
f 268/208/192 929/121/193 81/120/193
f 268/208/194 82/209/195 929/121/195
f 82/209/196 272/210/196 929/121/196
f 272/210/197 83/211/197 929/121/197
f 83/211/198 276/212/198 929/121/198
f 356/168/199 183/5/199 184/8/200 193/213/201
f 687/126/202 676/214/202 685/127/202
f 676/214/203 378/128/203 685/127/203
f 676/214/204 687/126/204 433/215/204
f 676/214/204 433/215/204 378/128/204
f 838/216/205 901/217/205 791/218/206 802/81/207
f 451/219/208 450/130/208 432/129/209
f 690/220/210 663/221/210 432/129/211
f 451/219/212 454/133/212 449/132/213
f 451/219/214 438/134/214 454/133/214
f 443/222/215 633/137/216 458/136/216
f 437/223/217 638/224/218 633/225/219
f 393/44/220 678/226/220 68/227/220 29/228/220
f 642/71/221 641/138/221 637/72/222
f 642/71/223 647/229/224 650/230/225
f 645/145/226 652/143/227 464/141/226
f 647/229/228 645/145/229 464/141/229
f 71/231/230 141/232/230 657/233/230
f 601/146/231 71/231/231 657/233/231
f 134/33/232 144/234/232 141/235/233
f 647/229/234 460/236/235 645/145/235
f 646/237/236 463/238/237 601/146/237
f 462/239/238 654/240/239 601/146/239
f 653/241/240 71/231/241 601/146/241
f 348/184/242 299/242/243 303/243/244 298/244/245
f 165/245/246 160/148/246 137/147/247
f 176/246/248 181/247/248 177/248/248 166/249/249
f 433/215/250 440/131/250 413/86/250 378/128/250
f 309/250/251 300/251/252 314/252/253 310/253/254
f 164/254/255 138/255/256 160/148/255
f 163/256/257 162/155/258 172/257/259 173/258/260
f 208/196/261 215/259/262 354/260/261
f 113/261/263 106/262/264 129/263/265 128/264/266
f 677/265/267 698/266/267 746/267/268 745/268/269
f 302/157/270 295/160/270 296/269/271 306/270/272
f 233/271/273 80/202/274 227/200/275
f 899/272/276 891/273/276 895/274/277
f 891/275/278 888/276/279 877/277/280
f 626/278/281 634/279/282 638/224/283 436/280/284
f 875/281/285 926/282/286 911/201/287
f 875/281/288 920/283/289 926/282/290
f 920/283/291 909/284/291 926/282/292
f 909/285/293 904/286/294 926/282/295
f 186/25/296 197/28/297 196/19/298 195/287/299
f 238/288/300 251/207/300 248/206/301
f 241/289/302 245/290/303 251/207/303
f 600/291/304 131/292/304 71/231/304 654/293/305
f 790/294/306 884/295/307 276/296/308
f 884/295/309 930/297/310 276/212/309
f 790/294/311 900/298/312 884/295/312
f 919/299/313 903/300/314 909/285/315
f 918/301/316 906/302/317 903/300/318
f 918/301/319 690/220/320 907/125/321
f 690/220/322 687/126/322 907/125/323
f 441/303/324 451/219/324 432/129/325 431/304/326
f 917/305/327 663/221/328 690/220/328
f 917/305/329 691/306/330 663/221/330
f 691/306/331 431/304/332 663/221/331
f 626/278/333 435/307/334 634/279/335
f 435/307/336 627/308/337 634/279/338
f 627/308/339 572/309/339 634/279/340
f 184/8/341 198/7/342 199/310/343 185/311/344
f 630/312/345 642/71/345 624/70/345
f 629/313/346 603/314/346 624/70/346
f 603/314/347 630/312/347 624/70/347
f 460/236/348 647/229/349 642/71/348
f 810/315/350 852/316/351 814/317/352 815/318/353
f 806/319/354 853/320/355 823/321/356 822/322/357
f 692/323/358 806/319/358 822/322/359 821/324/360
f 819/325/361 731/326/361 535/327/362 534/328/363
f 643/329/364 602/330/365 460/236/365
f 463/238/366 646/237/367 460/236/366
f 602/330/368 610/331/368 462/239/369
f 568/332/370 576/333/370 556/334/370 557/335/370
f 894/336/371 892/337/372 899/272/372
f 874/338/373 920/283/374 875/281/375
f 234/339/376 232/340/377 242/341/378 243/342/379
f 477/343/380 483/123/380 484/344/380 485/345/380
f 892/337/381 894/336/382 900/298/381
f 377/87/383 414/42/383 686/79/383 371/84/383
f 370/346/384 701/347/384 691/306/384
f 709/348/385 415/349/386 691/306/387
f 915/350/388 370/346/389 691/306/389
f 709/348/390 389/351/391 415/349/392
f 389/351/393 434/352/393 430/353/394
f 434/352/395 628/354/395 430/353/396
f 434/352/397 574/355/397 628/354/397
f 573/356/398 627/308/399 628/354/399
f 603/314/400 643/329/401 630/312/400
f 569/357/402 603/314/402 629/313/402
f 655/358/403 118/359/403 131/292/403 600/291/403
f 569/357/404 643/329/405 603/314/404
f 569/357/406 604/360/406 643/329/407
f 604/360/408 602/330/408 643/329/409
f 422/361/410 423/362/410 811/363/410 812/364/410
f 604/360/411 581/365/411 602/330/411
f 581/365/412 610/331/412 602/330/412
f 608/366/413 622/367/414 610/331/414
f 608/368/415 614/369/415 620/370/415
f 608/368/415 620/370/415 622/367/415
f 620/370/415 621/371/415 622/367/415
f 621/371/416 611/372/417 622/367/416
f 247/14/418 246/373/418 240/15/419
f 414/42/70 401/374/70 372/40/70 686/79/70
f 886/375/420 789/376/421 878/377/421
f 789/376/422 869/378/422 878/377/422
f 571/379/423 625/380/424 634/279/425 572/381/426
f 866/382/427 912/383/427 879/384/428
f 870/385/429 913/386/430 879/384/431
f 913/386/432 866/382/432 879/384/433
f 866/382/434 913/386/434 923/387/435
f 216/193/436 230/388/436 223/389/437 352/390/436
f 84/391/438 927/392/438 280/393/439
f 927/392/440 928/394/440 280/393/441
f 928/394/442 719/395/442 280/393/443
f 719/395/444 794/396/444 280/393/445
f 719/395/446 760/397/446 793/398/447
f 760/397/448 841/82/448 793/398/449
f 839/399/450 841/82/451 802/81/452
f 421/400/453 424/401/454 563/402/453 423/362/453
f 804/80/455 838/216/455 802/81/456
f 838/216/457 786/403/457 901/217/457
f 786/403/458 893/404/458 901/405/459
f 871/406/460 914/407/461 913/408/462
f 915/350/463 664/409/464 370/346/464
f 664/409/465 405/410/465 370/346/465
f 405/410/466 701/347/466 370/346/466
f 405/410/467 389/351/467 709/348/468
f 405/410/469 434/352/469 389/351/469
f 405/410/470 664/409/470 434/352/470
f 664/409/471 429/411/471 434/352/471
f 429/411/472 575/412/472 434/352/472
f 655/358/473 599/413/473 118/359/473
f 598/414/474 659/415/475 118/416/476
f 498/417/477 599/413/478 655/358/478
f 620/370/479 612/418/480 621/371/479
f 623/419/481 565/420/481 608/366/482
f 806/319/483 692/323/483 845/421/484 854/422/485
f 284/423/486 927/392/487 84/391/487
f 262/424/488 714/425/489 927/392/489
f 714/425/490 712/426/490 927/392/490
f 713/427/491 728/428/492 927/392/492
f 728/428/493 762/429/493 927/392/493
f 762/429/494 719/395/494 927/392/494
f 719/395/495 928/394/495 927/392/495
f 842/430/496 813/83/496 841/82/496
f 850/431/497 837/432/497 804/80/497
f 837/432/498 803/433/498 804/80/498
f 803/433/499 838/216/499 804/80/499
f 615/434/500 565/420/500 606/435/500 616/436/500
f 805/437/501 850/431/501 804/80/501
f 803/433/502 850/431/502 838/216/502
f 850/431/503 786/403/503 838/216/503
f 208/196/504 353/195/504 219/438/505 215/259/506
f 32/439/507 31/440/508 710/441/507 744/442/507
f 916/443/509 429/411/510 664/409/510
f 145/2/511 144/234/511 115/444/511 133/3/511
f 181/445/512 176/246/513 358/446/513 357/447/513
f 497/448/514 512/449/515 598/414/516
f 512/449/517 658/450/518 598/414/519
f 613/451/520 595/452/521 619/453/522
f 615/434/523 617/454/523 614/369/523
f 618/455/524 594/456/525 614/369/525
f 814/457/526 799/458/527 798/459/528 836/460/529
f 565/420/530 623/419/530 605/461/531
f 206/31/532 201/12/532 200/462/532 205/32/532
f 230/388/533 229/163/533 224/463/534 223/389/535
f 289/464/536 262/465/536 287/466/536
f 85/467/537 932/159/537 262/424/538
f 932/159/539 714/425/539 262/424/540
f 934/468/541 711/469/541 714/425/541
f 711/469/542 750/470/542 714/425/542
f 750/470/543 755/471/543 714/425/543
f 755/471/544 715/472/544 714/425/544
f 715/472/545 765/473/545 714/425/545
f 765/473/546 758/474/546 714/425/546
f 758/474/547 720/475/547 714/425/547
f 720/475/548 712/426/548 714/425/548
f 932/159/549 933/158/549 934/468/549
f 932/159/549 934/468/549 714/425/549
f 457/91/550 456/57/550 455/52/550 446/476/551
f 729/477/552 698/266/552 473/478/552 490/479/552
f 725/480/553 762/429/554 728/428/554
f 724/481/555 722/482/556 762/429/557
f 724/481/558 761/483/559 722/482/560
f 795/484/561 824/485/561 718/486/562
f 824/485/563 797/487/563 718/486/564
f 797/487/565 842/430/565 718/486/566
f 798/459/567 843/488/568 842/430/568
f 843/488/569 813/83/569 842/430/569
f 844/489/570 798/490/571 813/83/571
f 803/433/572 837/432/572 850/431/572
f 580/491/573 566/492/573 562/493/573 543/494/573
f 244/495/574 238/288/575 248/206/576 249/496/577
f 674/497/578 406/498/578 847/499/579
f 406/498/580 428/500/580 847/499/581
f 406/498/582 388/501/582 428/500/582
f 704/502/583 812/364/583 821/324/584 695/503/583
f 323/504/585 90/505/586 91/506/586 324/507/587
f 425/508/588 567/509/589 591/510/590
f 878/377/591 868/511/591 882/512/592 888/276/591
f 126/513/593 70/514/594 658/515/594
f 70/514/595 122/516/596 658/450/597
f 512/449/598 514/517/598 658/450/599
f 506/518/600 110/519/601 658/515/602
f 501/520/603 512/449/604 497/448/605
f 496/521/606 514/517/606 512/449/606
f 502/522/607 496/521/608 512/449/608
f 542/523/609 500/524/610 595/452/611
f 542/523/612 596/525/613 500/524/614
f 597/526/615 507/527/616 500/524/617
f 507/527/618 520/528/618 501/520/619
f 96/529/620 101/530/620 100/531/621 99/532/622
f 319/533/623 318/179/623 89/178/623 95/534/624
f 300/535/625 299/242/626 315/536/625 314/252/625
f 316/183/627 315/536/628 299/242/629 348/184/628
f 295/160/630 932/159/630 85/467/630
f 743/537/631 711/469/631 934/468/631
f 933/158/632 66/538/632 67/539/632
f 933/158/632 67/539/632 934/468/632
f 67/539/633 20/540/633 934/468/633
f 20/540/634 743/537/634 934/468/634
f 743/537/635 750/470/635 711/469/635
f 743/537/636 755/471/636 750/470/636
f 743/537/637 751/541/637 755/471/637
f 735/542/638 715/472/638 755/471/638
f 735/542/639 765/473/639 715/472/639
f 768/543/640 716/544/640 765/473/640
f 716/544/641 759/545/641 765/473/641
f 759/48/642 717/546/643 726/49/643
f 727/547/644 764/548/645 725/480/646
f 764/548/647 795/484/647 724/481/648
f 764/548/649 763/549/649 795/484/649
f 763/549/650 785/550/650 795/484/650
f 785/550/651 824/485/651 795/484/651
f 593/551/652 605/552/653 581/553/654 589/554/655
f 142/555/656 71/231/656 131/292/656 132/556/656
f 203/557/657 198/558/657 355/559/657 354/260/657
f 689/560/658 396/561/658 846/562/658
f 396/561/659 427/563/659 846/562/659
f 427/564/660 404/565/661 846/562/661
f 404/565/662 665/566/662 846/562/662
f 665/566/663 674/497/663 846/567/664
f 162/155/665 163/256/666 158/568/667 139/569/668
f 388/501/669 406/498/669 674/497/669
f 665/566/670 388/501/670 674/497/670
f 665/566/671 416/570/671 388/501/671
f 396/561/672 387/571/672 427/563/672
f 673/572/673 845/573/673 426/574/673
f 845/573/674 407/575/674 426/574/674
f 387/571/675 673/572/675 426/574/675
f 407/575/676 672/576/676 425/508/677
f 672/576/678 368/577/678 425/508/679
f 368/577/680 403/578/680 425/508/681
f 576/333/682 568/332/682 425/508/683
f 853/579/684 807/580/685 818/581/684 823/582/684
f 851/583/686 805/437/686 800/584/687 799/458/688
f 660/585/689 108/586/689 110/587/689
f 506/518/690 515/588/691 110/519/692
f 515/588/693 660/585/693 110/587/693
f 513/589/694 515/588/695 506/518/696
f 502/522/697 511/590/698 496/521/698
f 520/528/699 508/591/699 502/522/700
f 541/592/701 532/593/702 596/525/702
f 532/593/703 521/594/703 596/525/703
f 521/594/704 507/527/704 597/526/705
f 718/486/706 842/430/707 841/82/707 760/397/707
f 289/464/708 260/595/709 294/596/708 297/597/708
f 731/326/710 819/598/711 825/599/712 778/600/713
f 807/580/714 853/579/715 855/601/716
f 420/602/717 544/603/718 556/604/718 421/400/718
f 231/192/719 237/605/719 230/388/719 216/193/719
f 301/606/720 86/607/721 933/158/721
f 86/607/722 66/538/722 933/158/722
f 20/608/723 21/609/724 743/537/725
f 21/609/726 37/610/727 743/537/727
f 37/610/728 751/541/728 743/537/728
f 66/538/729 14/611/729 38/612/729
f 66/538/730 38/612/730 39/613/730
f 66/538/731 39/613/731 40/614/731
f 66/538/731 40/614/731 13/615/731
f 66/538/732 13/615/732 65/616/732
f 66/538/733 65/616/733 64/617/733
f 66/538/734 64/617/734 41/618/734
f 66/538/731 41/618/731 12/619/731
f 66/538/731 12/619/731 42/620/731
f 66/538/735 42/620/735 11/621/735
f 66/538/736 11/621/736 43/622/736
f 66/538/737 43/622/737 44/623/737
f 66/538/731 44/623/731 10/624/731
f 66/538/736 10/624/736 9/625/738
f 66/538/731 9/625/739 45/626/731
f 66/538/733 45/626/733 46/627/733
f 66/538/732 46/627/732 47/628/732
f 66/538/740 47/628/740 8/629/740
f 66/538/735 8/629/735 48/630/735
f 66/538/733 48/630/733 7/631/733
f 66/538/736 7/631/736 6/632/741
f 66/538/742 6/632/743 5/633/744
f 66/538/731 5/633/745 49/634/731
f 66/538/735 49/634/735 4/635/735
f 66/538/733 4/635/733 63/636/733
f 66/538/731 63/636/731 50/637/731
f 66/538/731 50/637/731 3/638/731
f 66/538/731 3/638/731 2/639/731
f 66/538/731 2/639/731 51/640/731
f 66/538/746 51/640/746 1/641/746
f 66/538/732 1/641/732 52/642/732
f 66/538/733 52/642/733 53/643/733
f 66/538/731 53/643/731 19/644/731
f 66/538/735 19/644/735 54/645/735
f 66/538/746 54/645/746 55/646/746
f 66/538/732 55/646/732 18/647/732
f 66/538/731 18/647/731 62/648/731
f 66/538/731 62/648/731 56/649/731
f 66/538/731 56/649/731 57/650/731
f 66/538/731 57/650/731 17/651/731
f 66/538/735 17/651/735 58/652/735
f 66/538/740 58/652/740 16/653/740
f 66/538/732 16/653/732 61/654/732
f 66/538/731 61/654/731 60/655/731
f 66/538/735 60/655/735 59/656/735
f 66/538/731 59/656/731 15/657/731
f 66/538/733 15/657/733 27/658/733
f 66/538/732 27/658/732 28/659/732
f 66/538/746 28/659/746 29/228/746
f 66/538/735 29/228/735 68/227/735
f 66/538/731 68/227/731 30/660/731
f 66/538/742 30/660/742 31/440/747
f 66/538/731 31/440/748 32/439/731
f 66/538/736 32/439/736 33/661/736
f 66/538/735 33/661/735 26/662/735
f 66/538/731 26/662/731 34/663/731
f 66/538/736 34/663/736 25/664/736
f 66/538/734 25/664/734 24/665/749
f 66/538/740 24/665/750 23/666/751
f 66/538/731 23/666/752 35/667/731
f 66/538/733 35/667/733 22/668/733
f 66/538/731 22/668/731 36/669/731
f 66/538/731 36/669/731 37/610/731
f 66/538/735 37/610/735 21/609/753
f 66/538/733 21/609/754 20/608/755
f 66/538/731 20/608/756 67/539/731
f 37/610/757 744/442/757 751/541/757
f 754/670/758 736/671/758 756/672/758
f 736/671/759 757/673/759 756/672/759
f 757/673/760 766/674/760 756/672/760
f 766/674/761 734/675/761 756/672/761
f 717/546/762 716/544/762 768/543/762
f 610/331/763 622/367/763 654/240/763 462/239/764
f 717/546/765 759/48/766 716/544/765
f 771/676/767 763/549/767 764/548/767
f 771/676/768 796/677/768 763/549/768
f 796/677/769 785/550/769 763/549/769
f 796/677/770 771/676/770 784/678/771
f 570/679/772 629/313/773 624/70/773 635/73/774
f 579/680/775 566/492/776 593/551/777 592/681/778
f 566/492/779 579/680/780 561/682/779 562/683/779
f 916/684/781 873/685/782 862/686/783 847/499/784
f 369/687/785 396/561/785 689/560/785
f 369/687/786 379/688/786 396/561/786
f 379/688/787 387/571/787 396/561/787
f 416/570/788 665/566/788 404/565/788
f 673/572/789 369/687/789 845/421/790
f 692/323/791 368/577/791 845/421/792
f 368/577/793 672/576/793 845/421/794
f 672/576/795 407/575/795 845/573/795
f 387/571/796 379/688/796 369/687/796
f 673/572/797 387/571/797 369/687/797
f 692/323/798 702/689/798 368/577/798
f 702/689/799 403/578/799 368/577/799
f 702/689/800 395/690/800 403/578/800
f 395/690/801 417/691/802 403/578/801
f 395/690/803 564/692/803 417/691/804
f 564/692/805 563/402/805 424/401/806
f 694/693/807 692/323/807 821/694/807 811/363/807
f 606/435/808 580/695/809 543/494/808 616/696/810
f 576/333/811 424/401/812 421/400/811 556/604/811
f 53/697/813 100/698/813 660/585/813
f 100/698/814 69/699/814 660/585/814
f 69/699/815 108/586/815 660/585/815
f 515/588/816 19/644/816 53/643/816
f 515/588/816 53/643/816 660/585/816
f 85/467/817 261/700/818 296/701/817 295/160/817
f 144/234/819 134/33/819 116/36/820 115/702/821
f 513/589/822 510/703/823 515/588/823
f 509/704/824 519/705/825 515/588/825
f 519/705/826 484/344/826 515/588/826
f 484/344/827 19/644/827 515/588/827
f 595/452/828 499/706/828 655/358/828 619/453/829
f 203/557/830 213/707/830 209/150/831 207/153/832
f 849/708/833 868/511/833 878/377/833 869/378/833
f 522/709/834 532/593/834 541/592/835
f 614/369/836 608/368/836 565/420/836 615/434/836
f 577/710/837 567/509/837 558/711/838 559/712/839
f 805/437/840 804/80/840 813/83/840 800/713/840
f 344/177/841 105/176/841 104/714/842 97/715/843
f 369/687/844 689/560/844 846/567/845 845/421/846
f 311/716/847 330/717/848 86/607/848
f 330/717/849 14/611/849 86/607/849
f 14/611/850 66/538/850 86/607/850
f 36/669/851 744/442/851 37/610/851
f 36/669/852 22/668/852 744/442/852
f 22/668/853 35/667/853 744/442/853
f 35/667/854 23/666/855 744/442/854
f 23/666/856 24/665/857 744/442/858
f 24/665/859 25/718/860 744/442/861
f 25/664/862 34/663/862 744/442/862
f 34/663/863 26/662/863 744/442/863
f 26/662/864 33/661/864 744/442/864
f 33/661/865 32/719/865 744/442/865
f 27/658/866 15/657/866 469/46/866 475/45/866
f 739/720/867 754/670/867 748/721/868
f 739/720/869 747/722/869 754/670/869
f 747/722/870 737/723/870 754/670/870
f 766/674/871 757/673/871 736/671/871
f 774/724/872 773/725/872 770/726/873
f 694/693/874 693/727/874 692/323/874
f 693/727/875 702/689/875 692/323/875
f 693/727/876 395/690/876 702/689/876
f 693/727/877 564/692/877 395/690/877
f 693/727/878 666/728/878 564/692/878
f 666/728/879 563/402/879 564/692/879
f 666/728/880 694/693/880 563/402/880
f 694/693/881 703/729/881 418/730/881
f 694/693/881 418/730/881 563/402/881
f 423/362/882 422/361/882 421/400/882
f 422/361/883 383/731/883 421/400/883
f 104/714/884 105/176/885 343/175/885 106/262/885
f 52/732/886 100/698/886 53/697/886
f 89/178/887 344/177/887 97/715/888 95/534/889
f 101/733/890 69/699/891 100/698/891
f 52/642/892 1/641/892 100/698/892
f 518/734/893 485/345/894 484/344/894
f 483/123/895 476/735/895 484/344/895
f 476/735/896 54/645/896 484/344/896
f 54/645/897 19/644/897 484/344/897
f 530/736/898 525/737/898 539/738/899
f 304/739/900 293/740/901 292/741/901 303/243/902
f 339/742/903 345/180/904 318/179/904 319/533/904
f 834/743/905 695/503/906 818/744/906
f 695/503/907 823/582/907 818/581/907
f 787/745/908 865/746/909 869/378/909 788/747/910
f 319/533/911 95/534/912 94/748/911 320/749/911
f 87/750/913 39/751/913 330/752/914
f 39/613/915 38/753/915 330/752/916
f 38/612/917 14/611/917 330/717/917
f 678/226/918 699/754/918 710/441/918
f 31/440/919 30/755/920 710/441/921
f 30/660/922 68/227/922 710/441/922
f 68/227/923 678/226/923 710/441/923
f 662/756/924 745/268/925 699/754/924
f 678/226/926 393/44/926 700/757/926
f 662/756/927 380/758/927 745/268/928
f 380/758/929 677/265/929 745/268/930
f 43/622/931 11/621/931 334/759/932 88/760/931
f 698/266/933 729/477/933 746/267/934
f 729/477/935 749/761/935 746/267/936
f 749/761/937 739/720/937 746/267/938
f 749/761/939 752/762/939 739/720/939
f 738/763/940 737/723/941 747/722/941
f 738/763/942 749/761/943 737/723/943
f 775/764/944 767/765/945 742/766/946
f 812/364/947 811/363/947 821/694/947
f 564/692/948 424/401/949 425/508/950 417/691/951
f 811/363/952 703/729/952 694/693/952
f 666/728/953 693/727/953 694/693/953
f 703/729/954 811/363/954 423/362/954
f 671/767/955 383/731/955 422/361/955
f 812/364/956 671/767/956 422/361/956
f 671/767/957 708/768/957 383/769/958
f 708/768/959 695/503/959 386/770/960
f 695/503/961 400/771/961 386/770/962
f 400/771/963 667/772/963 386/770/964
f 667/772/965 420/602/966 386/770/967
f 696/773/968 399/774/968 420/775/968
f 399/774/969 385/776/969 420/775/969
f 667/772/970 696/773/970 420/775/970
f 1/641/971 51/640/971 91/777/972
f 51/640/973 325/778/974 91/506/973
f 86/607/975 301/606/976 307/779/977 311/716/978
f 486/780/979 485/345/979 518/734/980
f 486/780/981 503/781/981 485/345/981
f 503/781/982 482/782/982 485/345/982
f 482/782/983 477/343/983 485/345/983
f 469/46/984 62/648/984 483/123/984
f 62/648/985 18/647/985 483/123/985
f 18/647/986 55/646/986 483/123/986
f 55/646/987 54/783/987 483/123/987
f 54/645/988 476/735/988 483/123/988
f 517/784/989 503/781/990 486/780/990
f 163/256/991 74/102/992 73/100/992 158/99/992
f 261/785/993 289/464/993 297/786/994 296/269/995
f 487/787/996 529/788/996 537/789/997
f 529/788/998 530/736/998 538/790/999
f 628/354/1000 627/308/1000 441/303/1000 430/353/1001
f 495/791/1002 503/781/1002 517/784/1003
f 291/186/1004 292/792/1005 290/793/1006 349/187/1004
f 106/794/1007 113/261/1008 103/795/1009 104/714/1010
f 102/796/1011 112/797/1012 111/798/1011 96/529/1011
f 667/772/1013 400/771/1013 695/503/1013
f 334/759/1014 65/616/1015 87/750/1015
f 65/616/1016 13/615/1016 87/750/1016
f 13/615/1017 40/614/1017 87/750/1017
f 40/614/1018 39/613/1018 87/750/1018
f 620/370/1019 655/358/1019 600/799/1020 612/418/1021
f 393/44/1022 662/756/1022 700/800/1023
f 393/44/1024 474/801/1024 662/756/1024
f 474/801/1025 470/802/1025 662/756/1025
f 470/802/1026 380/758/1026 662/756/1026
f 470/802/1027 394/803/1027 677/265/1027
f 470/802/1028 677/265/1028 380/758/1028
f 394/803/1029 473/478/1029 698/266/1029
f 394/803/1030 698/266/1030 677/265/1030
f 687/126/1031 690/220/1031 432/129/1032 433/804/1033
f 490/479/1034 397/805/1034 729/477/1034
f 397/805/1035 697/806/1035 729/477/1035
f 738/763/1036 752/762/1037 749/761/1037
f 733/807/1038 780/808/1039 777/809/1040
f 704/502/1041 671/767/1041 812/364/1041
f 650/139/1042 644/96/1042 465/61/1042 459/94/1042
f 367/810/1043 385/776/1043 399/774/1043
f 688/811/1044 367/810/1045 399/774/1045
f 367/810/1046 392/812/1046 385/776/1046
f 392/812/1047 670/813/1047 385/776/1047
f 382/814/1048 375/815/1048 820/816/1048
f 382/814/1049 820/816/1049 705/817/1049
f 382/814/1050 705/817/1050 419/818/1051
f 705/817/1052 398/819/1052 419/818/1053
f 398/819/1054 384/820/1054 419/818/1055
f 384/820/1056 534/821/1056 419/822/1056
f 51/640/1057 2/639/1057 325/778/1058
f 187/823/1059 200/462/1059 201/12/1059 77/11/1059
f 504/824/1060 481/825/1061 482/782/1061
f 481/825/1062 471/826/1062 482/782/1062
f 675/827/1063 730/828/1063 697/806/1063 706/829/1064
f 373/74/1065 79/830/1066 222/69/1067 679/68/1065
f 15/657/1068 59/656/1068 469/46/1068
f 59/656/1069 60/655/1069 469/46/1069
f 60/655/1070 61/654/1070 469/46/1070
f 61/654/1071 16/653/1071 469/46/1071
f 16/653/1072 58/652/1072 469/46/1072
f 58/652/1073 17/651/1073 469/46/1073
f 17/651/1074 57/650/1074 469/46/1074
f 57/650/1075 56/831/1075 469/46/1075
f 56/649/1076 62/648/1076 469/46/1076
f 384/820/1077 669/832/1077 534/821/1077
f 669/832/1078 819/325/1078 534/328/1079
f 390/833/1080 487/787/1080 535/834/1080
f 731/326/1081 390/833/1081 535/834/1081
f 668/835/1082 391/836/1082 487/787/1082
f 390/833/1083 668/835/1083 487/787/1083
f 492/837/1084 505/838/1084 494/839/1085
f 516/840/1086 531/841/1087 495/842/1088
f 402/9/1089 201/12/1089 206/31/1089 374/41/1089
f 48/630/1090 8/629/1090 88/760/1090 338/843/1091
f 11/621/1092 42/620/1092 334/759/1093
f 42/620/1094 12/619/1094 334/759/1095
f 12/619/1096 41/618/1096 334/759/1097
f 41/618/1098 64/617/1098 334/759/1099
f 64/617/1100 65/616/1100 334/759/1101
f 29/228/1102 28/659/1102 393/44/1102
f 28/659/1103 475/45/1103 393/44/1103
f 472/844/1104 492/837/1105 490/845/1106
f 489/846/1107 707/847/1108 397/805/1108
f 706/829/1109 697/806/1110 397/805/1110
f 668/835/1111 390/833/1111 732/848/1112
f 669/832/1113 366/849/1113 819/325/1113
f 375/815/1114 670/813/1114 820/816/1114
f 670/813/1115 367/810/1115 820/850/1116
f 670/813/1117 392/812/1117 367/810/1117
f 375/815/1118 382/814/1118 670/813/1118
f 366/849/1119 398/819/1119 705/817/1119
f 366/849/1120 384/820/1120 398/819/1120
f 366/849/1121 669/832/1121 384/820/1121
f 2/639/1122 3/638/1122 342/851/1123
f 492/837/1124 479/852/1124 504/824/1125
f 479/852/1126 480/853/1126 504/824/1127
f 480/854/1128 491/855/1129 471/826/1129
f 491/855/1130 479/852/1130 471/826/1130
f 479/852/1131 492/837/1131 472/844/1132
f 28/659/1133 27/658/1133 475/45/1133
f 381/856/1134 391/836/1134 668/835/1134
f 381/856/1135 488/857/1136 391/836/1135
f 381/856/1137 707/847/1137 489/846/1138
f 366/849/1139 705/817/1139 820/850/1140 819/598/1141
f 8/629/1142 47/628/1142 88/760/1142
f 47/628/1143 46/627/1143 88/760/1143
f 46/627/1144 45/626/1144 88/760/1144
f 45/626/1145 9/625/1146 88/760/1145
f 9/625/1147 10/858/1148 88/760/1149
f 10/624/1150 44/623/1150 88/760/1150
f 44/623/1151 43/859/1151 88/760/1151
f 381/856/1152 376/860/1152 706/861/1152
f 376/860/1153 675/827/1153 706/861/1153
f 376/860/1154 381/856/1154 675/862/1155
f 3/638/1156 50/637/1156 326/863/1157
f 50/637/1158 63/636/1158 326/863/1159
f 491/855/1160 480/854/1161 479/852/1160
f 63/636/1162 4/635/1162 338/843/1163
f 4/635/1164 49/634/1164 338/843/1165
f 49/634/1166 5/633/1167 338/843/1168
f 5/633/1169 6/632/1170 338/843/1171
f 6/632/1172 7/864/1173 338/843/1174
f 7/631/1175 48/630/1175 338/843/1176
f 723/865/1177 724/481/1178 718/486/1179
f 745/268/1180 746/267/1181 748/721/1182
f 730/866/1183 732/848/1184 733/867/1185
f 730/866/1186 733/867/1185 740/868/1187
f 737/869/1188 741/870/1189 742/766/1190
f 737/869/1188 742/766/1190 736/871/1191
f 825/599/1192 819/598/1193 829/872/1194
f 829/872/1195 819/598/1196 820/850/1197
f 829/872/1195 820/850/1197 833/873/1198
f 831/874/1199 830/875/1200 835/876/1201
f 835/876/1201 830/875/1200 834/743/1202
f 826/877/1203 825/599/1192 830/875/1200
f 830/875/1200 825/599/1192 829/872/1194
f 766/878/1204 767/765/1205 770/726/1206
f 768/879/1207 770/726/1206 769/880/1208
f 775/764/1209 776/881/1210 774/882/1211
f 774/882/1211 776/881/1210 777/809/1212
f 798/459/1213 799/458/1214 800/584/1215
f 857/883/1216 850/884/1217 851/885/1218
f 851/885/1218 852/316/1219 857/883/1216
f 857/883/1216 856/886/1220 861/887/1221
f 861/887/1221 856/886/1220 860/888/1222
f 865/889/1223 864/890/1224 849/891/1225
f 849/891/1225 864/890/1224 848/892/1226
f 863/893/1227 864/890/1224 859/894/1228
f 858/895/1229 859/894/1228 854/422/1230
f 864/890/1224 860/888/1222 859/894/1228
f 859/894/1228 855/601/1231 854/422/1232
f 881/896/1233 879/384/1234 874/338/1235
f 897/897/1236 895/274/1237 896/898/1238
f 886/375/1239 887/899/1240 885/900/1241
f 881/896/1242 880/901/1243 882/512/1244
f 906/302/1245 907/125/1246 910/902/1247
f 910/902/1247 907/125/1248 908/903/1249
f 920/904/1250 923/387/1251 919/299/1252
f 919/299/1252 923/387/1251 921/905/1253
f 919/299/1254 921/905/1253 918/301/1255
f 921/905/1253 913/408/1256 922/906/1257
f 876/907/1258 877/277/1259 880/901/1243
f 880/901/1243 877/277/1260 882/512/1244
f 792/908/1261 801/909/1262 802/81/1263
f 490/845/1264 494/839/1265 489/846/1266
f 489/846/1266 494/839/1265 488/857/1267
f 539/738/1268 540/910/1269 554/911/1270
f 555/912/1271 541/592/1272 542/523/1273
f 555/912/1271 542/523/1273 551/913/1274
f 538/790/1275 553/914/1276 537/789/1277
f 537/789/1277 553/914/1278 552/915/1279
f 537/789/1280 552/915/1279 536/916/1281
f 547/917/1282 546/918/1283 551/913/1274
f 551/913/1274 546/918/1284 550/919/1285
f 549/920/1286 545/921/1287 544/922/1288
f 548/923/1289 549/920/1286 544/922/1290
f 538/790/1275 539/738/1291 553/914/1276
f 553/914/1276 539/738/1291 554/911/1270
f 527/924/1292 525/925/1293 517/784/1294
f 527/924/1292 526/926/1295 528/927/1296
f 478/47/1297 471/928/1298 472/844/1299
f 474/929/1300 478/47/1297 472/844/1299
f 516/840/1301 517/784/1294 525/925/1293
f 528/927/1296 523/930/1302 524/931/1303
f 636/932/1304 638/224/1305 637/72/1306
f 636/932/1304 631/95/1307 632/933/1308
f 636/932/1304 632/933/1309 633/225/1310
f 446/476/1311 447/88/1312 445/135/1313
f 415/349/1314 430/353/1315 431/304/1316
f 443/222/1317 438/934/1318 442/935/1319
f 586/936/1320 587/937/1321 582/938/1322
f 592/681/1323 588/939/1324 587/937/1321
f 587/937/1321 583/940/1325 582/938/1322
f 582/938/1322 583/940/1325 574/941/1326
f 582/938/1327 574/941/1326 575/942/1328
f 583/940/1325 584/943/1329 572/381/1330
f 583/940/1325 572/381/1330 573/356/1331
f 589/554/1332 581/553/1333 585/944/1334
f 584/943/1329 585/944/1334 570/679/1335
f 584/943/1329 570/679/1336 571/379/1337
f 607/945/1338 608/366/1339 605/461/1340
f 605/461/1340 608/366/1339 609/946/1341
f 587/937/1321 591/510/1342 592/681/1323
f 571/379/1337 572/381/1330 584/943/1329
f 573/356/1331 574/941/1326 583/940/1325
f 339/742/1343 340/947/1344 335/948/1345
f 335/948/1345 340/947/1344 336/949/1346
f 331/950/1347 332/951/1348 327/952/1349
f 327/952/1349 332/951/1348 328/953/1350
f 340/947/1344 320/954/1351 321/955/1352
f 287/956/1353 283/957/1354 282/958/1355
f 287/956/1356 282/958/1357 286/959/1358
f 306/270/1359 296/269/1360 297/786/1361
f 300/251/1362 304/739/1363 303/243/1364
f 266/960/1365 267/961/1366 251/962/1367
f 266/960/1365 251/962/1367 252/963/1368
f 256/189/173 281/964/1369 277/965/1370
f 277/965/1370 281/964/1369 282/958/1357
f 277/965/1370 282/958/1357 278/966/1371
f 255/967/173 269/968/1372 254/969/1373
f 254/969/1373 269/968/1372 265/970/1374
f 250/971/1375 244/495/1376 249/496/1377
f 278/966/1378 274/972/1379 273/973/1380
f 278/966/1371 273/973/1380 277/965/1370
f 286/959/1358 259/974/1381 260/595/1382
f 286/959/1358 260/595/1383 287/956/1353
f 242/341/1384 235/975/1385 241/289/1386
f 243/342/1387 233/271/1388 234/339/1389
f 236/976/1390 237/977/1391 240/15/1392
f 223/389/1393 224/463/534 219/438/1394
f 219/438/1394 224/463/534 220/978/1395
f 219/438/1394 220/978/1395 214/979/1396
f 214/979/1396 220/978/1395 213/980/1397
f 221/981/1398 222/69/1399 210/982/1400
f 224/463/534 217/162/1401 225/983/1402
f 205/984/1403 202/985/1404 204/986/1405
f 93/987/1406 94/988/1407 98/989/1408
f 129/263/1409 125/990/1410 124/991/1411
f 119/992/1412 120/993/1413 115/702/1414
f 119/992/1412 115/702/1414 116/36/1415
f 116/36/1415 117/35/1416 119/992/1412
f 119/992/1412 117/35/1416 118/416/1417
f 124/991/1418 128/264/1419 129/263/1409
f 128/264/1420 127/994/1421 112/797/1422
f 128/264/1423 112/797/1422 113/261/1424
f 145/110/1425 146/109/1426 147/995/1427
f 147/995/1427 146/109/1428 151/996/1429
f 157/101/1430 156/156/1431 139/569/1432
f 143/34/1433 141/235/1434 142/997/1435
f 150/998/1436 136/999/1437 154/1000/1438
f 150/998/1436 151/996/1429 146/109/1439
f 171/1001/1440 166/249/1441 167/1002/1442
f 172/257/1443 171/1001/1440 167/1002/1442
f 168/1003/1444 173/258/1445 172/257/1443
f 191/1004/1446 180/1005/1447 190/1006/1448
f 184/8/1449 194/1007/1450 193/213/1451
f 185/1008/1452 186/1009/1453 195/287/1454
f 185/1008/1455 195/287/1456 194/1007/1450
f 194/1007/1450 190/1006/1448 189/1010/1457
f 212/151/1458 221/981/1459 211/1011/1460
f 211/1011/1460 221/981/1459 210/982/1400
f 214/979/1396 215/259/1461 219/438/1394
f 98/989/1408 99/532/1462 93/987/1463
f 93/987/1406 99/532/1462 92/1012/1464
f 257/1013/173 281/964/1369 256/189/173
f 240/15/1392 241/289/1386 236/976/1390
f 193/213/1451 194/1007/1450 189/1010/1457
f 90/505/1465 99/532/1466 100/531/1467 91/777/1468
f 852/1014/1469 851/885/1470 799/1015/1469 814/457/1469
f 209/150/1471 220/978/1472 221/981/1473 212/151/1474
f 76/20/1475 187/823/1476 77/11/1476
f 408/10/1477 76/20/1478 77/1016/1479
f 196/19/1480 197/1017/1481 187/1018/1482
f 197/28/1483 200/27/1484 187/823/1485
f 76/20/1486 196/19/1487 187/1018/1488
f 159/154/1489 156/156/1490 155/149/1491 138/255/1492
f 202/985/1405 205/984/1403 200/462/1493
f 856/886/1494 855/601/1495 859/894/1496 860/888/1497
f 401/43/1498 444/17/1498 402/1019/1498
f 412/1020/1499 411/1021/1500 408/10/1501
f 411/1021/1502 410/22/1503 408/10/1504
f 188/1022/1505 195/287/1506 196/19/1507
f 466/23/1508 188/1022/1509 196/19/1510
f 204/152/1511 212/151/1512 211/1011/1513
f 342/851/1514 341/1023/1515 323/504/1516 324/507/1517
f 222/69/1518 79/1024/1519 210/982/1520
f 79/830/1521 78/1025/1522 210/29/1523
f 79/830/1524 373/74/1525 78/1025/1526
f 373/78/1527 681/37/1528 374/39/1529
f 174/104/1530 169/103/1530 173/258/1531 168/1003/1532
f 409/53/1533 411/1021/1534 412/1020/1535
f 409/53/1536 410/22/1537 411/1021/1538
f 192/1026/1539 188/1022/1540 466/23/1541
f 192/1026/1542 191/1004/1543 188/1022/1544
f 191/1004/1545 190/1006/1546 188/1022/1547
f 190/1006/1548 194/1007/1549 188/1022/1550
f 194/1007/1551 195/287/1552 188/1022/1553
f 330/717/1554 311/716/1555 312/1027/1556 329/1028/1557
f 863/893/1558 862/686/1559 872/1029/1560 871/406/1561
f 194/1007/1562 184/8/1563 185/1008/1564
f 808/1030/1565 809/1031/1566 816/1032/1565 817/1033/1565
f 853/320/1567 806/319/1568 854/422/1569 855/601/1570
f 220/978/1571 218/1034/1572 221/981/1573
f 218/1035/1574 222/69/1575 221/981/1576
f 218/1035/1577 898/67/1578 222/69/1579
f 682/1036/1580 683/77/1581 373/74/1582
f 232/340/1583 228/1037/1584 217/162/1585 235/161/1586
f 448/90/1587 445/135/1588 447/88/1589
f 753/1038/1590 756/672/1590 755/471/1590 751/541/1590
f 632/933/1591 631/95/1592 639/58/1593
f 636/932/1304 640/93/1594 631/95/1307
f 904/286/1595 910/1039/1595 683/77/1596 905/122/1595
f 721/51/1597 728/50/1598 713/427/1599 712/1040/1600
f 468/144/1601 656/97/1602 467/1041/1603
f 153/1042/1604 152/1043/1605 72/63/1606
f 152/1043/1607 151/996/1608 72/63/1609
f 151/996/1610 155/149/1611 72/63/1612
f 155/149/1613 156/156/1614 72/63/1615
f 156/156/1616 157/101/1617 72/63/1618
f 139/569/1619 158/99/1620 157/101/1621
f 179/165/1622 192/1026/1623 661/65/1624
f 94/988/1625 95/534/1626 97/715/1627 98/989/1628
f 178/167/1629 180/1005/1630 191/1004/1631
f 180/1005/1632 177/248/1633 190/1006/1634
f 835/876/1635 836/460/1636 832/1044/1637 831/874/1638
f 213/980/1639 220/978/1640 209/150/1641
f 578/1045/1642 577/1046/1643 559/712/1644 560/1047/1645
f 98/989/1646 97/715/1647 104/714/1648 103/795/1649
f 224/463/1650 218/1034/1651 220/978/1652
f 224/463/1653 225/983/1654 218/1034/1655
f 225/983/1656 226/118/1657 218/1035/1658
f 226/118/1659 898/67/1660 218/1035/1661
f 905/122/1662 683/77/1663 682/1036/1664
f 99/532/1665 98/1048/1666 103/1049/1667 102/1050/1668
f 445/135/1669 457/91/1670 446/476/1671
f 433/804/1672 432/129/1673 440/131/1674
f 450/1051/1675 449/132/1676 440/131/1677
f 454/133/1678 439/89/1679 440/1052/1680
f 633/225/1681 632/933/1682 457/91/1683
f 633/225/1684 638/224/1685 636/932/1686
f 637/72/1687 640/93/1688 636/932/1689
f 464/141/1690 652/143/1691 644/142/1692
f 650/230/1693 648/140/1694 644/96/1695
f 657/233/1696 141/232/1696 656/1053/1696
f 141/235/1697 149/1054/1698 656/1053/1699
f 149/1054/1700 140/1055/1701 656/1053/1702
f 140/1055/1703 153/1042/1704 656/97/1705
f 601/146/1706 657/233/1706 656/1053/1706
f 140/1055/1707 152/1043/1708 153/1042/1709
f 140/1055/1710 151/996/1711 152/1043/1712
f 327/952/1713 315/1056/1714 316/183/1715 317/1057/1716
f 140/1055/1717 147/995/1718 151/996/1719
f 154/1000/1720 137/147/1721 155/149/1722
f 160/148/1723 138/255/1724 155/149/1725
f 162/155/1726 139/569/1727 156/156/1728
f 847/499/1729 862/686/1730 858/895/1731 846/567/1732
f 227/1058/1733 228/1037/1734 234/339/1735 233/271/1736
f 211/1011/1737 210/982/1738 205/984/1739 204/152/1740
f 168/166/1741 175/1059/1742 178/1060/1743
f 259/1061/1744 290/198/1744 292/741/1744 293/740/1744
f 113/1062/1745 112/797/1746 102/1050/1747 103/1049/1748
f 256/189/1749 277/965/1750 273/973/1751 350/190/1752
f 340/947/1753 339/742/1754 319/533/1755 320/749/1755
f 214/979/1756 213/980/1757 203/557/1758
f 836/460/1759 798/459/1760 797/487/1761 832/1044/1762
f 183/5/169 357/170/169 358/446/169
f 183/5/169 358/446/169 359/1063/169
f 183/5/169 359/1063/169 360/1064/169
f 183/5/169 360/1064/169 361/1065/169
f 183/5/169 361/1065/169 362/171/169
f 183/5/169 136/172/169 135/108/1763
f 183/5/169 364/106/169 365/173/169
f 183/5/169 345/180/169 346/1066/169
f 183/5/169 346/1066/169 347/181/169
f 183/5/169 317/182/169 316/183/1764
f 183/5/169 258/188/169 257/1013/1765
f 183/5/169 257/1013/1766 256/189/1767
f 183/5/169 255/191/169 254/969/1768
f 183/5/169 254/969/1769 253/13/1770
f 183/5/169 352/194/169 353/195/169
f 183/5/169 354/197/169 355/559/169
f 352/390/1771 223/389/1772 219/438/1773 353/195/1771
f 229/163/1774 217/162/1775 224/463/534
f 365/173/1776 364/1067/1776 121/107/1777 125/990/1410
f 178/167/1778 191/1004/1779 192/1026/1780 179/165/1781
f 217/162/1782 228/1068/1783 225/983/1784
f 897/897/1785 896/898/1786 883/111/1787
f 929/121/1788 897/897/1789 883/1069/1790
f 511/1070/1791 510/1071/1792 513/589/1793 496/521/1794
f 890/1072/1795 877/1073/1796 889/1074/1797
f 877/277/1798 876/907/1799 889/113/1800
f 382/1075/1801 419/818/1802 420/602/1803 385/776/1804
f 911/201/1805 926/282/1806 925/1076/1807
f 652/143/1808 468/144/1809 467/1041/1810 644/96/1811
f 243/342/1812 239/204/1813 931/119/1814
f 250/971/1815 249/496/1816 81/120/1817
f 249/496/1818 248/206/1819 81/120/1820
f 251/962/1821 267/961/1822 81/120/1823
f 267/961/1824 268/208/1825 81/120/1826
f 276/212/1827 930/297/1828 929/1077/1829
f 930/297/1830 884/295/1831 929/1077/1832
f 884/1078/1833 897/897/1834 929/121/1835
f 904/286/1836 909/285/1837 910/902/1838
f 909/285/1839 903/300/1840 910/902/1841
f 903/300/1842 906/302/1843 910/902/1844
f 663/221/1845 431/304/1846 432/129/1847
f 528/927/1848 526/926/1849 508/591/1850 520/528/1850
f 451/219/1851 449/132/1852 450/1051/1853
f 451/219/1854 442/935/1855 438/934/1856
f 443/222/1857 458/136/1858 438/134/1858
f 443/222/1859 436/280/1860 633/137/1861
f 436/280/1862 437/223/1863 633/137/1864
f 437/223/1865 436/280/1866 638/224/1867
f 525/925/1868 527/924/1869 528/927/1870 524/931/1871
f 634/279/1872 625/380/1873 638/224/1874
f 783/1079/1875 827/1080/1876 828/1081/1877 784/678/1878
f 651/1082/1879 650/230/1880 641/138/1881
f 642/71/1882 651/1082/1883 641/1083/1884
f 647/229/1885 648/140/1886 650/230/1887
f 651/1082/1888 642/71/1889 650/230/1890
f 648/140/1891 647/229/1892 464/141/1893
f 71/231/1894 142/997/1895 141/235/1896
f 143/34/1897 134/33/1898 141/235/1899
f 144/1084/1900 148/1085/1901 141/235/1902
f 148/1085/1903 149/1054/1904 141/235/1905
f 148/1085/1906 140/1055/1907 149/1054/1908
f 148/1085/1909 147/995/1910 140/1055/1911
f 460/236/1912 646/237/1913 645/1086/1914
f 646/237/1915 601/146/1916 645/145/1916
f 463/1087/1917 462/239/1918 601/146/1919
f 654/293/1920 653/241/1921 601/146/1922
f 523/930/1923 528/927/1924 520/1088/1925 522/1089/1926
f 346/1090/1927 335/948/1928 331/950/1929 347/181/1927
f 136/172/1930 362/171/1930 154/1000/1931
f 176/246/1932 166/249/1933 171/1001/1934 170/1091/1935
f 165/1092/1936 170/1091/1937 160/148/1938
f 161/1093/1939 162/1094/1940 159/154/1941
f 304/739/1942 305/1095/1943 294/1096/1944 293/1097/1945
f 833/873/1946 834/743/1947 830/875/1948 829/872/1949
f 172/257/1950 175/1059/1951 168/166/1952
f 172/257/1953 167/1002/1954 175/1098/1955
f 794/1099/1956 793/398/1957 264/1100/1958 280/393/1959
f 792/908/1960 791/1101/1961 276/296/1962 264/1100/1963
f 237/977/1964 236/976/1965 229/163/1966 230/388/1966
f 180/1102/1967 178/167/1967 175/1098/1967 167/1103/1967
f 232/340/1968 234/339/1969 228/1037/1970
f 884/1078/1971 899/272/1972 897/897/1973
f 899/272/1974 895/274/1975 897/897/1976
f 891/275/1977 890/1072/1978 895/274/1979
f 891/275/1980 877/1073/1981 890/1072/1982
f 888/276/1983 882/512/1984 877/277/1985
f 233/271/1986 243/342/1987 80/202/1988
f 269/968/1989 270/1104/1990 266/960/1991 265/970/1992
f 244/495/1993 250/971/1994 243/342/1995
f 250/205/1996 239/204/1997 243/342/1998
f 586/1105/1999 582/938/2000 428/1106/2001 427/564/2002
f 238/1107/2003 242/341/2004 251/207/2005
f 242/341/2006 241/289/2007 251/207/2008
f 245/290/2009 252/963/2010 251/962/2011
f 82/209/2012 268/208/2013 267/961/2014
f 266/960/2015 82/209/2016 267/961/2017
f 266/960/2018 270/1104/2019 82/209/2020
f 270/1104/2021 271/1108/2022 82/209/2023
f 271/1108/2024 272/1109/2025 82/209/2026
f 271/1108/2027 83/211/2028 272/210/2028
f 271/1108/2029 270/1104/2030 83/211/2031
f 270/1104/2032 274/972/2033 83/211/2034
f 274/972/2035 275/1110/2036 83/211/2037
f 275/1110/2038 276/296/2039 83/211/2040
f 275/1110/2041 264/1100/2042 276/296/2043
f 791/218/2044 790/294/2045 276/296/2046
f 900/298/2047 894/336/2048 884/1078/2049
f 894/336/2050 899/272/2051 884/1078/2052
f 920/904/2053 919/299/2054 909/284/2055
f 919/299/2056 918/301/2057 903/300/2058
f 918/301/2059 907/125/2060 906/302/2061
f 441/1111/2062 442/935/2063 451/219/2064
f 691/306/2065 415/349/2066 431/304/2067
f 430/353/2068 441/303/2069 431/304/2070
f 914/407/2071 691/306/2072 922/906/2073 913/408/2074
f 627/308/2075 442/935/1319 441/1111/2076
f 627/308/2077 443/222/2078 442/935/2079
f 627/308/2080 435/307/2081 443/222/2082
f 435/307/2083 626/278/2084 443/222/2085
f 626/278/2086 436/280/2087 443/222/1317
f 546/918/2088 560/1047/2089 559/712/2090 545/921/2091
f 781/1112/2092 826/877/2093 827/1080/2094 782/1113/2095
f 630/312/2096 643/329/2097 642/1114/2098
f 643/329/2099 460/236/2100 642/1114/2101
f 653/241/2102 654/293/2103 71/231/2104
f 604/360/2105 569/1115/2106 629/313/2105 585/944/2107
f 321/955/2108 93/1116/2109 92/1117/2109 322/1118/2110
f 602/330/2111 461/1119/2112 460/1120/2113
f 461/1119/2114 463/238/2115 460/1120/2116
f 461/1119/2117 462/239/2118 463/1087/2119
f 461/1119/2120 602/330/2121 462/239/2122
f 922/906/2123 917/305/2124 690/220/2125 918/301/2126
f 841/1121/2127 840/1122/2128 792/908/2129 793/398/2130
f 828/1081/2131 832/1044/2132 797/487/2133 824/485/2133
f 161/1093/2134 164/254/2135 171/1001/1440
f 582/938/2136 575/942/2137 429/1123/2138 428/1106/2139
f 241/289/2140 235/975/2141 236/164/2142
f 242/341/2143 232/1124/2144 235/161/2144
f 357/170/2145 182/169/2146 189/1010/2147 181/445/2148
f 892/1125/2149 891/275/2150 899/272/2151
f 892/1125/2152 888/276/2153 891/275/2154
f 887/899/2155 878/377/2156 888/1126/2157
f 148/1085/2158 144/234/2159 145/110/2160 147/995/2161
f 892/1125/2162 887/899/2163 888/1126/2164
f 773/1127/2165 772/1128/2166 769/880/2167 770/726/2168
f 867/1129/2169 879/384/2170 881/896/2171
f 874/338/2172 923/387/2173 920/904/2174
f 273/973/2175 274/972/2176 270/1104/2177 269/968/2178
f 875/281/2179 911/201/2180 876/907/2181 880/901/2182
f 861/887/2183 860/888/2184 864/890/1224 865/889/2185
f 356/168/2186 193/213/2187 189/1010/2188 182/169/2189
f 278/966/2190 264/1130/2191 274/972/2192
f 264/1100/2193 275/1110/2194 274/972/2195
f 278/966/2196 279/1131/2197 264/1130/2198
f 279/1131/2199 280/393/2200 264/1100/2201
f 793/398/2202 792/908/2203 264/1100/2204
f 792/908/2205 802/81/2206 791/218/2207
f 740/868/2208 749/761/2209 729/1132/2210 697/806/2209
f 901/405/2211 900/1133/2212 791/218/2213
f 900/298/2214 790/294/2215 791/218/2216
f 901/405/2217 893/404/2218 900/1133/2219
f 893/1134/2220 892/1125/2221 900/1133/2222
f 921/905/2223 922/906/2224 918/301/2225
f 691/306/2226 917/305/2227 922/906/2228
f 701/1135/2229 709/348/2230 691/306/2231
f 914/407/2232 915/350/2233 691/306/2234
f 389/351/2235 430/353/2236 415/349/2237
f 574/941/2238 573/356/2239 628/354/2240
f 573/356/2241 572/381/2242 627/308/2243
f 585/944/2244 629/313/2245 570/679/2246
f 118/359/2247 132/556/2247 131/292/2247
f 611/372/2248 621/371/2249 600/799/2250
f 621/371/2251 612/418/2252 600/799/2253
f 622/367/2254 611/372/2255 600/291/2254 654/293/2256
f 118/416/2257 117/35/2258 132/1136/2259
f 910/902/2260 908/903/2261 686/79/2262 683/77/2263
f 581/365/2264 609/946/2265 610/1137/2266
f 609/946/2267 608/366/2268 610/1137/2269
f 238/288/2270 244/1138/2270 243/342/2271 242/341/2272
f 893/1134/2273 887/899/2274 892/1125/2275
f 893/1134/2276 885/900/2277 887/899/2278
f 886/375/2279 878/377/2280 887/899/2281
f 533/1139/2282 541/592/2283 555/912/2284 554/911/2285
f 864/890/2286 863/893/2287 870/385/2288 848/892/2289
f 879/384/2290 912/383/2291 874/338/2292
f 912/1140/2293 923/387/1251 874/338/2294
f 912/383/2295 866/382/2295 923/387/2296
f 913/408/2297 921/905/2298 923/387/2299
f 347/181/2300 331/950/2301 327/952/2302 317/1057/2303
f 359/1063/2304 170/1091/2305 165/245/2304 360/1064/2304
f 282/958/2306 84/391/2307 278/966/2308
f 84/391/2309 279/1131/2310 278/966/2311
f 84/391/2312 280/393/2313 279/1131/2314
f 719/395/2315 793/398/2316 794/1099/2317
f 524/931/2318 523/930/2319 533/1139/2320 540/910/2321
f 840/1122/2322 839/399/2323 792/908/2324
f 839/399/2325 801/909/1262 792/908/1261
f 801/909/2326 839/399/2327 802/81/2328
f 786/1141/2329 787/745/2330 893/404/2331
f 787/745/2332 788/747/2333 893/404/2334
f 788/747/2335 885/900/2336 893/1134/2337
f 870/385/2338 871/406/2339 913/386/2340
f 871/406/2341 872/1029/2342 914/407/2343
f 872/1029/2344 915/350/2345 914/407/2346
f 405/410/2347 709/348/2348 701/1135/2349
f 872/1029/2350 873/685/2351 915/350/2352
f 873/685/2353 916/443/2354 915/350/2355
f 916/443/2356 664/409/2357 915/350/2358
f 575/942/2359 574/941/2360 434/352/2361
f 549/920/2362 550/919/2363 546/918/2364 545/921/2365
f 831/874/1199 832/1044/2366 828/1081/2367 827/1080/2368
f 581/365/2369 604/360/2369 585/944/2370
f 659/415/2371 109/1142/2372 118/416/2373
f 109/1142/2374 119/992/2375 118/416/2376
f 599/1143/2377 598/414/2378 118/359/2379
f 620/1144/2380 619/453/2381 655/358/2382
f 377/87/2383 447/88/2384 444/17/2383 414/42/2383
f 499/1145/2385 498/417/2386 655/358/2387
f 614/369/2388 619/453/2389 620/1144/2390
f 109/1142/2391 120/993/2392 119/992/2393
f 109/1142/2394 124/991/2395 120/993/2396
f 335/948/2397 336/949/2398 332/951/2399 331/950/2400
f 136/999/1437 150/998/2401 146/109/2402 135/108/2403
f 605/461/2404 609/946/2405 581/365/2406
f 607/945/2407 623/419/2408 608/366/2409
f 734/1146/2410 768/543/2411 765/473/2411 735/542/2411
f 346/1066/2412 345/1147/2412 339/742/2413 335/948/2414
f 788/747/2415 886/375/2416 885/900/2417
f 788/747/2418 789/1148/2419 886/375/2420
f 788/747/2421 869/378/2422 789/376/2422
f 865/889/1223 849/891/1225 869/378/2423
f 772/1128/2424 773/1127/2425 782/1113/2426 783/1079/2427
f 863/893/2428 871/406/2429 870/385/2430
f 202/26/2431 186/25/2431 185/311/2431 199/1149/2431
f 283/957/2432 84/391/2433 282/958/2434
f 283/957/2435 284/423/2436 84/391/2437
f 284/423/2438 263/1150/2439 927/392/2440
f 263/1150/2441 288/1151/2442 927/392/2443
f 288/1151/2444 262/424/2445 927/392/2446
f 712/1040/2447 713/427/2448 927/392/2449
f 762/429/2450 722/482/2451 719/1152/2452
f 722/482/2453 761/483/2454 719/1152/2455
f 761/1153/2456 760/1154/2457 719/395/2458
f 761/1153/2459 723/1155/2460 760/1154/2461
f 723/865/2462 718/486/2463 760/1154/2464
f 777/809/2465 776/881/2466 741/870/2467 740/868/2468
f 839/399/2469 840/1122/2470 841/1121/2471
f 547/917/2472 551/913/1274 595/1156/2473 594/1157/2474
f 862/686/2475 873/685/2476 872/1029/2477
f 535/327/2478 536/916/2479 552/915/2480 534/328/2481
f 544/922/2482 420/602/2483 419/822/2484 548/923/2485
f 859/894/2486 858/895/2487 862/686/2488 863/893/2489
f 588/939/2490 589/554/2491 585/944/1334 584/943/2492
f 658/450/2493 109/1142/2494 659/415/2495
f 598/414/2496 658/450/2497 659/1158/2498
f 122/516/2499 123/1159/2500 109/1142/2501
f 123/1159/2502 124/991/2503 109/1142/2504
f 658/450/2505 122/516/2506 109/1142/2507
f 498/417/2508 598/414/2509 599/1143/2510
f 498/417/2511 497/448/2512 598/414/2513
f 614/1160/2514 613/451/2515 619/453/2516
f 500/524/2517 498/417/2518 499/1145/2519
f 595/452/2520 500/524/2521 499/1145/2522
f 500/524/2523 501/520/2524 498/417/2525
f 501/520/2526 497/448/2527 498/417/2528
f 617/1161/2529 618/455/2530 614/369/2531
f 594/456/2532 613/451/2533 614/1160/2534
f 123/1159/2535 70/514/2536 124/991/2537
f 70/514/2538 128/264/2539 124/991/2540
f 867/1129/2541 881/896/2542 882/512/2543 868/1162/2544
f 580/695/2545 606/1163/2546 605/461/2547
f 606/1163/2548 565/420/2549 605/461/2550
f 623/419/2551 607/945/2552 605/461/2553
f 350/190/2554 273/973/2555 269/968/2556 255/191/2554
f 554/911/2557 555/912/2558 551/913/2559 550/919/2560
f 552/915/2561 553/914/2562 549/920/1286 548/923/2563
f 124/991/2564 125/990/2565 121/107/2566 120/993/2567
f 290/198/2568 259/974/2569 286/959/2570 285/199/2571
f 262/424/2572 288/1151/2573 287/956/2574
f 288/1151/2575 263/1150/2576 287/956/2577
f 263/1150/2578 283/957/2579 287/956/2580
f 260/595/2581 289/464/2582 287/466/2582
f 263/1150/2583 284/423/2584 283/957/2585
f 289/464/2586 261/700/2587 262/424/2588
f 261/700/2589 85/467/2590 262/424/2591
f 720/1164/2592 721/51/2593 712/426/2594
f 726/1165/2595 725/480/2596 728/50/2597
f 725/480/2598 724/481/2599 762/429/2600
f 724/481/2601 723/865/2602 761/1153/2603
f 724/481/2604 795/484/2605 718/486/2606
f 797/1166/2607 798/459/2608 842/430/2609
f 843/1167/2610 844/489/2611 813/83/2612
f 798/459/2613 800/584/2614 813/83/2615
f 805/437/2616 851/885/2617 850/884/2618
f 561/682/2619 546/918/2620 547/917/2621 562/683/2619
f 846/567/2622 674/497/2623 847/499/2624
f 426/1168/2625 425/508/2626 590/1169/2627
f 425/508/2628 591/510/2629 590/1170/2630
f 567/509/2631 577/1046/2632 591/510/2633
f 578/1171/2634 579/680/2635 592/681/2636
f 110/519/2637 126/513/2638 658/515/2639
f 514/1172/2640 506/518/2641 658/450/2642
f 70/514/2643 123/1159/2644 122/516/2645
f 501/520/2646 502/522/2647 512/449/2648
f 594/1157/2649 595/1156/2650 613/451/2651
f 215/259/2652 214/979/2653 203/557/2654 354/260/2654
f 551/913/2655 542/523/2656 595/1156/2657
f 596/1173/2658 597/526/2659 500/524/2660
f 507/527/2661 501/520/2662 500/524/2663
f 520/528/2664 502/522/2665 501/520/2666
f 594/1157/2667 617/454/2668 615/434/2668
f 616/696/2669 594/1157/2670 615/1174/2671
f 594/456/2672 618/455/2673 617/1161/2674
f 616/696/2675 543/494/2676 594/1157/2677
f 580/695/2678 605/552/2679 593/551/2680 566/492/2679
f 70/514/2681 127/994/2682 128/264/2683
f 154/1000/2684 155/149/2685 151/996/2686 150/998/2687
f 126/513/2688 127/994/2689 70/514/2690
f 143/1175/2691 142/997/2692 132/1136/2691 117/1176/2691
f 204/152/2693 202/985/2694 199/1149/2693 207/1177/2693
f 558/711/2695 567/509/2695 568/332/2695 557/335/2695
f 207/1177/2696 199/1149/2696 198/558/2696 203/557/2696
f 830/875/2697 831/874/2698 827/1080/2699 826/877/2700
f 163/256/2701 173/258/2702 169/103/2703 74/102/2703
f 111/798/2704 107/1178/2705 101/530/2704 96/529/2704
f 534/328/2706 552/915/2707 548/923/2708 419/822/2709
f 252/1179/2710 245/290/2710 246/373/2710 247/14/2710
f 307/1180/2711 306/270/2712 305/1181/2711 308/1182/2711
f 756/672/2713 735/542/2713 755/1183/2713
f 517/784/2714 486/780/2715 526/926/2716 527/924/2717
f 759/48/2718 758/1184/2719 765/473/2720
f 488/857/2721 494/1185/2722 530/736/2722 529/788/2722
f 717/1186/2723 727/547/2724 726/49/2725
f 727/547/2726 725/480/2727 726/1165/2728
f 764/548/2729 724/481/2730 725/480/2731
f 307/1180/2732 301/606/2733 302/1187/2734 306/270/2735
f 298/244/2736 303/243/2737 292/792/2738 291/186/2739
f 625/380/2740 635/73/2741 637/72/2742 638/224/2743
f 844/489/2744 843/1167/2745 798/459/2746
f 809/1188/2747 810/1189/2747 815/318/2747 816/1032/2747
f 809/1031/2748 856/886/2749 810/315/2748
f 817/1033/2750 816/1032/2750 835/876/2751 834/743/2752
f 590/1169/2753 586/936/2754 427/564/2755 426/1168/2756
f 427/564/2757 416/1190/2758 404/565/2759
f 387/571/2760 426/1168/2761 427/564/2762
f 407/575/2763 425/508/2764 426/1168/2765
f 403/578/2766 417/691/2767 425/508/2768
f 472/844/2769 473/1191/2770 394/803/2771 470/802/2771
f 424/401/2772 576/333/2773 425/508/2774
f 568/1192/2775 567/1193/2776 425/508/2777
f 807/1194/2778 808/1195/2779 817/1033/2778 818/744/2778
f 108/586/2780 107/1178/2781 110/587/2782
f 107/1178/2783 111/1196/2784 110/519/2785
f 111/1196/2786 112/1197/2787 110/519/2788
f 112/797/2789 127/994/2790 110/519/2791
f 127/994/2792 126/513/2793 110/519/2794
f 496/521/2795 513/589/2796 514/1172/2797
f 513/589/2798 506/518/2799 514/1172/2800
f 508/1198/2801 511/1070/2802 502/522/2803
f 815/318/2804 814/317/2805 836/460/2806 835/876/2807
f 592/681/2808 593/551/2809 589/554/2810 588/939/2811
f 541/592/2812 596/525/2813 542/523/2814
f 521/594/2815 597/526/2816 596/1173/2817
f 521/594/2818 522/1089/2819 507/527/2820
f 522/1089/2821 520/1088/2822 507/527/2823
f 779/1199/2824 825/599/2825 826/877/2826 780/808/2827
f 260/1200/2828 259/974/2829 293/1097/2830 294/1096/2831
f 164/254/2832 161/1093/2833 159/154/2832 138/255/2834
f 560/1047/2835 546/918/2836 561/682/2835
f 808/1195/2837 807/580/2838 855/601/2839
f 544/922/2840 545/921/2841 557/335/2842 556/334/2842
f 327/952/2843 328/953/2844 314/252/2845 315/536/2845
f 857/883/2846 861/887/1221 786/403/2847 850/884/1217
f 120/993/2848 121/107/2849 133/3/2850 115/444/2850
f 524/1201/2851 540/910/2852 539/738/2853 525/737/2851
f 107/1178/2854 108/586/2855 69/699/2856 101/733/2857
f 301/606/2858 933/158/2859 302/157/2859
f 446/476/2860 455/52/2861 444/54/2862 447/88/2863
f 748/721/2864 754/670/2865 753/1202/2865
f 754/670/2866 756/672/2866 753/1038/2866
f 734/1146/2867 735/1203/2868 756/672/2869
f 734/1146/2870 770/726/2871 768/879/2872
f 764/548/2873 727/547/2874 717/1186/2875
f 849/891/2876 848/892/2877 867/1129/2878 868/1162/2879
f 796/677/2880 784/678/2881 785/1204/2882
f 810/315/2883 856/886/2884 857/883/2885 852/316/2886
f 181/445/2887 189/1010/2888 190/1006/2889 177/248/2890
f 258/1205/2891 285/199/2892 281/964/2893 257/1013/2894
f 835/876/2895 816/1032/2896 815/318/2896
f 557/335/2897 545/1206/2897 558/711/2897
f 545/1206/2898 559/712/2899 558/711/2900
f 808/1195/2901 855/601/2902 856/886/2903 809/1031/2904
f 510/1071/2905 509/704/2906 515/588/2907
f 508/1198/2908 510/1071/2909 511/1070/2910
f 509/704/2911 510/1071/2912 508/1198/2913
f 553/914/2914 554/911/2915 550/919/2916 549/920/2917
f 540/910/2918 533/1139/2919 554/911/2920
f 543/494/2921 562/493/2921 547/917/2922 594/1157/2923
f 522/1089/2924 521/594/2925 532/593/2926
f 305/1095/2927 306/270/2928 297/597/2929 294/596/2929
f 96/1207/2930 99/532/2931 102/796/2932
f 373/78/2933 374/41/2934 206/31/2934 78/30/2934
f 309/250/2935 308/1208/2936 305/1095/2937 304/739/2938
f 561/682/2939 579/680/2940 578/1045/2939 560/1047/2939
f 299/242/2941 300/251/2942 303/243/2943
f 300/251/1362 309/1209/2944 304/739/2945
f 170/1091/2946 171/1001/2947 164/1210/2948 160/148/2949
f 401/374/70 402/1019/70 374/41/70 372/40/70
f 320/954/2950 94/748/2951 93/1116/2951 321/955/2952
f 440/1052/2953 439/89/2954 447/88/2955 413/86/2956
f 699/754/2957 745/268/2958 748/721/2959
f 746/267/2960 739/720/2961 748/721/2962
f 737/869/2963 736/871/2964 754/670/2965
f 742/766/2966 766/674/2967 736/871/2968
f 770/726/2969 734/1146/2970 766/674/2971
f 742/766/2972 767/765/2973 766/878/2974
f 881/896/2975 874/338/2976 875/281/2977 880/901/2978
f 699/754/2979 748/721/2980 744/442/2979 710/441/2979
f 782/1113/2981 827/1080/2982 783/1079/2983
f 571/379/2984 570/679/2985 635/73/2986 625/380/2987
f 533/1139/2988 523/930/2989 522/709/2988 541/592/2990
f 587/937/2991 588/939/2992 584/943/2993 583/940/2994
f 577/1046/2995 578/1171/2996 592/681/2997 591/510/2998
f 834/743/2999 818/744/3000 817/1033/3000
f 890/1072/3001 889/1074/3002 896/898/3003 895/274/3004
f 418/1211/3005 423/1212/3006 563/402/3007
f 383/769/3008 386/770/3009 421/400/3010
f 386/770/3011 420/602/3012 421/1213/3013
f 329/1028/3014 313/1214/3015 310/253/3016 328/953/3017
f 228/1037/3018 227/200/3019 226/118/3020 225/983/3021
f 1/641/3022 91/777/3023 100/531/3024
f 518/734/3025 519/1215/3026 509/704/3027
f 518/734/3028 484/344/3029 519/705/3029
f 926/282/3030 904/286/3031 905/122/3031 925/116/3031
f 526/926/3032 518/734/3033 509/704/3034 508/1198/3035
f 486/780/3036 518/734/3037 526/926/3038
f 359/1063/3039 358/1216/3039 176/246/3039 170/1091/3040
f 538/790/3041 530/736/3042 539/738/3043
f 782/1113/3044 773/1127/3045 774/882/3046 781/1112/3047
f 772/1128/3048 771/676/3049 764/1217/3050 769/880/3051
f 90/505/3052 92/1012/3053 99/532/3054
f 695/503/3055 822/322/3056 823/321/3057
f 695/503/3058 821/324/3059 822/322/3060
f 167/1002/3061 166/249/3062 177/248/3063 180/1005/3064
f 323/504/3065 322/1118/3066 92/1012/3067 90/505/3068
f 313/1214/3069 312/1027/3070 308/1182/3071
f 313/1214/3072 329/1028/3073 312/1027/3074
f 285/199/3075 286/959/3076 282/958/3077 281/964/3078
f 329/1028/3079 87/750/3080 330/752/3081
f 700/800/3082 662/756/3083 699/1218/3084
f 678/226/3085 700/757/3085 699/1218/3086
f 752/762/3087 738/763/3088 739/1219/3089
f 738/763/3090 747/722/3091 739/720/3091
f 749/761/3092 741/870/3093 737/869/3094
f 741/870/3095 776/1220/3096 742/766/3097
f 776/881/3098 775/764/3099 742/766/3100
f 777/809/3101 781/1221/3102 774/882/3103
f 870/385/3104 879/384/3105 867/1129/3106 848/892/3107
f 777/809/3108 780/808/3109 781/1112/3110
f 780/808/3111 826/877/3112 781/1112/3113
f 772/1128/3114 783/1079/3115 784/678/3116 771/676/3117
f 590/1170/3118 591/510/3119 587/937/3120 586/936/3121
f 833/873/3122 695/503/3123 834/743/3124
f 703/729/954 423/362/954 418/1211/3125
f 137/1222/3126 154/1000/3127 362/171/3126 361/1065/3126
f 708/768/3128 386/770/3129 383/769/3130
f 775/764/3131 774/724/3132 770/726/3133 767/765/3134
f 846/567/3135 858/895/3136 854/422/3137 845/421/3138
f 325/778/3139 324/507/3140 91/506/3141
f 308/1182/3142 309/250/3143 310/1223/3142 313/1224/3142
f 744/1225/3144 748/721/3145 753/1038/3146 751/541/3146
f 482/782/3147 478/47/3148 477/124/3149
f 536/916/3150 487/787/3151 537/789/3152
f 529/788/3153 538/790/3154 537/789/3155
f 494/839/3156 493/1226/3157 530/736/3158
f 493/1226/3159 495/842/3160 530/736/3161
f 495/842/3162 531/841/3163 530/1227/3164
f 531/841/3165 525/737/3166 530/736/3166
f 531/841/3167 516/840/3168 525/925/3169
f 516/840/3170 495/791/3171 517/784/3172
f 361/1065/3173 360/1064/3173 165/245/3173 137/147/3174
f 708/1228/3175 704/1229/3176 695/503/3177
f 833/873/3178 696/1230/3179 695/1231/3180
f 696/773/3181 667/772/3181 695/503/3181
f 343/175/3182 114/174/3182 129/263/3183 106/262/3182
f 240/15/3184 246/1232/3185 245/290/3186 241/289/3187
f 328/953/3188 310/253/3189 314/252/3190
f 341/1023/3191 340/947/3192 321/955/3193 322/1118/3194
f 328/953/3195 87/750/3196 329/1028/3197
f 328/953/3198 332/951/3199 87/750/3200
f 332/951/3201 333/1233/3202 87/750/3203
f 333/1233/3204 334/759/3205 87/750/3206
f 769/880/3207 764/1217/3208 717/546/3209 768/543/3209
f 740/868/3210 741/870/3211 749/761/3212
f 759/48/3213 721/51/3214 720/475/3215 758/474/3215
f 740/868/3216 733/867/3217 777/809/3218
f 733/807/3219 779/1199/3220 780/808/3221
f 733/867/3222 732/848/3223 779/1199/3224
f 732/848/3225 778/600/3226 779/1199/3227
f 778/600/3228 825/599/3229 779/1199/3230
f 784/678/3231 828/1081/3232 824/485/3233 785/1204/3234
f 820/850/3235 696/1230/3236 833/873/3237
f 708/768/3238 671/767/3238 704/502/3238
f 688/811/3239 399/774/3240 696/773/3240
f 670/813/3241 382/1075/3242 385/1234/3243
f 342/851/3244 324/507/3245 325/778/3246
f 2/639/3247 342/851/3248 325/778/3249
f 341/1023/3250 322/1118/3251 323/504/3252
f 495/791/3253 504/824/3254 503/1235/3255
f 504/824/3256 482/782/3257 503/781/3257
f 471/928/3258 478/47/3259 482/782/3260
f 474/801/3261 393/44/3261 478/47/3262
f 428/1106/3263 429/1123/3264 916/684/3265 847/499/3266
f 487/787/3267 536/916/3268 535/327/3269
f 391/836/3270 488/857/3271 487/1236/3272
f 488/857/1267 529/788/3273 487/787/3273
f 490/845/3274 492/837/3275 494/839/3276
f 505/838/3277 493/1226/3278 494/839/3279
f 505/1237/3280 504/824/3281 493/1226/3282
f 504/824/3283 495/791/3284 493/1226/3285
f 247/14/3286 265/970/3287 266/960/3288 252/963/3289
f 351/16/3290 240/15/3291 237/605/3290 231/192/3290
f 161/1093/3292 171/1001/3293 172/1238/3294 162/1094/3295
f 253/13/3296 254/969/3297 265/970/3298 247/14/3299
f 336/949/3300 88/760/3301 332/951/3302
f 88/760/3303 333/1233/3304 332/951/3305
f 88/760/3306 334/759/3307 333/1233/3308
f 472/844/3309 470/802/3310 474/801/3310
f 312/1239/3311 311/716/3312 307/1180/3311 308/1182/3311
f 472/844/3313 490/479/3314 473/478/3314
f 489/846/3315 397/805/3316 490/479/3316
f 707/1240/3317 706/829/3318 397/805/3319
f 367/810/3320 688/811/3321 696/1230/3322 820/850/3323
f 730/866/3324 740/868/3325 697/806/3326
f 730/866/3327 675/827/3328 732/848/3329
f 675/862/3330 668/1241/3331 732/848/3332
f 390/833/3333 731/326/3333 732/848/3334
f 731/326/3335 778/600/3336 732/848/3337
f 416/1190/3338 427/564/3339 428/1106/3340 388/501/3341
f 326/863/3342 341/1023/3343 342/851/3344
f 3/638/3345 326/863/3346 342/851/3347
f 326/863/3348 340/947/3349 341/1023/3350
f 505/838/3351 492/837/3351 504/824/3352
f 480/854/3353 481/1242/3354 504/824/3355
f 480/854/3356 471/826/3357 481/825/3357
f 479/852/3358 472/844/3359 471/928/3360
f 675/862/3361 381/856/3362 668/1241/3363
f 381/856/3364 489/846/3365 488/857/3366
f 326/863/3367 336/949/3368 340/947/3369
f 129/263/3370 114/1243/3371 365/1244/3372 125/990/3373
f 861/887/3374 865/889/1223 787/745/3375 786/1141/3376
f 326/863/3377 337/1245/3378 336/949/3379
f 337/1245/3380 88/760/3381 336/949/3382
f 337/1245/3383 338/843/3384 88/760/3385
f 381/856/3386 706/861/3386 707/1240/3387
f 338/843/3388 337/1245/3389 326/863/3390
f 63/636/3391 338/843/3392 326/863/3393
