# Blender v3.3.21 OBJ File: 'nex10.blend'
# www.blender.org
v 0.598768 -0.024962 0.836500
v 0.599774 -0.023956 0.836500
v 0.599337 -0.024525 0.836500
v 0.598027 -0.024947 0.836200
v 0.599125 -0.024313 0.836200
v 0.599514 -0.023806 0.836200
v 0.598618 -0.024703 0.836200
v 0.607269 -0.008287 0.836500
v 0.606901 -0.009662 0.836500
v 0.607175 -0.008999 0.836500
v 0.606886 -0.008921 0.836200
v 0.606969 -0.008287 0.836200
v 0.606641 -0.009512 0.836200
v 0.607269 0.008287 0.836500
v 0.606886 0.008921 0.836200
v 0.606901 0.009662 0.836500
v 0.607175 0.008999 0.836500
v 0.606969 0.008287 0.836200
v 0.606641 0.009512 0.836200
v 0.598768 0.024962 0.836500
v 0.598618 0.024703 0.836200
v 0.599125 0.024313 0.836200
v 0.599337 0.024525 0.836500
v 0.599774 0.023956 0.836500
v 0.599514 0.023806 0.836200
v 0.598027 0.024947 0.836200
v 0.541232 0.024962 0.836500
v 0.540663 0.024525 0.836500
v 0.540226 0.023956 0.836500
v 0.540486 0.023806 0.836200
v 0.540875 0.024313 0.836200
v 0.541973 0.024947 0.836200
v 0.541382 0.024703 0.836200
v 0.532825 0.008999 0.836500
v 0.532731 0.008287 0.836500
v 0.533031 0.008287 0.836200
v 0.533099 0.009662 0.836500
v 0.533359 0.009512 0.836200
v 0.533114 0.008921 0.836200
v 0.532825 -0.008999 0.836500
v 0.533099 -0.009662 0.836500
v 0.532731 -0.008287 0.836500
v 0.533031 -0.008287 0.836200
v 0.533359 -0.009512 0.836200
v 0.533114 -0.008921 0.836200
v 0.540663 -0.024525 0.836500
v 0.541232 -0.024962 0.836500
v 0.540226 -0.023956 0.836500
v 0.540486 -0.023806 0.836200
v 0.540875 -0.024313 0.836200
v 0.541382 -0.024703 0.836200
v 0.541973 -0.024947 0.836200
v 0.592964 0.032500 0.840783
v 0.592884 0.032500 0.840552
v 0.592813 0.032500 0.840439
v 0.592616 0.032500 0.840229
v 0.592356 0.032500 0.840050
v 0.548321 0.032500 0.839795
v 0.547959 0.032500 0.839904
v 0.547644 0.032500 0.840050
v 0.547187 0.032500 0.840439
v 0.547066 0.032500 0.840668
v 0.547036 0.032500 0.840783
v 0.547026 0.032500 0.845000
v 0.530370 0.003672 0.840900
v 0.531719 0.010892 0.840900
v 0.547026 0.032500 0.840900
v 0.547116 0.032500 0.840552
v 0.547384 0.032500 0.840229
v 0.547959 -0.032500 0.839904
v 0.547644 -0.032500 0.840050
v 0.547384 -0.032500 0.840229
v 0.547116 -0.032500 0.840552
v 0.547066 -0.032500 0.840668
v 0.543201 -0.029397 0.840680
v 0.543308 -0.029280 0.840268
v 0.538255 -0.023973 0.840680
v 0.538382 -0.023877 0.840268
v 0.534391 -0.017731 0.840680
v 0.534533 -0.017660 0.840268
v 0.531739 -0.010886 0.840680
v 0.531892 -0.010843 0.840268
v 0.530390 -0.003670 0.840680
v 0.530549 -0.003656 0.840268
v 0.530390 0.003670 0.840680
v 0.530549 0.003656 0.840268
v 0.531739 0.010886 0.840680
v 0.531892 0.010843 0.840268
v 0.534391 0.017731 0.840680
v 0.534533 0.017660 0.840268
v 0.538255 0.023973 0.840680
v 0.538382 0.023877 0.840268
v 0.543201 0.029397 0.840680
v 0.543308 0.029280 0.840268
v 0.547187 -0.032500 0.840439
v 0.548321 -0.032500 0.839795
v 0.591679 -0.032500 0.839795
v 0.592041 -0.032500 0.839904
v 0.592356 -0.032500 0.840050
v 0.592616 -0.032500 0.840229
v 0.592813 -0.032500 0.840439
v 0.592884 -0.032500 0.840552
v 0.592934 -0.032500 0.840668
v 0.607520 -0.013278 0.840900
v 0.592974 0.032500 0.840900
v 0.592974 0.032500 0.845000
v 0.590826 -0.032500 0.839700
v 0.591679 0.032500 0.839795
v 0.592041 0.032500 0.839904
v 0.592934 0.032500 0.840668
v 0.605628 0.017740 0.840900
v 0.608281 0.010892 0.840900
v 0.609630 0.003672 0.840900
v 0.596692 -0.029280 0.840268
v 0.596799 -0.029397 0.840680
v 0.601618 -0.023877 0.840268
v 0.601745 -0.023973 0.840680
v 0.605467 -0.017660 0.840268
v 0.605609 -0.017731 0.840680
v 0.608108 -0.010843 0.840268
v 0.608261 -0.010886 0.840680
v 0.609451 -0.003656 0.840268
v 0.609610 -0.003670 0.840680
v 0.609451 0.003656 0.840268
v 0.609610 0.003670 0.840680
v 0.608108 0.010843 0.840268
v 0.608261 0.010886 0.840680
v 0.605467 0.017660 0.840268
v 0.605609 0.017731 0.840680
v 0.601618 0.023877 0.840268
v 0.601745 0.023973 0.840680
v 0.596692 0.029280 0.840268
v 0.596799 0.029397 0.840680
v 0.549174 -0.032500 0.839700
v 0.549174 0.032500 0.839700
v 0.590826 0.032500 0.839700
v 0.592095 -0.030411 0.838217
v 0.591390 -0.030744 0.838217
v 0.591390 0.030744 0.838217
v 0.592095 0.030411 0.838217
v 0.547905 0.030411 0.838217
v 0.548610 0.030744 0.838217
v 0.548610 -0.030744 0.838217
v 0.547905 -0.030411 0.838217
v 0.570000 0.031619 0.836467
v 0.570000 0.030828 0.835746
v 0.570000 -0.030828 0.835746
v 0.570000 -0.031680 0.836680
v 0.563373 0.030108 0.835746
v 0.563288 0.030493 0.835942
v 0.560156 -0.029215 0.835746
v 0.560030 -0.029589 0.835942
v 0.566667 -0.030648 0.835746
v 0.566624 -0.031040 0.835942
v 0.566592 -0.031335 0.836268
v 0.570000 -0.031619 0.836467
v 0.570000 -0.031520 0.836268
v 0.570000 -0.031387 0.836092
v 0.570000 -0.031223 0.835942
v 0.570000 -0.031035 0.835826
v 0.573298 0.030321 0.835700
v 0.570000 0.031035 0.835826
v 0.570000 0.031223 0.835942
v 0.570000 0.031387 0.836092
v 0.570000 0.031520 0.836268
v 0.570000 0.031680 0.836680
v 0.576712 0.030493 0.835942
v 0.576627 0.030108 0.835746
v 0.579970 -0.029589 0.835942
v 0.579844 -0.029215 0.835746
v 0.573408 -0.031335 0.836268
v 0.573376 -0.031040 0.835942
v 0.573333 -0.030648 0.835746
v 0.576557 -0.029787 0.835700
v 0.563443 -0.029787 0.835700
v 0.566702 0.030321 0.835700
v 0.570000 -0.025800 0.834300
v 0.553914 0.020171 0.834300
v 0.549829 0.016086 0.834300
v 0.546755 0.011194 0.834300
v 0.544200 0.000000 0.834300
v 0.544847 -0.005741 0.834300
v 0.546755 -0.011194 0.834300
v 0.549829 -0.016086 0.834300
v 0.570000 0.025800 0.834300
v 0.590171 0.016086 0.834300
v 0.595153 0.005741 0.834300
v 0.595153 -0.005741 0.834300
v 0.590171 -0.016086 0.834300
v 0.586086 -0.020171 0.834300
v 0.575741 -0.025153 0.834300
v 0.564259 -0.025153 0.834300
v 0.558806 -0.023245 0.834300
v 0.553914 -0.020171 0.834300
v 0.544847 0.005741 0.834300
v 0.558806 0.023245 0.834300
v 0.564259 0.025153 0.834300
v 0.581194 -0.023245 0.834300
v 0.593245 -0.011194 0.834300
v 0.595800 0.000000 0.834300
v 0.593245 0.011194 0.834300
v 0.586086 0.020171 0.834300
v 0.581194 0.023245 0.834300
v 0.575741 0.025153 0.834300
v 0.537985 0.031500 0.924157
v 0.545839 0.031500 0.935331
v 0.551246 0.031500 0.939558
v 0.563985 0.031500 0.944485
v 0.571144 0.031500 0.944987
v 0.584446 0.031500 0.941886
v 0.590389 0.031500 0.938455
v 0.604987 0.031500 0.908855
v 0.570000 0.030684 0.945990
v 0.570000 0.031174 0.945746
v 0.570000 0.031500 0.945006
v 0.557373 0.031500 0.942649
v 0.541362 0.031500 0.930131
v 0.535838 0.031500 0.917639
v 0.535004 0.031500 0.910827
v 0.534161 0.030514 0.913468
v 0.534617 0.030514 0.916672
v 0.535375 0.030514 0.919880
v 0.536451 0.030514 0.923074
v 0.537831 0.030514 0.926175
v 0.539456 0.030514 0.929068
v 0.541302 0.030514 0.931747
v 0.543349 0.030514 0.934212
v 0.559107 0.030514 0.944320
v 0.563938 0.031462 0.944756
v 0.563881 0.031298 0.945080
v 0.563838 0.031026 0.945324
v 0.563816 0.030684 0.945455
v 0.557274 0.031462 0.942905
v 0.557155 0.031298 0.943212
v 0.557066 0.031026 0.943443
v 0.557018 0.030684 0.943567
v 0.551099 0.031462 0.939790
v 0.550922 0.031298 0.940068
v 0.550790 0.031026 0.940277
v 0.550718 0.030684 0.940389
v 0.545650 0.031462 0.935530
v 0.545423 0.031298 0.935768
v 0.545252 0.031026 0.935947
v 0.545160 0.030684 0.936043
v 0.541137 0.031462 0.930289
v 0.540868 0.031298 0.930478
v 0.540666 0.031026 0.930620
v 0.540557 0.030684 0.930697
v 0.537734 0.031462 0.924268
v 0.537433 0.031298 0.924401
v 0.537206 0.031026 0.924501
v 0.537085 0.030684 0.924555
v 0.535570 0.031462 0.917699
v 0.535249 0.031298 0.917771
v 0.535007 0.031026 0.917825
v 0.534878 0.030684 0.917853
v 0.534730 0.031462 0.910834
v 0.534401 0.031298 0.910841
v 0.534153 0.031026 0.910847
v 0.534020 0.030684 0.910850
v 0.535245 0.031462 0.903937
v 0.534921 0.031298 0.903880
v 0.534677 0.031026 0.903838
v 0.534546 0.030684 0.903815
v 0.520624 -0.030181 0.910385
v 0.522518 -0.030181 0.923549
v 0.528114 -0.030181 0.936148
v 0.530646 -0.030181 0.939823
v 0.539810 -0.030181 0.949073
v 0.547046 -0.030181 0.953718
v 0.555063 -0.030181 0.957064
v 0.556937 -0.030181 0.957619
v 0.563772 -0.030181 0.958984
v 0.565459 0.030514 0.945719
v 0.553262 0.030514 0.941880
v 0.547985 0.030514 0.938492
v 0.533994 0.030514 0.910281
v 0.583455 -0.030181 0.957509
v 0.585303 -0.030181 0.956947
v 0.591599 -0.030181 0.954403
v 0.605501 -0.030181 0.944319
v 0.608400 -0.030181 0.941042
v 0.613370 -0.030181 0.933604
v 0.617016 -0.030181 0.925087
v 0.618975 -0.030181 0.916298
v 0.605712 0.030514 0.914592
v 0.603096 0.030514 0.924182
v 0.601626 0.030514 0.927213
v 0.599920 0.030514 0.930031
v 0.591133 0.030514 0.939153
v 0.585751 0.030514 0.942379
v 0.579812 0.030514 0.944644
v 0.573379 0.030514 0.945848
v 0.604538 0.031500 0.915703
v 0.602762 0.031500 0.922332
v 0.599726 0.031500 0.928486
v 0.595549 0.031500 0.933931
v 0.577948 0.031500 0.944092
v 0.570000 0.031490 0.945145
v 0.570000 0.031462 0.945281
v 0.570000 0.031395 0.945453
v 0.570000 0.031298 0.945610
v 0.570000 0.031026 0.945857
v 0.570000 0.030861 0.945940
v 0.595888 0.030514 0.935026
v 0.598001 0.030514 0.932636
v 0.604285 0.030514 0.921002
v 0.605152 0.030514 0.917798
v 0.605979 0.030514 0.911398
v 0.604359 0.031462 0.901989
v 0.604679 0.031298 0.901914
v 0.604920 0.031026 0.901858
v 0.605261 0.031462 0.908846
v 0.605590 0.031298 0.908836
v 0.605838 0.031026 0.908827
v 0.605970 0.030684 0.908823
v 0.604809 0.031462 0.915748
v 0.605134 0.031298 0.915801
v 0.605378 0.031026 0.915842
v 0.605509 0.030684 0.915863
v 0.603019 0.031462 0.922428
v 0.603327 0.031298 0.922544
v 0.603558 0.031026 0.922631
v 0.603683 0.030684 0.922678
v 0.599959 0.031462 0.928631
v 0.600239 0.031298 0.928805
v 0.600449 0.031026 0.928936
v 0.600562 0.030684 0.929006
v 0.595749 0.031462 0.934118
v 0.595989 0.031298 0.934343
v 0.596170 0.031026 0.934512
v 0.596267 0.030684 0.934603
v 0.590549 0.031462 0.938678
v 0.590741 0.031298 0.938946
v 0.590885 0.031026 0.939147
v 0.590962 0.030684 0.939255
v 0.584559 0.031462 0.942136
v 0.584695 0.031298 0.942436
v 0.584797 0.031026 0.942661
v 0.584852 0.030684 0.942782
v 0.578010 0.031462 0.944359
v 0.578085 0.031298 0.944680
v 0.578141 0.031026 0.944921
v 0.578171 0.030684 0.945050
v 0.571153 0.031462 0.945262
v 0.571163 0.031298 0.945591
v 0.571172 0.031026 0.945838
v 0.571176 0.030684 0.945971
v 0.618917 -0.030181 0.903275
v 0.619416 -0.030648 0.909500
v 0.619354 -0.030876 0.909500
v 0.618578 -0.031026 0.901711
v 0.618709 -0.030684 0.901689
v 0.618709 -0.030316 0.901689
v 0.616550 -0.031026 0.893827
v 0.616675 -0.030684 0.893784
v 0.619425 -0.030415 0.909500
v 0.619425 -0.030414 0.910500
v 0.619416 -0.030648 0.910500
v 0.619354 -0.030876 0.910500
v 0.619341 -0.030181 0.911918
v 0.618206 -0.030181 0.920694
v 0.615386 -0.030181 0.929449
v 0.611031 -0.030181 0.937469
v 0.598980 -0.030181 0.949978
v 0.574634 -0.030181 0.959160
v 0.570000 -0.030316 0.959413
v 0.570000 -0.030500 0.959430
v 0.570000 -0.030861 0.959363
v 0.619175 -0.030316 0.914845
v 0.619175 -0.030684 0.914845
v 0.619043 -0.031027 0.914832
v 0.617706 -0.030316 0.922873
v 0.617706 -0.030684 0.922873
v 0.617578 -0.031026 0.922839
v 0.614936 -0.030316 0.930550
v 0.614936 -0.030684 0.930550
v 0.614816 -0.031026 0.930495
v 0.610941 -0.030316 0.937666
v 0.610941 -0.030684 0.937666
v 0.610831 -0.031026 0.937592
v 0.605828 -0.030316 0.944028
v 0.605828 -0.030684 0.944028
v 0.605732 -0.031026 0.943937
v 0.599739 -0.030316 0.949461
v 0.599739 -0.030684 0.949461
v 0.599659 -0.031026 0.949355
v 0.592838 -0.030316 0.953818
v 0.592838 -0.030684 0.953818
v 0.592776 -0.031026 0.953701
v 0.585313 -0.030316 0.956980
v 0.585313 -0.030684 0.956980
v 0.585272 -0.031026 0.956854
v 0.577372 -0.030316 0.958860
v 0.577372 -0.030684 0.958860
v 0.577352 -0.031026 0.958729
v 0.570000 -0.030684 0.959413
v 0.533453 -0.030181 0.943203
v 0.525885 -0.030181 0.932182
v 0.523992 -0.030181 0.927929
v 0.521478 -0.030181 0.919150
v 0.521145 -0.030181 0.917165
v 0.520852 -0.030181 0.914756
v 0.521312 -0.030181 0.901778
v 0.523715 -0.031026 0.893082
v 0.523590 -0.030684 0.893037
v 0.521562 -0.031026 0.900931
v 0.521431 -0.030684 0.900907
v 0.521431 -0.030316 0.900907
v 0.520730 -0.031026 0.909028
v 0.520597 -0.030684 0.909025
v 0.520597 -0.030316 0.909025
v 0.521242 -0.031026 0.917151
v 0.521110 -0.030684 0.917170
v 0.521110 -0.030316 0.917170
v 0.523084 -0.031026 0.925078
v 0.522957 -0.030684 0.925119
v 0.522957 -0.030316 0.925119
v 0.526205 -0.031026 0.932595
v 0.526087 -0.030684 0.932656
v 0.526087 -0.030316 0.932656
v 0.530522 -0.031026 0.939495
v 0.530415 -0.030684 0.939575
v 0.530415 -0.030316 0.939575
v 0.535915 -0.031026 0.945591
v 0.535823 -0.030684 0.945687
v 0.535823 -0.030316 0.945687
v 0.542238 -0.031026 0.950716
v 0.542163 -0.030684 0.950826
v 0.542163 -0.030316 0.950826
v 0.549318 -0.031026 0.954730
v 0.549262 -0.030684 0.954851
v 0.549262 -0.030316 0.954851
v 0.556962 -0.031026 0.957524
v 0.556927 -0.030684 0.957652
v 0.556927 -0.030316 0.957652
v 0.564962 -0.031026 0.959022
v 0.564949 -0.030684 0.959154
v 0.564949 -0.030316 0.959154
v 0.570000 -0.032700 0.861500
v 0.562017 -0.032700 0.862162
v 0.554252 -0.032700 0.864128
v 0.525585 -0.032700 0.890518
v 0.522984 -0.032700 0.898094
v 0.522984 -0.032700 0.921906
v 0.546917 -0.032700 0.952655
v 0.554252 -0.032700 0.955872
v 0.585748 -0.032700 0.955872
v 0.593083 -0.032700 0.952655
v 0.599789 -0.032700 0.948273
v 0.614415 -0.032700 0.929482
v 0.617016 -0.032700 0.921906
v 0.618334 -0.032700 0.914005
v 0.618334 -0.032700 0.905995
v 0.610603 -0.032700 0.883473
v 0.593083 -0.032700 0.867346
v 0.585748 -0.032700 0.864128
v 0.577983 -0.032700 0.862162
v 0.599789 -0.032700 0.871727
v 0.605683 -0.032700 0.877152
v 0.614415 -0.032700 0.890518
v 0.617016 -0.032700 0.898094
v 0.610603 -0.032700 0.936527
v 0.605683 -0.032700 0.942848
v 0.577983 -0.032700 0.957839
v 0.570000 -0.032700 0.958500
v 0.562017 -0.032700 0.957839
v 0.540211 -0.032700 0.948273
v 0.534317 -0.032700 0.942848
v 0.529397 -0.032700 0.936527
v 0.525585 -0.032700 0.929482
v 0.521666 -0.032700 0.914005
v 0.521666 -0.032700 0.905995
v 0.529397 -0.032700 0.883473
v 0.534317 -0.032700 0.877152
v 0.540211 -0.032700 0.871727
v 0.546917 -0.032700 0.867346
v 0.591558 0.032500 0.851500
v 0.548442 0.032500 0.851500
vt 0.000000 0.835294
vt 1.000000 0.835294
vt 1.000000 0.917647
vt 0.000000 0.168627
vt 1.000000 0.250980
vt 0.000000 0.250980
vt 0.000000 0.000000
vt 0.000000 0.000000
vt 0.000000 0.000000
vt 0.000000 0.000000
vt 0.000000 0.000000
vt 0.000000 0.000000
vt 0.000000 0.000000
vt 0.000000 0.000000
vt 0.000000 0.000000
vt 0.000000 0.000000
vt 0.000000 0.000000
vt 0.000000 0.000000
vt 0.109804 0.925490
vt 0.000000 0.803922
vt 0.000000 0.000000
vt 0.000000 0.000000
vt 0.000000 0.643137
vt 0.000000 0.000000
vt 0.000000 0.000000
vt 0.000000 0.713726
vt 0.000000 0.835294
vt 0.000000 0.000000
vt 0.188235 0.109804
vt 0.000000 0.749020
vt 0.000000 0.000000
vt 0.000000 0.000000
vt 0.109804 0.596078
vt 0.000000 0.572549
vt 0.000000 0.000000
vt 0.000000 0.000000
vt 0.462745 0.266667
vt 0.462745 0.372549
vt 0.000000 0.000000
vt 0.000000 0.000000
vt 0.462745 0.054902
vt 0.000000 0.525490
vt 0.000000 0.000000
vt 0.000000 0.000000
vt 0.000000 0.000000
vt 0.000000 0.647059
vt 0.000000 0.611765
vt 0.000000 0.000000
vt 0.000000 0.000000
vt 0.000000 0.000000
vt 0.000000 0.000000
vt 0.000000 0.000000
vt 0.109804 0.843137
vt 0.000000 0.000000
vt 0.000000 0.000000
vt 0.000000 0.000000
vt 0.000000 0.000000
vt 0.000000 0.000000
vt 1.000000 0.835294
vt 1.000000 0.749020
vt 0.117647 0.176471
vt 0.000000 0.000000
vt 0.870588 0.160784
vt 0.462745 0.478431
vt 0.462745 0.584314
vt 0.000000 0.894118
vt 0.000000 0.000000
vt 0.415686 0.007843
vt 0.000000 0.000000
vt 0.000000 0.156863
vt 0.000000 0.000000
vt 0.039216 0.298039
vt 0.000000 0.000000
vt 0.000000 0.000000
vt 0.000000 0.541176
vt 0.000000 0.000000
vt 0.000000 0.631373
vt 0.000000 0.000000
vt 0.262745 0.941177
vt 0.000000 0.000000
vt 0.000000 1.000000
vt 0.000000 0.000000
vt 0.000000 0.000000
vt 0.000000 0.156863
vt 0.000000 0.000000
vt 0.870588 0.839216
vt 0.000000 0.000000
vt 0.000000 0.000000
vt 0.988235 0.623529
vt 0.000000 0.000000
vt 0.000000 0.000000
vt 0.117647 0.454902
vt 0.819608 0.678431
vt 0.000000 0.000000
vt 1.000000 0.596078
vt 0.819608 0.596078
vt 0.000000 0.000000
vt 0.000000 0.000000
vt 0.345098 0.427451
vt 0.000000 0.000000
vt 0.109804 0.760784
vt 0.000000 0.000000
vt 0.000000 0.000000
vt 0.972549 0.992157
vt 0.980392 0.980392
vt 0.000000 0.105882
vt 1.000000 0.921569
vt 0.000000 0.000000
vt 0.117647 0.086275
vt 0.000000 0.000000
vt 0.988235 0.968628
vt 0.000000 0.000000
vt 0.745098 0.007843
vt 0.000000 0.000000
vt 0.227451 1.000000
vt 0.000000 0.000000
vt 0.011765 0.968628
vt 0.000000 0.000000
vt 0.000000 0.000000
vt 0.000000 0.000000
vt 0.000000 0.000000
vt 0.000000 0.898039
vt 0.000000 0.000000
vt 0.000000 0.000000
vt 0.000000 0.000000
vt 1.000000 1.000000
vt 0.819608 0.678431
vt 0.000000 0.000000
vt 0.352941 0.270588
vt 0.000000 0.000000
vt 0.000000 0.000000
vt 0.000000 0.000000
vt 0.000000 0.000000
vt 0.000000 0.000000
vt 0.000000 0.082353
vt 0.000000 0.000000
vt 1.000000 0.168627
vt 0.000000 0.168627
vt 0.000000 0.000000
vt 0.000000 0.000000
vt 0.000000 0.000000
vt 0.352941 0.086275
vt 0.000000 0.000000
vt 0.462745 0.756863
vt 0.000000 0.474510
vt 0.000000 0.000000
vt 0.000000 0.000000
vt 0.270588 0.501961
vt 0.000000 0.000000
vt 0.117647 0.545098
vt 0.352941 0.545098
vt 1.000000 1.000000
vt 0.000000 0.000000
vt 0.000000 0.000000
vt 0.000000 1.000000
vt 0.000000 0.000000
vt 1.000000 0.596078
vt 0.109804 0.678431
vt 0.074510 0.341176
vt 0.074510 0.490196
vt 0.000000 0.533333
vt 0.000000 0.000000
vt 0.000000 0.000000
vt 0.749020 0.933333
vt 0.854902 0.854902
vt 0.000000 0.141176
vt 0.000000 0.000000
vt 0.000000 0.000000
vt 0.501961 0.341176
vt 0.000000 0.000000
vt 0.960784 0.701961
vt 0.000000 0.000000
vt 0.462745 0.501961
vt 0.000000 0.000000
vt 1.000000 0.909804
vt 0.000000 0.000000
vt 0.352941 0.729412
vt 0.352941 0.639216
vt 0.000000 0.000000
vt 1.000000 0.835294
vt 0.000000 1.000000
vt 1.000000 0.082353
vt 0.000000 0.000000
vt 0.000000 0.000000
vt 0.000000 0.000000
vt 0.000000 0.082353
vt 0.000000 0.000000
vt 0.000000 0.000000
vt 0.000000 0.000000
vt 0.109804 0.345098
vt 0.000000 0.000000
vt 0.000000 0.000000
vt 0.000000 0.000000
vt 0.000000 0.000000
vt 0.792157 0.086275
vt 1.000000 0.345098
vt 0.000000 0.000000
vt 0.811765 0.109804
vt 0.000000 0.000000
vt 0.000000 0.000000
vt 0.000000 0.000000
vt 0.000000 0.000000
vt 0.000000 0.501961
vt 0.000000 0.000000
vt 0.000000 0.000000
vt 0.000000 0.784314
vt 0.000000 0.000000
vt 0.501961 1.000000
vt 0.000000 0.000000
vt 0.000000 0.215686
vt 0.000000 0.000000
vt 0.000000 0.070588
vt 0.000000 0.000000
vt 0.588235 0.070588
vt 0.000000 0.000000
vt 0.000000 0.000000
vt 0.117647 0.823529
vt 0.000000 0.000000
vt 0.000000 0.168627
vt 0.066667 0.749020
vt 0.000000 0.000000
vt 0.000000 0.000000
vt 0.000000 0.000000
vt 0.231373 0.070588
vt 0.000000 0.000000
vt 0.000000 0.000000
vt 0.074510 0.584314
vt 0.000000 0.000000
vt 0.109804 0.262745
vt 0.000000 0.000000
vt 0.000000 0.376471
vt 0.000000 0.000000
vt 0.470588 0.000000
vt 0.462745 0.800000
vt 0.462745 0.905882
vt 0.352941 0.913726
vt 0.996078 0.929412
vt 0.992157 0.949020
vt 0.000000 0.000000
vt 0.000000 0.835294
vt 0.000000 0.000000
vt 0.819608 0.180392
vt 1.000000 0.098039
vt 0.819608 0.098039
vt 0.819608 0.513726
vt 1.000000 0.427451
vt 0.819608 0.427451
vt 0.000000 0.000000
vt 0.000000 0.000000
vt 1.000000 0.035294
vt 0.109804 0.596078
vt 0.000000 0.000000
vt 0.000000 0.000000
vt 0.588235 0.929412
vt 0.352941 0.000000
vt 0.000000 0.000000
vt 0.000000 0.000000
vt 0.000000 0.000000
vt 0.372549 0.341176
vt 0.000000 0.000000
vt 0.501961 0.341176
vt 0.000000 0.000000
vt 0.000000 0.000000
vt 0.823529 0.929412
vt 0.388235 0.988235
vt 0.000000 0.000000
vt 0.000000 0.894118
vt 0.000000 0.000000
vt 0.000000 0.000000
vt 0.000000 0.949020
vt 0.588235 0.898039
vt 0.823529 0.898039
vt 0.345098 0.925490
vt 0.227451 0.000000
vt 0.000000 0.000000
vt 0.000000 0.000000
vt 0.282353 0.949020
vt 0.501961 0.341176
vt 0.019608 0.980392
vt 0.988235 0.968628
vt 0.462745 0.047059
vt 0.000000 0.000000
vt 0.364706 1.000000
vt 0.000000 0.000000
vt 0.000000 0.000000
vt 0.000000 0.000000
vt 0.000000 0.000000
vt 0.000000 0.000000
vt 0.000000 0.909804
vt 0.000000 0.000000
vt 0.823529 0.035294
vt 0.000000 0.250980
vt 0.109804 0.513726
vt 1.000000 0.505882
vt 0.074510 0.266667
vt 0.000000 0.000000
vt 0.000000 0.666667
vt 1.000000 0.666667
vt 0.000000 0.333333
vt 0.462745 0.121569
vt 0.000000 0.000000
vt 0.000000 0.000000
vt 0.823529 0.000000
vt 0.823529 0.964706
vt 0.000000 0.000000
vt 0.352941 0.913726
vt 0.117647 0.823529
vt 0.000000 0.250980
vt 0.109804 0.427451
vt 0.000000 0.372549
vt 0.000000 0.000000
vt 0.000000 0.000000
vt 0.000000 0.000000
vt 0.000000 0.000000
vt 0.000000 0.454902
vt 0.000000 0.533333
vt 0.000000 0.000000
vt 0.074510 0.160784
vt 0.000000 0.000000
vt 0.000000 0.000000
vt 0.000000 0.639216
vt 0.109804 0.262745
vt 0.000000 0.360784
vt 0.000000 0.000000
vt 0.000000 0.454902
vt 0.000000 0.000000
vt 0.588235 0.035294
vt 0.000000 0.000000
vt 0.000000 0.000000
vt 0.000000 0.337255
vt 0.074510 0.905882
vt 0.000000 0.000000
vt 0.109804 0.098039
vt 0.000000 0.000000
vt 0.109804 0.345098
vt 0.074510 0.478431
vt 0.000000 0.000000
vt 0.000000 0.000000
vt 0.000000 0.000000
vt 0.000000 0.000000
vt 0.000000 0.000000
vt 0.000000 0.376471
vt 0.000000 0.000000
vt 0.000000 0.356863
vt 0.000000 0.286275
vt 0.352941 1.000000
vt 0.823529 0.101961
vt 0.000000 0.000000
vt 0.000000 0.000000
vt 0.000000 0.000000
vt 0.000000 0.427451
vt 0.462745 0.266667
vt 0.000000 0.000000
vt 0.000000 0.000000
vt 0.000000 0.000000
vt 0.109804 0.180392
vt 0.000000 0.584314
vt 0.627451 0.341176
vt 0.588235 0.101961
vt 0.282353 0.050980
vt 0.000000 0.835294
vt 0.000000 0.917647
vt 0.501961 0.015686
vt 0.000000 0.000000
vt 0.623529 0.011765
vt 0.352941 0.545098
vt 0.501961 0.341176
vt 0.462745 0.639216
vt 0.462745 0.564706
vt 0.270588 0.862745
vt 0.462745 0.788235
vt 0.000000 0.000000
vt 0.376471 0.019608
vt 0.145098 0.854902
vt 0.000000 0.000000
vt 0.000000 0.000000
vt 0.117647 0.176471
vt 0.352941 0.454902
vt 0.000000 1.000000
vt 0.000000 0.000000
vt 0.129412 0.839216
vt 0.078431 0.772549
vt 0.000000 0.000000
vt 0.125490 0.023529
vt 0.000000 0.000000
vt 0.000000 0.000000
vt 0.117647 0.270588
vt 0.462745 0.862745
vt 0.117647 0.360784
vt 0.352941 0.176471
vt 0.117647 0.270588
vt 0.352941 0.360784
vt 0.588235 0.964706
vt 0.352941 0.823529
vt 0.117647 0.729412
vt 0.352941 0.729412
vt 0.823529 0.070588
vt 0.705882 0.000000
vt 0.588235 0.000000
vt 0.117647 0.545098
vt 0.000000 0.545098
vt 0.117647 0.639216
vt 0.117647 0.454902
vt 0.117647 0.360784
vt 0.352941 0.360784
vt 0.352941 0.270588
vt 0.352941 0.964706
vt 0.470588 1.000000
vt 0.588235 1.000000
vt 0.705882 1.000000
vt 0.000000 0.270588
vt 0.345098 0.262745
vt 0.584314 0.262745
vt 0.345098 0.678431
vt 0.117647 0.913726
vt 0.270588 0.788235
vt 0.074510 0.788235
vt 0.074510 0.756863
vt 0.352941 0.454902
vt 0.996078 0.929412
vt 0.992157 0.949020
vt 1.000000 0.921569
vt 0.117647 0.639216
vt 0.000000 1.000000
vt 0.627451 0.341176
vt 0.117647 0.729412
vt 0.352941 0.823529
vt 0.352941 0.035294
vt 0.352941 0.176471
vt 0.823529 1.000000
vt 0.772549 1.000000
vt 0.807843 0.894118
vt 0.000000 0.000000
vt 0.372549 0.341176
vt 0.117647 0.086275
vt 0.352941 0.086275
vt 0.235294 1.000000
vt 0.000000 0.000000
vt 0.352941 0.639216
vt 0.388235 0.011765
vt 0.117647 0.913726
vt 0.027451 0.992157
vt 0.000000 0.000000
vt 0.000000 0.000000
vt 0.192157 0.894118
vt 0.188235 0.023529
vt 0.000000 0.133333
vt 0.266667 0.160784
vt 0.266667 0.054902
vt 0.462745 0.160784
vt 0.266667 0.266667
vt 0.266667 0.372549
vt 0.000000 0.941177
vt 0.266667 0.905882
vt 0.074510 1.000000
vt 0.172549 1.000000
vt 0.266667 0.584314
vt 0.462745 0.690196
vt 0.266667 0.478431
vt 0.270588 0.490196
vt 0.000000 0.537255
vt 0.270588 0.564706
vt 0.074510 0.564706
vt 0.074510 0.415686
vt 0.270588 0.415686
vt 0.000000 0.372549
vt 0.270588 0.341176
vt 0.000000 0.662745
vt 0.270588 0.713726
vt 0.270588 0.639216
vt 0.074510 0.639216
vt 0.000000 0.619608
vt 0.000000 0.639216
vt 0.819608 0.596078
vt 0.819608 0.513726
vt 1.000000 0.513726
vt 0.819608 0.345098
vt 0.819608 0.262745
vt 0.819608 0.015686
vt 0.909804 0.000000
vt 0.819608 0.000000
vt 0.701961 0.000000
vt 0.584314 0.015686
vt 0.584314 0.000000
vt 0.109804 0.015686
vt 0.345098 0.015686
vt 0.345098 0.000000
vt 0.345098 0.098039
vt 0.345098 0.180392
vt 0.584314 0.180392
vt 0.584314 0.098039
vt 0.345098 0.262745
vt 0.345098 0.345098
vt 0.584314 0.345098
vt 0.584314 0.262745
vt 0.345098 0.513726
vt 0.584314 0.513726
vt 0.584314 0.427451
vt 0.819608 0.427451
vt 0.345098 0.596078
vt 0.584314 0.596078
vt 0.819608 0.345098
vt 1.000000 0.345098
vt 0.584314 0.843137
vt 0.819608 0.843137
vt 0.584314 0.760784
vt 0.819608 0.760784
vt 0.584314 0.678431
vt 0.584314 0.596078
vt 0.584314 0.427451
vt 0.584314 0.345098
vt 0.466667 1.000000
vt 0.584314 0.925490
vt 0.345098 0.843137
vt 0.345098 0.760784
vt 0.345098 0.678431
vt 0.345098 0.596078
vt 0.345098 0.513726
vt 0.584314 0.513726
vt 0.266667 0.690196
vt 0.270588 0.756863
vt 0.376471 1.000000
vt 0.250980 1.000000
vt 0.584314 0.760784
vt 0.819608 0.760784
vt 0.584314 0.678431
vt 0.345098 0.760784
vt 0.819608 0.262745
vt 0.345098 0.345098
vt 0.000000 0.019608
vt 0.074510 0.054902
vt 0.000000 0.113725
vt 0.000000 0.054902
vt 0.000000 0.870588
vt 0.000000 0.494118
vt 0.109804 0.678431
vt 0.000000 0.647059
vt 1.000000 0.215686
vt 0.000000 0.000000
vt 0.000000 0.000000
vt 0.000000 0.572549
vt 0.074510 0.047059
vt 0.270588 0.047059
vt 0.000000 0.580392
vt 0.000000 0.000000
vt 1.000000 0.545098
vt 0.000000 0.000000
vt 0.000000 0.000000
vt 0.000000 0.415686
vt 0.000000 0.843137
vt 0.501961 0.000000
vt 0.129412 0.160784
vt 0.078431 0.227451
vt 0.000000 0.862745
vt 0.000000 0.807843
vt 0.000000 0.000000
vt 0.705882 0.039216
vt 0.345098 0.427451
vt 0.266667 0.800000
vt 0.000000 0.129412
vt 0.074510 0.372549
vt 0.000000 0.788235
vt 0.000000 0.882353
vt 1.000000 0.427451
vt 1.000000 0.843137
vt 0.000000 0.000000
vt 0.000000 0.631373
vt 0.921569 0.227451
vt 0.000000 0.600000
vt 0.152941 0.125490
vt 0.819608 0.925490
vt 0.074510 0.690196
vt 0.000000 0.000000
vt 0.000000 0.000000
vt 0.000000 0.000000
vt 0.074510 0.800000
vt 0.000000 0.000000
vt 0.000000 0.000000
vt 0.000000 0.494118
vt 0.109804 0.513726
vt 0.270588 0.000000
vt 0.949020 0.125490
vt 0.992157 0.168627
vt 0.109804 0.427451
vt 0.000000 0.000000
vt 0.270588 0.121569
vt 0.000000 0.000000
vt 0.584314 0.007843
vt 0.000000 0.000000
vt 0.074510 0.121569
vt 0.270588 0.196078
vt 0.462745 0.196078
vt 0.000000 0.105882
vt 0.000000 0.780392
vt 0.074510 0.713726
vt 0.270588 0.266667
vt 0.074510 0.266667
vt 0.074510 0.196078
vt 0.000000 0.000000
vt 0.000000 0.000000
vt 0.462745 0.713726
vt 0.000000 0.000000
vt 0.462745 0.490196
vt 0.000000 0.000000
vt 0.462745 0.415686
vt 0.000000 0.000000
vt 0.462745 0.341176
vt 0.192157 0.105882
vt 0.000000 0.458824
vt 0.000000 0.580392
vn 0.6124 0.3535 -0.7071
vn 0.6124 0.3536 -0.7071
vn 0.6830 0.1830 -0.7071
vn 0.6124 -0.3535 -0.7071
vn 0.5000 -0.5000 -0.7071
vn 0.7071 0.0000 -0.7071
vn 0.9763 0.2151 0.0225
vn 0.9099 0.4079 0.0761
vn -0.1258 0.2152 0.9684
vn -0.2983 0.2968 0.9071
vn 0.9338 -0.3004 -0.1944
vn 0.9884 0.1317 -0.0757
vn -0.1007 0.0107 -0.9949
vn -0.1445 0.0768 -0.9865
vn -0.0962 0.1394 -0.9855
vn -0.1833 -0.1616 -0.9697
vn -0.1106 -0.1078 -0.9880
vn -0.0742 -0.1926 -0.9785
vn -0.8110 0.2145 0.5442
vn -0.6316 0.4116 0.6570
vn -0.7751 0.3346 0.5360
vn 0.7943 -0.4210 0.4379
vn 0.9004 -0.3117 0.3036
vn 0.6622 -0.4837 0.5723
vn 0.9102 -0.4110 0.0510
vn 0.9552 -0.2489 0.1600
vn 0.8533 -0.5160 0.0753
vn 0.8728 -0.4880 0.0000
vn -0.7513 0.2149 0.6239
vn -0.3835 0.0430 0.9225
vn -0.8116 0.5335 0.2380
vn 0.4329 -0.5635 -0.7036
vn 0.3915 -0.5092 -0.7664
vn -0.3749 0.2145 0.9019
vn -0.2664 0.3921 0.8805
vn -0.0001 0.9999 0.0107
vn 0.7349 0.5228 -0.4320
vn 0.7078 0.5549 -0.4371
vn 0.7706 0.6176 -0.1572
vn 0.6090 -0.4211 0.6721
vn 0.6205 -0.2413 0.7462
vn 0.5735 -0.2649 0.7752
vn 0.0000 -1.0000 0.0000
vn 0.0419 -0.9966 0.0711
vn -0.0069 -0.9966 0.0823
vn -0.0767 -0.9966 0.0306
vn -0.0732 -0.9966 -0.0384
vn -0.0543 -0.9966 -0.0622
vn 0.9171 0.1211 -0.3798
vn 0.9785 0.0468 -0.2009
vn -0.1888 0.9619 0.1980
vn -0.1044 0.9905 0.0899
vn 0.0007 1.0000 -0.0005
vn -0.1867 0.9619 0.1996
vn 0.7379 0.4001 0.5436
vn 0.8500 0.3578 0.3867
vn -0.5703 0.2153 0.7927
vn -0.4588 0.3891 0.7988
vn 0.0020 -1.0000 -0.0077
vn -0.0185 -0.9972 0.0724
vn 0.6047 0.7525 -0.2607
vn 0.7331 0.6638 -0.1479
vn 0.6181 0.7694 -0.1612
vn 0.7118 0.6832 -0.1630
vn 0.0000 1.0000 0.0000
vn 0.0445 0.9981 -0.0429
vn 0.0567 0.9981 0.0247
vn 0.1099 0.9936 0.0250
vn 0.1314 0.9797 -0.1513
vn 0.1579 0.9874 -0.0135
vn 0.1476 0.9877 0.0513
vn 0.1371 0.9905 -0.0097
vn 0.1693 0.9775 0.1259
vn 0.8453 0.2672 -0.4627
vn 0.8163 0.2994 -0.4940
vn 0.9013 0.3667 -0.2309
vn 0.8218 0.3327 -0.4626
vn 0.7652 0.3815 -0.5186
vn 0.8766 0.2855 -0.3873
vn 0.6332 -0.3157 -0.7067
vn -0.6828 0.1822 -0.7075
vn -0.6564 0.2717 -0.7038
vn -0.6125 0.3542 -0.7067
vn -0.5881 0.3205 -0.7426
vn 0.5228 0.6805 -0.5134
vn 0.5918 0.6668 -0.4530
vn 0.5476 0.6852 -0.4803
vn 0.6811 0.6483 -0.3404
vn 0.6222 0.6471 -0.4406
vn 0.8588 -0.4918 -0.1433
vn 0.9434 -0.3176 -0.0957
vn 0.8237 -0.5569 -0.1063
vn 0.9154 -0.3075 -0.2597
vn 0.9518 -0.2678 -0.1498
vn 0.9171 -0.1211 -0.3798
vn 0.9538 -0.0242 -0.2994
vn 0.9480 0.0269 -0.3173
vn 0.8654 0.0000 -0.5011
vn -0.7681 0.0172 -0.6401
vn -0.7071 0.0000 -0.7071
vn -0.6390 -0.0026 -0.7692
vn 0.6567 0.2723 -0.7033
vn 0.6757 0.3469 -0.6504
vn 0.7187 0.2200 -0.6596
vn 0.0616 0.9981 0.0040
vn -0.0490 0.9949 0.0881
vn 0.0371 0.9993 0.0081
vn -0.0643 0.9926 0.1029
vn -0.6347 0.2147 0.7423
vn -0.7519 0.6483 0.1194
vn -0.6778 0.0301 0.7346
vn -0.8865 0.1979 0.4182
vn -0.8497 0.2151 0.4814
vn -0.3977 -0.0302 0.9170
vn -0.7896 0.6109 -0.0588
vn 0.1477 0.0612 -0.9871
vn 0.2389 0.0694 -0.9686
vn 0.1017 0.1322 -0.9860
vn 0.0099 0.2033 -0.9791
vn 0.0882 0.2137 -0.9729
vn 0.2216 0.5370 -0.8140
vn 0.1632 0.4627 -0.8714
vn 0.3002 0.6040 -0.7383
vn -0.0748 -0.9969 0.0250
vn 0.0007 -1.0000 -0.0085
vn 0.8273 -0.4808 -0.2906
vn 0.8405 -0.5330 -0.0976
vn 0.0363 -0.9991 -0.0196
vn 0.6044 -0.7518 -0.2635
vn 0.7404 -0.5091 -0.4389
vn 0.8512 -0.3413 -0.3987
vn 0.8777 -0.3074 -0.3677
vn 0.9522 -0.2395 -0.1897
vn -0.6125 -0.3538 -0.7069
vn -0.4846 -0.4628 -0.7423
vn -0.5633 -0.4324 -0.7040
vn -0.6026 -0.3494 -0.7175
vn 0.6697 0.0163 -0.7425
vn 0.7045 0.0926 -0.7037
vn 0.6726 0.1792 -0.7180
vn 0.7452 -0.5287 -0.4064
vn 0.8399 -0.3471 -0.4172
vn 0.8866 -0.2968 -0.3547
vn 0.1677 0.0000 -0.9858
vn 0.1551 0.0175 -0.9878
vn 0.1470 -0.0481 -0.9880
vn 0.2386 -0.0396 -0.9703
vn -0.9766 0.2151 -0.0072
vn -0.9141 0.4008 0.0618
vn 0.0002 0.9999 0.0107
vn 0.0014 0.9999 0.0110
vn 0.0039 0.9999 0.0114
vn 0.0102 0.9999 0.0116
vn 0.0795 0.9881 0.1318
vn 0.0000 0.0000 -1.0000
vn 0.0006 -0.0794 -0.9968
vn -0.0428 -0.0669 -0.9968
vn -0.0789 -0.0085 -0.9968
vn -0.0001 0.0000 -1.0000
vn 0.0263 0.2133 -0.9766
vn 0.0843 0.2652 -0.9605
vn -0.0271 0.5537 -0.8323
vn 0.1289 0.4542 -0.8815
vn -0.0731 0.7085 -0.7019
vn 0.1048 0.6551 -0.7482
vn 0.0127 -0.9999 -0.0099
vn 0.7422 -0.5701 -0.3523
vn 0.7980 -0.5553 -0.2342
vn 0.7652 -0.3815 -0.5186
vn 0.8137 -0.4711 -0.3406
vn -0.5664 0.2960 -0.7691
vn -0.6332 0.3157 -0.7067
vn -0.5668 0.4292 -0.7032
vn 0.1477 -0.0612 -0.9871
vn 0.1366 0.0308 -0.9901
vn 0.1551 -0.0175 -0.9878
vn -0.0370 0.9993 0.0081
vn -0.0291 0.9995 0.0096
vn -0.0194 0.9998 0.0110
vn -0.0134 0.9998 0.0115
vn -0.0058 0.9999 0.0115
vn -0.0031 0.9999 0.0113
vn -0.0062 0.9974 0.0717
vn 0.6376 0.2859 0.7153
vn 0.6494 0.2153 0.7293
vn 0.5104 0.3577 0.7820
vn 0.7852 0.2151 0.5807
vn 0.7702 0.3045 0.5605
vn 0.1865 0.7558 -0.6277
vn 0.0726 0.7548 -0.6520
vn 0.1117 0.7823 -0.6128
vn 0.2158 -0.4212 0.8809
vn 0.2726 -0.4652 0.8422
vn 0.3852 -0.3122 0.8684
vn 0.0285 -0.4834 0.8750
vn 0.5476 -0.6852 -0.4803
vn 0.6811 -0.6483 -0.3405
vn 0.4329 0.5635 -0.7036
vn 0.4704 0.6130 -0.6348
vn 0.5632 -0.4324 -0.7041
vn 0.5228 -0.6805 -0.5134
vn 0.1106 0.1078 -0.9880
vn 0.1833 0.1616 -0.9697
vn 0.1445 0.0768 -0.9865
vn 0.0927 0.1541 -0.9837
vn 0.2319 0.0976 -0.9678
vn -0.0829 0.9966 0.0000
vn 0.1130 0.9618 0.2493
vn 0.0443 0.9904 0.1306
vn -0.0002 1.0000 -0.0010
vn 0.1152 0.9619 0.2480
vn -0.2503 0.9618 0.1107
vn -0.1308 0.9905 0.0431
vn 0.0009 1.0000 -0.0002
vn -0.2490 0.9619 0.1130
vn -0.0291 0.2763 -0.9606
vn 0.0291 0.2763 -0.9606
vn 0.0140 0.4064 -0.9136
vn 0.9045 0.3155 0.2869
vn 0.9693 0.2152 0.1193
vn -0.1586 0.5840 -0.7961
vn -0.0806 0.7207 -0.6885
vn 0.0354 0.7155 -0.6978
vn -0.0726 0.7549 -0.6518
vn -0.1866 0.7556 -0.6279
vn -0.0510 0.8471 -0.5289
vn 0.0312 0.8949 -0.4451
vn 0.0021 0.9613 -0.2754
vn -0.0655 -0.9972 0.0358
vn 0.0049 -1.0000 -0.0075
vn 0.3353 0.6197 -0.7096
vn 0.2015 -0.7201 -0.6640
vn 0.2217 -0.5370 -0.8139
vn 0.0882 -0.2137 -0.9729
vn 0.0947 -0.1507 -0.9840
vn 0.1017 -0.1322 -0.9860
vn 0.1502 -0.0531 -0.9872
vn 0.3002 -0.6040 -0.7383
vn 0.1633 -0.4627 -0.8713
vn -0.1608 0.9869 -0.0138
vn 0.6716 0.2321 -0.7036
vn 0.5713 0.2862 -0.7692
vn 0.6332 0.3157 -0.7067
vn 0.6620 0.2286 -0.7138
vn -0.0843 0.2652 -0.9605
vn -0.1193 0.3526 -0.9281
vn -0.1289 0.4542 -0.8815
vn 0.0358 0.3704 -0.9282
vn -0.1048 0.6551 -0.7482
vn 0.0284 0.5498 -0.8348
vn -0.1259 0.2450 -0.9613
vn -0.0309 0.2749 -0.9610
vn -0.0021 0.9613 -0.2754
vn -0.0312 0.8949 -0.4451
vn 0.0503 0.8469 -0.5294
vn 0.8887 -0.3672 -0.2747
vn 0.9613 -0.2082 -0.1804
vn 0.8176 -0.5397 -0.2005
vn -0.0820 -0.9966 0.0129
vn -0.0020 -1.0000 -0.0077
vn 0.0262 -0.9972 0.0698
vn 0.0425 -0.3002 -0.9529
vn 0.1295 -0.4549 -0.8811
vn 0.2938 -0.5778 -0.7614
vn -0.0496 -0.3850 -0.9216
vn 0.0845 -0.2574 -0.9626
vn 0.0846 -0.2419 -0.9666
vn -0.1702 0.3819 0.9084
vn -0.0774 0.4438 0.8928
vn -0.0021 0.4999 0.8661
vn -0.0675 0.2713 0.9601
vn 0.0243 0.2970 0.9546
vn -0.0396 0.0945 -0.9947
vn -0.0947 0.1507 -0.9840
vn -0.0882 0.2137 -0.9729
vn -0.2216 0.5370 -0.8140
vn -0.0241 0.6763 -0.7362
vn -0.3002 0.6040 -0.7383
vn 0.3353 -0.6197 -0.7096
vn -0.2077 -0.5013 0.8400
vn -0.0473 -0.4243 0.9043
vn 0.0011 -0.3758 0.9267
vn -0.0769 -0.9968 0.0232
vn -0.0007 -1.0000 -0.0085
vn 0.0780 -0.9968 0.0166
vn 0.0685 -0.7864 -0.6139
vn 0.0619 -0.2786 -0.9584
vn 0.1713 -0.4185 -0.8919
vn -0.1470 0.0481 -0.9880
vn -0.6047 0.7525 -0.2607
vn -0.0406 -0.2709 -0.9618
vn 0.0288 -0.2891 -0.9569
vn 0.9861 -0.0884 0.1410
vn 0.9225 0.2449 0.2985
vn 0.8950 0.2763 0.3501
vn 0.8164 0.1799 0.5487
vn -0.1017 0.1322 -0.9860
vn -0.0405 0.1827 -0.9823
vn -0.4331 -0.5634 -0.7036
vn -0.5002 -0.5002 -0.7068
vn -0.3900 -0.5095 -0.7670
vn -0.4836 -0.6025 -0.6350
vn -0.3862 0.5785 -0.7185
vn -0.4278 0.6565 -0.6213
vn -0.3119 -0.3211 0.8942
vn -0.2143 -0.4880 0.8461
vn 0.0040 -0.9973 0.0734
vn 0.0000 -1.0000 -0.0092
vn 0.0000 -0.9651 -0.2620
vn 0.0021 -0.9613 -0.2754
vn -0.0548 -0.2901 -0.9554
vn 0.0150 -0.2764 -0.9609
vn 0.0030 -0.4525 -0.8918
vn -0.1453 -0.3098 -0.9396
vn 0.0406 -0.2709 -0.9618
vn -0.5329 0.6827 -0.4999
vn -0.5476 0.6852 -0.4803
vn -0.6811 0.6483 -0.3404
vn 0.5634 0.4324 -0.7040
vn 0.4998 0.4998 -0.7074
vn 0.6027 0.3494 -0.7174
vn 0.6126 0.3538 -0.7068
vn -0.8082 0.4578 -0.3704
vn -0.6882 0.6961 -0.2046
vn -0.7422 0.5701 -0.3523
vn -0.5228 0.6805 -0.5134
vn -0.4144 0.6962 -0.5861
vn -0.6242 0.6466 -0.4385
vn 0.7120 0.3160 0.6270
vn 0.7971 0.1104 0.5936
vn 0.8399 0.2144 0.4987
vn -0.9356 0.2151 0.2801
vn -0.5375 0.8217 0.1892
vn 0.5097 0.6137 0.6030
vn 0.9399 0.2155 0.2648
vn 0.9616 0.1883 0.1994
vn -0.0577 0.2152 0.9749
vn 0.8880 0.3019 0.3468
vn 0.7885 -0.0319 0.6142
vn 0.9181 0.2143 0.3333
vn 0.9460 0.1999 0.2551
vn -0.9283 0.3162 -0.1957
vn -0.9318 0.3562 -0.0702
vn -0.8404 0.5399 -0.0463
vn 0.9416 0.3270 -0.0806
vn 0.9769 0.2114 -0.0314
vn 0.9794 0.1447 -0.1406
vn -0.1018 -0.6682 -0.7370
vn -0.0289 -0.5151 -0.8567
vn 0.5047 0.1303 0.8534
vn 0.6442 0.2150 0.7340
vn 0.7289 0.4830 0.4853
vn 0.1586 0.0280 0.9869
vn 0.1835 0.2148 0.9593
vn 0.2637 0.3902 0.8821
vn 0.6973 0.2975 0.6522
vn 0.6109 0.1673 0.7738
vn 0.7378 0.2148 0.6399
vn 0.7964 0.2056 0.5687
vn -0.4341 0.2151 0.8748
vn -0.4957 0.2142 0.8417
vn -0.6259 0.3140 0.7139
vn -0.7076 -0.0005 -0.7066
vn -0.7044 -0.0926 -0.7037
vn -0.9751 0.2146 0.0567
vn -0.5511 0.6170 0.5618
vn -0.8557 0.0084 -0.5175
vn -0.1445 -0.0768 -0.9865
vn -0.1507 0.0026 -0.9886
vn -0.0660 -0.0862 -0.9941
vn -0.0927 -0.1541 -0.9837
vn -0.0685 -0.7863 -0.6141
vn -0.0462 -0.8509 -0.5233
vn 0.0438 -0.8246 -0.5641
vn -0.0021 -0.9613 -0.2754
vn -0.0619 -0.2786 -0.9584
vn -0.1844 -0.1343 -0.9736
vn -0.1938 -0.3979 -0.8967
vn -0.0845 -0.2574 -0.9626
vn -0.6332 -0.3157 -0.7067
vn -0.5713 -0.2862 -0.7692
vn -0.6954 -0.3288 -0.6390
vn -0.7652 0.3815 -0.5186
vn -0.6810 0.3910 -0.6192
vn -0.8399 0.3471 -0.4172
vn -0.1470 -0.0481 -0.9880
vn -0.2358 -0.0595 -0.9700
vn -0.1650 0.0294 -0.9859
vn -0.0842 -0.0964 -0.9918
vn -0.2379 0.0755 -0.9683
vn -0.2108 0.1264 -0.9693
vn -0.0700 0.0751 -0.9947
vn -0.4772 -0.3119 0.8216
vn -0.4774 -0.4881 0.7306
vn -0.4034 -0.5039 0.7638
vn 0.4347 0.2151 0.8745
vn 0.3392 0.3968 0.8530
vn -0.3039 -0.5562 -0.7735
vn -0.1680 -0.4791 -0.8615
vn -0.2014 -0.7202 -0.6639
vn -0.2016 -0.3991 -0.8944
vn -0.0479 -0.6141 -0.7878
vn -0.1295 -0.4549 -0.8811
vn -0.1095 -0.2997 -0.9477
vn -0.1546 -0.2753 -0.9488
vn -0.0882 -0.2137 -0.9729
vn -0.6564 -0.2717 -0.7038
vn -0.7291 -0.3200 -0.6050
vn -0.7363 -0.3017 -0.6057
vn -0.3697 -0.7212 -0.5859
vn -0.3995 -0.5548 -0.7298
vn -0.3352 -0.6197 -0.7096
vn -0.2730 -0.6343 -0.7233
vn 0.7045 -0.0926 -0.7036
vn 0.6825 -0.1826 -0.7077
vn 0.6935 -0.1844 -0.6965
vn -0.9162 0.1212 -0.3820
vn -0.9364 -0.0773 -0.3423
vn -0.0800 -0.0073 -0.9968
vn -0.1551 0.0175 -0.9878
vn 0.6891 0.2150 0.6920
vn 0.8177 0.2057 0.5376
vn 0.8296 0.1827 0.5276
vn 0.3885 0.3814 0.8388
vn -0.4373 0.5380 -0.7206
vn -0.3352 0.6197 -0.7096
vn -0.3002 -0.6040 -0.7383
vn -0.1632 -0.4626 -0.8714
vn 0.6565 -0.2717 -0.7038
vn 0.5886 -0.2591 -0.7658
vn 0.7134 -0.2966 -0.6349
vn -0.1725 -0.1883 -0.9668
vn -0.1017 -0.1322 -0.9860
vn -0.0560 -0.2133 -0.9754
vn -0.1106 0.1078 -0.9880
vn -0.0736 0.1777 -0.9813
vn -0.1050 0.0288 -0.9941
vn -0.8609 -0.4880 0.1436
vn -0.9437 -0.3222 0.0747
vn -0.8256 -0.4878 0.2835
vn -0.9185 -0.3223 0.2292
vn -0.7998 -0.4832 -0.3561
vn -0.9040 -0.3488 -0.2473
vn -0.9688 -0.2224 -0.1091
vn -0.8609 -0.4880 -0.1436
vn -0.9168 -0.3219 -0.2361
vn -0.8654 0.0000 -0.5011
vn -0.1326 -0.0853 -0.9875
vn -0.1677 0.0000 -0.9858
vn -0.1130 0.0573 -0.9919
vn -0.4284 -0.7834 -0.4503
vn -0.5228 -0.6805 -0.5134
vn -0.4428 -0.7026 -0.5571
vn -0.5633 0.4324 -0.7040
vn -0.6342 0.4817 -0.6048
vn -0.3980 -0.7489 -0.5299
vn -0.5329 -0.6827 -0.4999
vn -0.5476 -0.6852 -0.4803
vn -0.7706 -0.6176 -0.1572
vn -0.6993 -0.5675 -0.4346
vn -0.7422 -0.5701 -0.3523
vn 0.1445 -0.0768 -0.9865
vn 0.1481 -0.1691 -0.9744
vn -0.9162 -0.1212 -0.3820
vn -0.9780 -0.0472 -0.2031
vn -0.6372 0.0837 -0.7661
vn -0.7045 0.0926 -0.7037
vn -0.6362 0.0846 -0.7669
vn -0.4961 0.6222 -0.6056
vn -0.4831 0.6336 -0.6044
vn -0.4330 0.5634 -0.7036
vn -0.7612 -0.4138 -0.4994
vn -0.8399 -0.3471 -0.4172
vn -0.9032 -0.2716 -0.3324
vn 0.1470 0.0481 -0.9880
vn 0.2270 0.0061 -0.9739
vn -0.0093 -0.9999 -0.0087
vn 0.0744 -0.9878 -0.1365
vn -0.7652 -0.3815 -0.5186
vn -0.7307 -0.2978 -0.6144
vn -0.7727 -0.4457 -0.4520
vn -0.0217 -0.9997 -0.0137
vn -0.5375 -0.7740 -0.3348
vn -0.6044 -0.7518 -0.2635
vn -0.1477 -0.0612 -0.9871
vn -0.0690 -0.0685 -0.9953
vn -0.8234 -0.3511 -0.4458
vn -0.8278 -0.4799 -0.2904
vn -0.9156 -0.3744 -0.1464
vn -0.0363 -0.9991 -0.0196
vn -0.0674 -0.9961 0.0568
vn 0.9957 0.0923 -0.0000
vn 0.9788 0.0907 -0.1838
vn 0.9618 0.2737 0.0000
vn 0.9788 0.0907 -0.1837
vn 0.9454 0.2690 -0.1838
vn 0.6785 0.5124 -0.5264
vn 0.7844 0.5924 -0.1838
vn 0.7611 0.3790 -0.5264
vn 0.8799 0.4382 -0.1838
vn 0.8799 0.4382 -0.1837
vn 0.8178 0.2327 -0.5264
vn 0.0874 -0.2594 -0.9618
vn 0.1924 -0.5711 -0.7980
vn 0.0296 -0.2721 -0.9618
vn 0.0652 -0.5991 -0.7980
vn -0.7844 0.5924 -0.1837
vn -0.6785 0.5124 -0.5264
vn -0.8799 0.4381 -0.1837
vn -0.7611 0.3790 -0.5264
vn 0.0588 0.2673 -0.9618
vn 0.0000 0.4457 -0.8952
vn 0.1296 0.5885 -0.7980
vn 0.0000 0.6026 -0.7980
vn 0.0000 0.7390 -0.6737
vn -0.9788 0.0907 -0.1838
vn -0.9957 0.0923 -0.0000
vn -0.9455 0.2690 -0.1837
vn -0.9618 0.2737 0.0000
vn -0.9454 0.2690 -0.1838
vn -0.9788 0.0907 -0.1837
vn -0.8466 0.0784 -0.5264
vn -0.9788 -0.0907 -0.1837
vn -0.9788 -0.0907 -0.1838
vn -0.8466 -0.0784 -0.5264
vn -0.9454 -0.2690 -0.1838
vn -0.8178 -0.2327 -0.5264
vn -0.8799 -0.4382 -0.1837
vn -0.8799 -0.4382 -0.1838
vn -0.7611 -0.3790 -0.5264
vn 0.0919 -0.8452 -0.5264
vn 0.0000 -0.7390 -0.6737
vn -0.0000 -0.6026 -0.7980
vn 0.0000 -0.4457 -0.8952
vn 0.0000 -0.8502 -0.5264
vn 0.8800 0.4382 -0.1834
vn 0.8945 0.4470 -0.0011
vn 0.9620 0.2729 -0.0014
vn 0.9190 0.3282 -0.2184
vn -0.8547 0.5088 -0.1031
vn -0.8485 0.5276 -0.0403
vn -0.6065 0.7945 -0.0291
vn -0.7337 0.6694 -0.1163
vn 0.9322 0.3523 -0.0836
vn 0.8631 0.4541 -0.2211
vn 0.8572 0.4222 -0.2949
vn 0.8438 0.4846 -0.2304
vn 0.7829 0.5889 -0.2005
vn 0.8786 0.4687 0.0917
vn 0.9670 0.1349 -0.2163
vn 0.9720 0.2277 -0.0573
vn 0.8325 0.3011 -0.4651
vn 0.8317 0.3597 -0.4230
vn 0.7602 0.5405 -0.3606
vn 0.7658 0.6192 -0.1739
vn 0.6981 -0.6397 -0.3217
vn 0.7837 -0.5666 -0.2544
vn 0.5738 -0.7767 -0.2598
vn 0.5496 -0.7639 -0.3383
vn -0.9650 0.0287 -0.2605
vn -0.8991 -0.3620 -0.2462
vn -0.9590 -0.2809 -0.0372
vn -0.9917 -0.1234 -0.0373
vn 0.9612 -0.0048 -0.2757
vn 0.9704 0.1116 -0.2141
vn 0.9970 0.0162 -0.0754
vn 0.8769 -0.0171 -0.4804
vn 0.9220 0.1410 -0.3607
vn 0.9761 0.1416 -0.1648
vn 0.9311 0.1741 -0.3205
vn 0.9273 0.2804 -0.2481
vn 0.9311 0.0520 -0.3611
vn 0.8881 0.2862 -0.3597
vn 0.7830 0.4453 -0.4343
vn 0.9508 0.2594 -0.1693
vn -0.5865 0.7253 -0.3605
vn -0.5841 0.6183 -0.5258
vn 0.0000 1.0000 0.0002
vn -0.0236 0.9981 -0.0571
vn 0.0497 0.9981 -0.0368
vn 0.8635 0.3345 -0.3775
vn 0.8925 0.4061 -0.1961
vn 0.9312 0.3086 -0.1941
vn 0.7880 0.4879 -0.3754
vn 0.7972 0.5730 -0.1901
vn 0.8912 0.3792 -0.2491
vn 0.5330 0.6828 -0.4998
vn 0.6054 0.6583 -0.4473
vn 0.5865 -0.7253 -0.3605
vn 0.5841 -0.6183 -0.5258
vn 0.8815 -0.3062 -0.3594
vn 0.8821 -0.1249 -0.4543
vn 0.9509 -0.1343 -0.2787
vn 0.7839 -0.4480 -0.4298
vn 0.8880 -0.2864 -0.3596
vn 0.9526 -0.2514 -0.1713
vn 0.9311 -0.1741 -0.3205
vn 0.9586 -0.0524 -0.2799
vn 0.8976 -0.3010 -0.3221
vn 0.9219 -0.1411 -0.3607
vn 0.8747 0.0132 -0.4845
vn 0.9771 -0.1338 -0.1652
vn 0.9083 -0.1618 -0.3857
vn 0.9484 0.0198 -0.3165
vn 0.0277 0.9992 -0.0277
vn 0.0321 0.9989 -0.0351
vn 0.0830 0.9966 0.0000
vn -0.9908 0.0985 -0.0929
vn -0.9767 0.2122 -0.0311
vn -0.9478 0.2884 -0.1364
vn 0.1375 0.0838 -0.9869
vn 0.0171 0.1667 -0.9859
vn 0.0947 0.1507 -0.9840
vn 0.2031 0.7593 -0.6183
vn 0.2857 0.7524 -0.5935
vn 0.2767 0.5853 -0.7622
vn 0.4278 0.6566 -0.6212
vn 0.9083 -0.1459 -0.3920
vn 0.6507 -0.6382 -0.4115
vn 0.7397 -0.5540 -0.3820
vn 0.7066 -0.6443 -0.2925
vn 0.7606 -0.5013 -0.4125
vn 0.8364 -0.4033 -0.3712
vn 0.8125 -0.5030 -0.2946
vn 0.8692 -0.4580 -0.1865
vn 0.7557 -0.3849 -0.5299
vn 0.8641 -0.3531 -0.3587
vn -0.9306 -0.1716 -0.3233
vn -0.9721 -0.1975 -0.1265
vn -0.9733 0.0067 -0.2293
vn -0.9365 0.0273 -0.3495
vn -0.0713 -0.0345 -0.9969
vn 0.0236 -0.0756 -0.9969
vn -0.0764 -0.0217 -0.9968
vn 0.0130 -0.0783 -0.9968
vn -0.0792 -0.0066 -0.9968
vn -0.0713 0.0349 -0.9968
vn -0.0323 -0.0725 -0.9968
vn -0.0636 0.0475 -0.9968
vn 0.0019 0.0794 -0.9968
vn -0.0774 -0.0176 -0.9968
vn 0.0150 0.0780 -0.9968
vn 0.0056 0.2505 -0.9681
vn 0.0846 0.2419 -0.9666
vn 0.0779 0.1647 -0.9833
vn 0.0481 0.2672 -0.9624
vn 0.0945 0.5924 -0.8001
vn 0.1224 0.4286 -0.8951
vn -0.2676 -0.6141 -0.7425
vn -0.4763 -0.5073 -0.7182
vn 0.0217 -0.9997 -0.0137
vn 0.5865 0.7253 -0.3605
vn 0.6637 0.7250 -0.1842
vn 0.5842 0.6183 -0.5258
vn 0.6047 -0.7525 -0.2607
vn 0.7600 -0.5408 -0.3605
vn 0.8289 -0.3607 -0.4276
vn 0.7709 -0.6133 -0.1718
vn 0.8014 -0.5678 -0.1881
vn 0.7880 -0.4879 -0.3754
vn 0.8603 -0.2997 -0.4124
vn -0.2145 -0.5059 -0.8355
vn -0.2077 -0.4129 -0.8868
vn 0.0641 -0.4483 -0.8916
vn 0.0610 -0.4992 -0.8644
vn 0.0033 -1.0000 -0.0074
vn 0.0528 -0.9969 0.0586
vn -0.0755 -0.9966 -0.0324
vn 0.1203 0.1896 -0.9745
vn 0.0320 0.2955 -0.9548
vn 0.1318 0.3822 -0.9146
vn 0.0392 0.3602 -0.9321
vn -0.0000 0.4458 -0.8952
vn 0.0588 0.2672 -0.9618
vn -0.0358 0.7257 -0.6871
vn 0.0806 0.7207 -0.6885
vn 0.0332 0.5825 -0.8121
vn 0.9182 0.1954 -0.3445
vn 0.9441 0.1837 -0.2736
vn 0.9463 -0.1807 -0.2679
vn 0.8832 -0.1838 -0.4315
vn 0.0093 -0.9999 -0.0087
vn 0.5330 -0.6828 -0.4998
vn -0.1925 -0.5712 -0.7979
vn -0.0950 -0.2590 -0.9612
vn -0.0296 -0.2720 -0.9619
vn -0.0579 -0.5982 -0.7993
vn -0.2271 -0.7913 -0.5676
vn -0.2233 -0.6822 -0.6962
vn 0.0500 -0.7310 -0.6806
vn 0.0441 -0.7876 -0.6146
vn -0.8492 -0.3150 -0.4238
vn -0.6787 -0.5125 -0.5261
vn -0.7803 -0.5970 -0.1863
vn -0.8799 -0.4381 -0.1842
vn -0.1076 0.2861 -0.9521
vn 0.0648 0.4004 -0.9140
vn 0.0309 0.2750 -0.9610
vn -0.0320 0.2955 -0.9548
vn -0.0556 0.2016 -0.9779
vn 0.0572 0.2528 -0.9658
vn -0.0588 0.2673 -0.9618
vn 0.0481 0.4072 -0.9121
vn -0.0392 0.3602 -0.9321
vn -0.2353 0.7234 -0.6491
vn 0.0088 0.7336 -0.6795
vn 0.0265 0.6252 -0.7800
vn -0.0617 0.7963 -0.6017
vn 0.0351 0.8440 -0.5353
vn 0.0247 0.7387 -0.6735
vn -0.0345 0.8443 -0.5347
vn 0.0617 0.7963 -0.6017
vn -0.0181 0.7437 -0.6683
vn 0.0000 0.9651 -0.2620
vn 0.0052 -1.0000 -0.0075
vn 0.4278 -0.6566 -0.6212
vn 0.2857 -0.7523 -0.5936
vn 0.2030 -0.7593 -0.6183
vn 0.2767 -0.5853 -0.7622
vn -0.1354 0.6128 -0.7786
vn 0.0332 0.5273 -0.8490
vn 0.0004 0.3926 -0.9197
vn -0.0610 0.2987 -0.9524
vn -0.0846 0.2419 -0.9666
vn -0.1223 0.4286 -0.8952
vn 0.0431 0.5148 -0.8562
vn 0.0668 0.4309 -0.8999
vn -0.0033 -1.0000 -0.0074
vn -0.1424 -0.9856 -0.0917
vn 0.0259 -0.9972 0.0699
vn 0.2676 0.6141 -0.7425
vn 0.4762 0.5073 -0.7182
vn 0.2099 0.6333 -0.7449
vn -0.0346 -0.6243 -0.7804
vn 0.2312 -0.3802 -0.8956
vn 0.1152 -0.5236 -0.8442
vn 0.1091 -0.5925 -0.7982
vn 0.0360 -0.2727 -0.9614
vn 0.1228 -0.4279 -0.8955
vn -0.6181 0.7694 -0.1612
vn -0.2768 0.5853 -0.7621
vn -0.5070 0.6215 -0.5972
vn 0.0062 0.6060 -0.7954
vn -0.0133 -0.1212 -0.9925
vn 0.0640 -0.2901 -0.9548
vn 0.1698 -0.1343 -0.9763
vn -0.7334 -0.6259 -0.2653
vn -0.6987 -0.5692 -0.4335
vn -0.5865 -0.7253 -0.3605
vn -0.7344 -0.6678 -0.1217
vn -0.8033 -0.5731 -0.1622
vn -0.6981 -0.6397 -0.3217
vn -0.5545 -0.6984 -0.4525
vn 0.1106 -0.1078 -0.9880
vn 0.2017 -0.1103 -0.9732
vn 0.1877 -0.1571 -0.9696
vn -0.0292 -0.9294 -0.3679
vn -0.0069 -0.8477 -0.5304
vn 0.0312 -0.8949 -0.4451
vn -0.0467 -0.8246 -0.5637
vn -0.0042 -0.8002 -0.5997
vn 0.0462 -0.8509 -0.5233
vn -0.0366 -0.6745 -0.7374
vn 0.0589 -0.6493 -0.7582
vn 0.0497 -0.7072 -0.7052
vn -0.0420 -0.4224 -0.9054
vn 0.0508 -0.3487 -0.9359
vn 0.0036 -0.4449 -0.8956
vn 0.0038 -0.2947 -0.9556
vn 0.0296 -0.2720 -0.9618
vn -0.0038 -0.3434 -0.9392
vn -0.0134 -0.3442 -0.9388
vn -0.0150 -0.2764 -0.9609
vn -0.7797 0.4412 -0.4442
vn -0.8289 0.3607 -0.4276
vn -0.7709 0.6133 -0.1719
vn -0.8178 0.2327 -0.5263
vn -0.9466 0.2629 -0.1866
vn -0.8184 0.5092 -0.2663
vn -0.7632 0.4878 -0.4238
vn -0.9083 0.3683 -0.1984
vn -0.9552 0.2564 -0.1479
vn -0.9357 0.3271 0.1319
vn 0.0586 -0.8686 -0.4920
vn 0.0617 -0.9133 -0.4025
vn -0.0312 -0.8949 -0.4451
vn -0.1152 -0.5236 -0.8442
vn 0.0125 -0.3880 -0.9216
vn 0.0639 -0.4450 -0.8933
vn 0.0056 -0.7869 -0.6170
vn -0.0871 -0.6267 -0.7744
vn 0.1018 -0.6682 -0.7370
vn -0.0631 -0.1040 -0.9926
vn -0.0639 -0.2901 -0.9548
vn 0.0977 -0.1928 -0.9764
vn -0.0846 -0.2419 -0.9666
vn -0.8618 0.4684 -0.1948
vn -0.8039 0.5621 -0.1945
vn -0.7553 0.4342 -0.4909
vn -0.9724 0.2257 -0.0584
vn -0.9673 0.1324 -0.2164
vn -0.9906 0.1019 -0.0912
vn -0.8635 0.3345 -0.3775
vn -0.9024 0.3855 -0.1923
vn -0.8383 0.4833 -0.2523
vn -0.8881 0.2863 -0.3597
vn -0.8983 0.3960 -0.1902
vn -0.8151 0.4754 -0.3310
vn -0.6981 0.6397 -0.3217
vn -0.7469 0.6527 -0.1270
vn -0.5738 0.7767 -0.2598
vn -0.5496 0.7639 -0.3383
vn -0.2034 0.3873 -0.8992
vn -0.2676 0.6141 -0.7425
vn -0.2857 -0.7525 -0.5934
vn -0.2768 -0.5853 -0.7621
vn -0.2031 -0.7594 -0.6182
vn -0.1228 -0.4279 -0.8955
vn 0.0416 -0.5146 -0.8564
vn 0.0385 -0.5219 -0.8521
vn -0.1301 -0.2350 -0.9633
vn -0.0947 -0.1507 -0.9840
vn -0.9891 0.0000 -0.1471
vn -0.9863 -0.1629 -0.0278
vn -0.9712 0.1138 -0.2095
vn -0.9306 0.1716 -0.3233
vn -0.8902 0.0253 -0.4548
vn -0.9752 0.1832 -0.1239
vn -0.9432 0.2907 -0.1610
vn -0.9466 0.0092 -0.3223
vn -0.0890 -0.0612 -0.9942
vn -0.1551 -0.0175 -0.9878
vn -0.1872 0.0549 -0.9808
vn -0.0052 -1.0000 -0.0075
vn -0.1297 -0.9869 -0.0959
vn 0.0111 -0.9968 -0.0788
vn -0.4558 -0.7394 -0.4955
vn -0.3793 -0.6159 -0.6905
vn -0.2768 -0.7154 -0.6415
vn 0.7412 0.5667 -0.3598
vn 0.5496 0.7639 -0.3383
vn 0.6520 0.7215 -0.2332
vn 0.7765 0.5392 -0.3260
vn 0.0308 -0.6417 -0.7663
vn 0.4762 -0.5074 -0.7182
vn 0.2676 -0.6141 -0.7425
vn -0.8881 -0.2863 -0.3597
vn -0.7830 -0.4453 -0.4343
vn -0.9508 -0.2595 -0.1694
vn -0.8925 -0.4061 -0.1961
vn -0.9312 -0.3086 -0.1941
vn -0.8635 -0.3345 -0.3775
vn -0.8526 -0.4874 -0.1883
vn -0.8692 -0.3713 -0.3265
vn -0.7026 -0.6133 -0.3608
vn -0.8496 -0.4924 -0.1893
vn -0.8911 -0.3792 -0.2491
vn -0.7439 -0.5667 -0.3542
vn -0.5443 -0.7873 -0.2898
vn -0.5556 -0.8086 -0.1936
vn -0.6047 -0.7525 -0.2607
vn -0.7066 -0.6443 -0.2925
vn -0.7929 -0.4804 -0.3749
vn -0.5643 -0.7843 -0.2578
vn -0.8125 -0.5030 -0.2946
vn -0.8766 -0.3221 -0.3574
vn -0.6911 -0.6640 -0.2854
vn 0.7250 -0.4267 -0.5406
vn 0.8453 -0.3086 -0.4361
vn 0.8991 -0.3428 -0.2723
vn 0.7279 -0.5992 -0.3334
vn -0.9225 -0.0470 -0.3830
vn -0.9356 -0.1457 -0.3216
vn -0.9083 -0.1459 -0.3920
vn 0.9253 0.3187 0.2053
vn 0.9490 0.1838 0.2561
vn 0.9490 -0.1838 0.2561
vn 0.9254 0.3187 0.2053
vn 0.9782 -0.1838 0.0964
vn 0.8208 -0.5264 0.2215
vn 0.9782 -0.1837 0.0964
vn 0.8461 -0.5264 0.0834
vn 0.8939 -0.1837 0.4088
vn 0.7732 -0.5264 0.3536
vn 0.8712 0.3187 0.3733
vn 0.8939 0.1837 0.4088
vn 0.8144 -0.1837 0.5504
vn 0.7044 -0.5264 0.4761
vn 0.0890 0.3187 0.9437
vn 0.1467 -0.1838 0.9720
vn 0.1467 0.1838 0.9720
vn 0.1269 -0.5264 0.8407
vn 0.0000 -0.3613 0.9324
vn 0.0000 0.1837 0.9830
vn 0.0000 -0.0001 1.0000
vn 0.5916 0.1837 0.7850
vn 0.5916 -0.1837 0.7850
vn 0.7127 0.1838 0.6769
vn 0.3929 -0.5264 0.7540
vn 0.5117 -0.5264 0.6790
vn 0.5916 -0.1838 0.7850
vn 0.7127 -0.1838 0.6769
vn -0.8736 -0.1837 0.4507
vn -0.8831 0.3188 0.3442
vn -0.9358 -0.1838 0.3008
vn -0.9358 0.1838 0.3008
vn -0.7875 0.1838 0.5883
vn -0.7875 -0.1838 0.5883
vn -0.7015 0.3188 0.6373
vn -0.7875 -0.1837 0.5883
vn -0.6799 -0.1837 0.7099
vn -0.7016 0.3188 0.6373
vn -0.6799 -0.1838 0.7099
vn -0.6799 0.1838 0.7099
vn -0.9434 0.3188 0.0913
vn -0.9828 -0.1838 -0.0194
vn -0.9726 -0.1838 0.1426
vn -0.9726 0.1838 0.1426
vn -0.9726 0.1837 0.1426
vn -0.9726 -0.1837 0.1426
vn -0.9314 0.3188 0.1756
vn -0.9378 0.3188 0.1375
vn -0.9358 -0.1837 0.3007
vn -0.9314 0.3188 0.1757
vn -0.8412 -0.5264 0.1234
vn 0.2700 0.9618 0.0446
vn -0.0008 1.0000 -0.0001
vn 0.2561 0.9618 0.0964
vn -0.0009 1.0000 -0.0003
vn 0.1997 0.9618 0.1871
vn -0.0006 1.0000 -0.0006
vn 0.1594 0.9618 0.2225
vn 0.0621 0.9618 0.2665
vn -0.0002 1.0000 -0.0009
vn 0.0090 0.9618 0.2735
vn 0.0000 0.9905 0.1377
vn 0.0000 0.9618 0.2737
vn 0.0089 0.9618 0.2735
vn 0.0000 0.8952 0.4457
vn 0.0197 0.7980 0.6023
vn 0.0000 0.8952 0.4458
vn 0.0000 0.7980 0.6026
vn 0.0000 0.3612 0.9325
vn 0.0321 0.1838 0.9824
vn 0.0278 0.5264 0.8498
vn 0.0000 0.3613 0.9325
vn 0.0278 0.5265 0.8497
vn 0.0000 0.5264 0.8502
vn 0.1930 0.5264 0.8280
vn 0.3509 0.5264 0.7744
vn 0.2487 0.7980 0.5489
vn 0.1368 0.7980 0.5869
vn 0.1129 0.9618 0.2493
vn 0.7189 0.0138 0.6950
vn 0.7174 0.1837 0.6720
vn 0.5725 0.1838 0.7990
vn 0.4952 0.5264 0.6911
vn 0.6205 0.5264 0.5812
vn 0.4398 0.7980 0.4120
vn 0.3510 0.7980 0.4899
vn 0.7220 0.5264 0.4490
vn 0.7957 0.5264 0.2995
vn 0.5640 0.7980 0.2123
vn 0.7220 0.5265 0.4490
vn 0.5118 0.7980 0.3183
vn 0.2324 0.9618 0.1445
vn 0.8389 0.5264 0.1385
vn 0.5946 0.7980 0.0982
vn -0.2239 0.9618 0.1574
vn -0.2670 0.9618 0.0597
vn -0.2736 0.9618 0.0065
vn 0.0009 1.0000 -0.0000
vn -0.2174 0.7980 0.5621
vn -0.0987 0.9618 0.2552
vn -0.3229 0.7980 0.5088
vn -0.3229 0.7980 0.5089
vn -0.1466 0.9618 0.2311
vn -0.4159 0.7980 0.4361
vn -0.1889 0.9618 0.1980
vn -0.4930 0.7980 0.3466
vn -0.5881 0.7980 0.1315
vn -0.2671 0.9618 0.0597
vn -0.6025 0.7980 0.0142
vn -0.1461 0.5264 0.8376
vn -0.0000 0.6737 0.7390
vn -0.1036 0.7980 0.5937
vn -0.3067 0.5264 0.7930
vn -0.4555 0.5265 0.7179
vn -0.5868 0.5264 0.6152
vn -0.6956 0.5264 0.4889
vn -0.7776 0.5264 0.3439
vn -0.7776 0.5264 0.3438
vn -0.5512 0.7980 0.2437
vn 0.3930 -0.5264 0.7540
vn 0.4543 -0.1838 0.8717
vn 0.8381 -0.5264 -0.1431
vn 0.9690 -0.1837 -0.1654
vn 0.9265 -0.3762 -0.0095
vn 0.9889 -0.1479 -0.0101
vn 0.9390 0.3186 -0.1292
vn 0.5869 0.7980 -0.1368
vn 0.2665 0.9618 -0.0621
vn 0.6023 0.7980 -0.0197
vn 0.2735 0.9618 -0.0089
vn 0.8280 0.5264 -0.1930
vn 0.8498 0.5264 -0.0278
vn 0.9690 -0.1838 -0.1654
vn 0.9690 0.1838 -0.1654
vn -0.9828 -0.1837 -0.0194
vn -0.9662 -0.1838 -0.1809
vn -0.8357 -0.5264 -0.1565
vn -0.2696 0.9618 -0.0470
vn -0.5937 0.7980 -0.1036
vn -0.8376 0.5264 -0.1461
vn -0.8500 0.5264 0.0201
vn 0.9312 0.2539 0.2614
vn 0.9711 0.1435 0.1905
vn 0.9983 0.0122 0.0572
vn 0.6600 0.1498 0.7362
vn 0.7175 0.1833 0.6720
vn 0.6254 0.5237 0.5785
vn 0.4950 0.5268 0.6910
vn -0.2745 0.2251 0.9349
vn -0.1389 0.2460 0.9593
vn 0.3102 0.6092 0.7298
vn -0.0343 0.6614 0.7492
vn -0.9748 0.1714 0.1425
vn -0.7557 0.2995 0.5824
vn -0.5217 0.5918 0.6145
vn -0.9668 -0.0153 -0.2549
vn 0.9788 0.1884 -0.0807
vn 0.8443 0.5337 -0.0488
vn 0.6829 0.1386 0.7173
vn 0.7429 0.6690 -0.0241
vn 0.7723 0.5931 0.2277
vn 0.8544 0.5166 0.0560
vn 0.9907 0.0000 0.1364
vn 0.9960 -0.0824 -0.0337
vn 0.9983 0.0292 -0.0503
vn 0.9796 -0.1054 0.1713
vn 0.7658 -0.0716 0.6390
vn 0.9900 -0.1088 0.0902
vn 0.9993 -0.0384 0.0000
vn 0.9936 -0.1064 -0.0380
vn 0.8595 0.0011 -0.5111
vn 0.9958 -0.0387 -0.0827
vn 0.9564 0.1948 0.2178
vn 0.9271 0.3613 0.0998
vn 0.7316 0.5667 0.3790
vn 0.8417 0.4905 0.2256
vn 0.7519 0.6463 0.1302
vn 0.9336 0.2808 0.2227
vn 0.9355 0.3345 0.1141
vn 0.8903 0.4550 0.0186
vn 0.8047 0.5443 -0.2370
vn 0.7136 0.7005 0.0097
vn 0.7656 0.6385 0.0788
vn -0.1036 0.2146 0.9712
vn -0.0992 -0.1516 0.9835
vn 0.0394 -0.0238 0.9989
vn 0.0383 0.0793 0.9961
vn 0.9489 0.2151 0.2310
vn 0.9556 0.1461 0.2561
vn 0.9607 0.2266 0.1603
vn 0.9930 0.0263 0.1150
vn 0.9547 0.0000 0.2975
vn 0.9888 -0.0762 0.1287
vn 0.9217 -0.1996 0.3326
vn 0.9490 -0.1837 0.2561
vn 0.8536 -0.4817 0.1985
vn 0.9119 -0.4028 0.0790
vn 0.9500 -0.3122 -0.0048
vn 0.8122 -0.4839 0.3259
vn 0.8635 -0.4978 0.0816
vn 0.8954 -0.4406 -0.0638
vn 0.8728 -0.4881 0.0000
vn 0.9920 -0.0451 -0.1177
vn 0.9908 0.0278 -0.1323
vn 0.9918 0.0853 -0.0950
vn -0.4024 0.8562 0.3241
vn -0.3235 0.8973 0.3004
vn -0.5700 0.7943 0.2105
vn 0.6364 0.5844 0.5034
vn 0.7781 0.4974 0.3837
vn 0.7131 0.6498 0.2632
vn 0.8384 0.4063 0.3632
vn 0.7984 0.4095 0.4415
vn 0.7260 0.6206 0.2963
vn 0.8249 0.4262 0.3713
vn 0.9367 0.1900 0.2942
vn 0.7931 0.5369 0.2878
vn 0.8655 0.3388 0.3688
vn 0.9181 0.2839 0.2767
vn 0.7794 0.4637 0.4213
vn 0.9150 -0.1838 0.3593
vn 0.9559 -0.1910 0.2233
vn 0.7330 0.5749 0.3636
vn -0.9751 0.1966 0.1021
vn -0.9619 0.2151 0.1689
vn -0.8479 0.4855 -0.2130
vn 0.8712 0.3188 0.3733
vn 0.8939 -0.1836 0.4088
vn 0.9343 -0.0720 0.3491
vn 0.6973 0.7043 -0.1332
vn 0.5939 0.7985 0.0982
vn 0.8363 0.5290 0.1437
vn 0.7218 0.6742 -0.1560
vn 0.9591 0.0242 0.2822
vn 0.8898 0.0000 0.4563
vn 0.9490 -0.0913 0.3018
vn 0.8444 -0.2494 0.4741
vn 0.8939 -0.1838 0.4088
vn -0.0597 -0.9966 0.0572
vn 0.0504 -0.9966 0.0655
vn -0.0662 -0.9966 0.0492
vn -0.0826 -0.9966 0.0012
vn -0.0368 -0.9966 -0.0739
vn 0.0234 -0.9966 -0.0792
vn -0.0773 -0.9966 -0.0291
vn 0.0331 -0.9966 -0.0757
vn 0.0585 -0.9966 -0.0583
vn 0.0823 -0.9966 0.0074
vn 0.0118 -0.9966 -0.0817
vn 0.0808 -0.9966 0.0176
vn 0.8994 -0.4169 -0.1314
vn 0.8731 -0.4085 -0.2662
vn 0.9366 -0.3503 -0.0088
vn 0.8599 -0.5024 -0.0903
vn 0.9052 -0.3613 -0.2238
vn 0.9623 -0.1699 -0.2124
vn 0.9086 -0.3461 -0.2338
vn 0.8579 -0.3880 -0.3369
vn 0.9089 -0.3985 -0.1231
vn 0.9082 -0.3628 -0.2088
vn 0.9380 -0.2487 -0.2414
vn 0.9254 -0.3422 -0.1632
vn 0.2817 0.2272 0.9322
vn 0.4079 0.2461 0.8793
vn 0.5047 0.3076 0.8066
vn 0.3510 0.2147 0.9114
vn 0.0689 0.9905 0.1194
vn 0.1614 0.9619 0.2207
vn 0.8015 0.1918 0.5664
vn 0.8164 0.3618 0.4501
vn 0.7100 0.5368 0.4559
vn -0.8513 0.5130 0.1104
vn -0.7499 0.6019 0.2746
vn -0.6507 0.7117 0.2648
vn -0.7567 0.6466 -0.0963
vn 0.6631 0.3705 0.6503
vn 0.6784 0.5185 0.5206
vn 0.8073 0.4397 0.3936
vn 0.7621 0.3615 0.5372
vn 0.8786 0.2749 0.3904
vn 0.8053 0.4661 0.3664
vn 0.1223 -0.5247 0.8425
vn 0.3807 -0.4282 0.8196
vn 0.3958 -0.2824 0.8739
vn 0.2963 0.9543 -0.0390
vn 0.4271 0.9037 -0.0295
vn 0.4227 0.9063 -0.0007
vn -0.7575 0.6496 -0.0648
vn -0.4758 0.8787 -0.0396
vn -0.6120 0.7841 -0.1026
vn -0.3089 0.2448 0.9190
vn -0.2698 0.2437 0.9316
vn 0.3095 0.6053 0.7334
vn -0.7626 0.0031 0.6469
vn 0.7876 0.3187 0.5273
vn 0.8144 0.1838 0.5504
vn 0.8412 0.1824 0.5091
vn 0.8145 0.1837 0.5504
vn 0.8145 -0.1837 0.5504
vn 0.8583 0.0000 0.5132
vn 0.8956 0.0489 0.4422
vn 0.7990 0.0000 0.6014
vn 0.8904 -0.0744 0.4491
vn 0.7531 -0.2579 0.6053
vn 0.6415 -0.1738 0.7472
vn 0.8344 -0.0866 0.5443
vn 0.4918 -0.2779 0.8252
vn 0.4540 -0.4236 0.7838
vn 0.6163 -0.5270 0.5852
vn 0.7156 -0.1864 0.6732
vn 0.4322 -0.4815 0.7625
vn 0.5596 -0.4024 0.7245
vn 0.6460 -0.3123 0.6965
vn 0.3116 -0.4829 0.8184
vn 0.8172 -0.3977 -0.4171
vn 0.8801 -0.2494 -0.4040
vn 0.9018 -0.3596 -0.2396
vn 0.8237 -0.4915 -0.2828
vn 0.9153 -0.3165 -0.2492
vn 0.2509 0.2446 0.9366
vn 0.2895 0.2427 0.9259
vn 0.2708 0.2151 0.9383
vn 0.0910 0.3123 0.9456
vn 0.0331 0.9994 0.0089
vn -0.0832 0.9929 0.0849
vn 0.1228 0.9877 -0.0967
vn 0.0217 0.9997 0.0107
vn -0.1014 0.9920 0.0747
vn 0.1198 0.9890 -0.0873
vn 0.0549 0.9784 0.1992
vn 0.0678 0.9827 0.1721
vn -0.0620 0.9905 0.1230
vn -0.0961 0.9619 0.2559
vn 0.0149 0.9998 0.0114
vn -0.1145 0.9915 0.0623
vn 0.1214 0.9896 -0.0777
vn 0.3349 0.9001 0.2788
vn 0.4145 0.8589 0.3009
vn 0.5141 0.8562 -0.0511
vn 0.4379 0.8987 -0.0243
vn 0.2025 0.9001 0.3858
vn 0.2678 0.8590 0.4364
vn 0.4946 0.8563 0.1491
vn 0.4297 0.8975 0.0988
vn 0.6666 0.3269 0.6699
vn 0.7541 0.2780 0.5950
vn 0.5730 0.3602 0.7362
vn -0.8628 0.2968 0.4092
vn -0.5680 0.1703 0.8052
vn -0.0840 0.6659 0.7413
vn -0.3743 0.7216 0.5824
vn 0.8094 -0.4814 0.3363
vn 0.8866 -0.4025 0.2280
vn 0.9378 -0.3121 0.1521
vn 0.7479 -0.4834 0.4550
vn -0.9390 0.3361 -0.0735
vn -0.9295 0.3689 -0.0042
vn -0.8080 0.5826 0.0879
vn -0.7322 0.6520 -0.1968
vn 0.7577 0.0000 0.6526
vn 0.7406 0.1656 0.6512
vn 0.6658 0.0038 0.7461
vn 0.5192 0.0969 0.8492
vn 0.3046 -0.1835 0.9346
vn 0.2593 -0.5244 0.8110
vn 0.3929 -0.5267 0.7538
vn 0.4583 -0.1860 0.8691
vn 0.7114 -0.4209 0.5627
vn 0.7349 -0.2405 0.6342
vn 0.6936 -0.2639 0.6703
vn 0.0067 0.9999 0.0116
vn 0.0908 0.9905 0.1036
vn 0.2034 0.9621 0.1816
vn 0.0726 0.9968 -0.0344
vn -0.0007 1.0000 -0.0004
vn 0.2303 0.9619 0.1473
vn 0.1987 0.9784 -0.0567
vn -0.0150 0.9984 0.0543
vn -0.3317 0.8562 0.3960
vn -0.2584 0.8972 0.3580
vn -0.2504 0.9618 0.1107
vn -0.5179 0.7944 0.3175
vn -0.1891 0.6010 0.7766
vn -0.1411 0.7107 0.6892
vn -0.3228 0.7982 0.5086
vn -0.3814 0.5125 0.7693
vn 0.3510 0.2831 0.8926
vn 0.4551 0.4137 0.7885
vn 0.6170 0.3290 0.7149
vn 0.4710 0.3604 0.8052
vn 0.6354 0.2659 0.7249
vn 0.5988 0.4429 0.6672
vn 0.6209 0.0117 0.7838
vn 0.5658 0.0676 0.8218
vn 0.5724 -0.1993 0.7954
vn 0.5822 -0.0292 0.8125
vn 0.4482 -0.2461 0.8594
vn 0.6469 -0.1919 0.7380
vn 0.3008 -0.4814 0.8233
vn 0.4328 -0.4024 0.8067
vn 0.3442 -0.2401 0.9077
vn 0.2909 -0.2636 0.9197
vn 0.9510 0.1720 0.2568
vn 0.9249 0.2997 -0.2338
vn 0.9737 0.2154 0.0736
vn 0.7986 0.1813 0.5739
vn 0.8883 0.1455 0.4357
vn 0.8100 0.3929 0.4354
vn 0.8132 0.2151 0.5408
vn -0.7777 0.2152 0.5906
vn -0.3984 0.4935 0.7731
vn -0.8210 0.4169 0.3901
vn -0.0091 0.9999 0.0116
vn 0.0683 0.9622 0.2638
vn 0.0792 0.9968 0.0115
vn 0.0179 0.9905 0.1363
vn -0.0443 0.9619 0.2699
vn -0.0471 0.9618 0.2698
vn -0.0368 0.9905 0.1327
vn 0.1005 0.5663 0.8180
vn 0.2833 0.4730 0.8343
vn 0.3243 0.6290 0.7065
vn 0.3124 0.3612 0.8786
vn 0.4211 0.1859 0.8877
vn 0.3570 0.5290 0.7699
vn 0.2726 0.2829 0.9196
vn 0.4374 0.3617 0.8233
vn 0.2531 0.3783 0.8904
vn -0.9615 0.1910 0.1975
vn -0.7432 0.5164 0.4254
vn -0.6300 0.6576 -0.4131
vn -0.9727 0.2248 0.0576
vn 0.5196 0.2341 0.8217
vn 0.5909 0.1437 0.7938
vn 0.4772 0.3956 0.7847
vn 0.6420 0.2016 0.7397
vn 0.8658 0.2360 0.4412
vn 0.5112 0.0720 0.8565
vn 0.3630 0.0260 0.9314
vn 0.3767 -0.0802 0.9228
vn 0.5419 -0.0660 0.8379
vn 0.4269 0.0000 0.9043
vn 0.4544 -0.1837 0.8716
vn 0.3847 -0.1171 0.9156
vn 0.2168 -0.0272 0.9758
vn 0.4988 0.0392 0.8658
vn 0.0074 -0.9999 -0.0080
vn -0.1653 0.9837 -0.0702
vn 0.0889 0.9959 0.0190
vn -0.0497 0.9987 0.0061
vn -0.2196 0.9620 0.1625
vn 0.0183 0.9968 0.0780
vn -0.1200 0.9905 0.0678
vn -0.0000 0.9925 0.1225
vn 0.0060 0.9679 0.2514
vn 0.0072 0.9933 0.1150
vn 0.1376 0.9904 0.0090
vn -0.0007 1.0000 -0.0001
vn 0.2731 0.9619 -0.0115
vn 0.2734 0.9619 -0.0089
vn -0.1086 0.7786 0.6181
vn 0.0483 0.8744 0.4828
vn -0.0428 0.8803 0.4726
vn -0.0486 0.9525 0.3007
vn 0.4245 0.7152 0.5552
vn 0.5029 0.6054 0.6169
vn 0.7274 0.6014 0.3305
vn 0.6545 0.7038 0.2763
vn -0.0658 0.5880 0.8062
vn 0.1128 0.5028 0.8570
vn 0.1766 0.6541 0.7355
vn 0.1408 0.3602 0.9222
vn 0.3228 0.2657 0.9084
vn 0.3102 0.4439 0.8407
vn 0.1643 0.1929 0.9674
vn 0.2591 0.3607 0.8960
vn 0.1859 0.5383 0.8220
vn 0.3690 0.3148 0.8745
vn 0.3631 0.2462 0.8986
vn 0.3507 0.3159 0.8816
vn 0.3046 0.1838 0.9346
vn 0.3047 -0.1838 0.9346
vn 0.3793 0.0000 0.9253
vn 0.4478 0.0651 0.8918
vn 0.2738 0.0000 0.9618
vn 0.4327 -0.0993 0.8961
vn 0.2270 -0.1699 0.9589
vn 0.3046 -0.1838 0.9346
vn 0.6219 -0.2778 0.7322
vn 0.5759 -0.4235 0.6993
vn 0.8038 -0.4280 0.4133
vn 0.8492 -0.2821 0.4463
vn 0.9766 -0.0404 -0.2110
vn 0.9762 -0.1105 -0.1865
vn 0.9304 -0.2965 -0.2154
vn 0.9224 -0.1754 -0.3440
vn -0.3020 0.9470 -0.1097
vn 0.0361 0.9983 0.0459
vn -0.1452 0.9893 -0.0108
vn -0.1682 0.9776 0.1265
vn -0.1377 0.9820 0.1295
vn -0.1376 0.9904 -0.0095
vn 0.0495 0.8617 0.5050
vn 0.0685 0.8962 0.4384
vn -0.0987 0.9618 0.2553
vn -0.1417 0.7943 0.5907
vn 0.1598 0.9617 0.2228
vn 0.3459 0.7986 0.4926
vn 0.4395 0.7983 0.4117
vn 0.3773 0.8987 0.2234
vn 0.0398 0.9003 0.4335
vn 0.0797 0.8590 0.5057
vn 0.3997 0.8564 0.3268
vn 0.3591 0.8977 0.2555
vn -0.1539 0.8563 0.4931
vn -0.1024 0.8975 0.4290
vn -0.1886 0.9620 0.1976
vn -0.3569 0.7941 0.4920
vn -0.2173 0.2913 0.9316
vn 0.2786 0.1799 0.9434
vn 0.0965 0.2151 0.9718
vn 0.0792 0.3906 0.9172
vn 0.0571 0.9230 0.3805
vn 0.0630 0.9308 0.3600
vn -0.1149 0.9604 0.2537
vn -0.0821 0.7426 0.6647
vn 0.0111 0.7390 0.6736
vn 0.0364 0.6748 0.7371
vn -0.1054 0.3449 0.9327
vn 0.0799 0.3622 0.9287
vn 0.0145 0.5362 0.8440
vn 0.0223 0.6488 0.7606
vn -0.0639 0.6368 0.7684
vn 0.0418 0.4977 0.8663
vn 0.0155 0.7770 0.6293
vn 0.0322 0.0328 0.9989
vn 0.0408 -0.0652 0.9970
vn 0.2168 0.0000 0.9762
vn 0.2819 0.2472 0.9270
vn 0.3507 0.2330 0.9070
vn 0.3061 0.2691 0.9132
vn 0.0735 -0.1843 0.9801
vn 0.0720 -0.2712 0.9598
vn 0.0222 -0.3216 0.9466
vn 0.2382 -0.1668 0.9568
vn -0.8024 -0.5266 -0.2808
vn -0.8983 -0.4299 -0.0907
vn -0.9557 -0.1553 -0.2502
vn -0.9337 -0.1563 -0.3220
vn 0.6122 0.7841 -0.1019
vn 0.4746 0.8792 -0.0412
vn 0.6862 0.7221 0.0872
vn 0.6672 0.7188 -0.1955
vn 0.1789 0.7145 0.6764
vn 0.2300 0.6047 0.7625
vn 0.5454 0.6006 0.5847
vn 0.4999 0.7104 0.4955
vn -0.6817 0.6019 0.4158
vn -0.5866 0.7117 0.3866
vn -0.5879 0.7982 0.1314
vn -0.8135 0.5126 0.2746
vn -0.7614 0.0620 0.6453
vn -0.8580 0.3596 0.3668
vn -0.6365 0.5993 0.4855
vn -0.9506 0.2897 0.1119
vn 0.4249 0.8986 -0.1090
vn 0.2702 0.9618 0.0446
vn 0.5926 0.7988 0.1037
vn 0.6022 0.7981 -0.0197
vn -0.4723 0.6008 0.6449
vn -0.3941 0.7105 0.5830
vn -0.4926 0.7984 0.3462
vn -0.6469 0.5123 0.5649
vn -0.0583 0.7377 0.6726
vn -0.0448 0.7975 0.6017
vn -0.2083 0.6447 0.7355
vn -0.0576 0.5257 0.8487
vn -0.0690 0.5985 0.7981
vn -0.1554 0.3712 0.9155
vn 0.0169 0.4256 0.9047
vn 0.0114 0.4609 0.8874
vn 0.0156 0.2719 0.9622
vn 0.0321 0.1837 0.9824
vn 0.8332 -0.0013 -0.5529
vn 0.5804 0.6096 0.5399
vn 0.9765 0.2153 0.0077
vn 0.0000 -0.0000 1.0000
vn 0.0643 -0.0917 0.9937
vn 0.5418 -0.0372 0.8397
vn 0.0421 -0.0293 0.9987
vn -0.1046 -0.0038 0.9945
vn 0.0393 -0.1411 0.9892
vn 0.9449 -0.3230 0.0530
vn 0.9454 -0.3216 0.0533
vn 0.9422 -0.2375 0.2364
vn 0.8920 -0.3880 0.2318
vn -0.1779 -0.3406 0.9232
vn -0.0720 -0.4880 0.8699
vn -0.8979 -0.1974 0.3935
vn -0.5321 0.1237 0.8376
vn -0.8262 0.5365 0.1721
vn -0.9463 -0.2229 0.2343
vn -0.7911 0.4151 0.4492
vn -0.9196 0.3499 0.1785
vn -0.9291 0.3699 0.0005
vn -0.8487 0.5185 0.1039
vn -0.8520 0.4390 0.2853
vn -0.9918 -0.0715 0.1061
vn -0.9668 -0.0608 0.2481
vn -0.8774 0.3572 0.3201
vn -0.9387 0.1813 -0.2934
vn -0.9932 0.0528 0.1039
vn -0.8311 0.4644 0.3060
vn -0.9460 -0.1613 0.2811
vn -0.8956 -0.1531 0.4176
vn -0.7886 0.3996 0.4674
vn -0.9553 0.1571 -0.2503
vn -0.9633 -0.0865 0.2541
vn -0.7545 0.4591 0.4690
vn -0.9629 0.1484 0.2256
vn -0.7458 0.4838 0.4580
vn -0.7743 0.5376 0.3339
vn -0.9043 -0.1843 0.3851
vn -0.8383 -0.1915 0.5105
vn -0.7783 0.5746 0.2532
vn -0.9975 -0.0230 0.0673
vn -0.6791 0.4280 0.5963
vn -0.8642 0.3364 0.3741
vn -0.9278 0.2713 -0.2561
vn -0.9301 0.3607 -0.0699
vn -0.8607 0.4481 -0.2416
vn -0.9284 0.3650 -0.0694
vn -0.8391 0.5434 -0.0245
vn -0.8602 0.4482 -0.2432
vn -0.9438 -0.2380 0.2293
vn -0.6381 0.1413 0.7569
vn -0.9247 0.3598 -0.1244
vn -0.9303 0.3610 -0.0654
vn -0.9490 0.2885 0.1274
vn -0.8689 0.4881 0.0823
vn -0.7830 0.4616 0.4170
vn -0.7039 0.1685 0.6900
vn -0.6486 0.4568 0.6088
vn -0.7410 0.0328 0.6708
vn -0.3911 0.1817 0.9022
vn -0.6842 0.5404 0.4897
vn -0.8320 -0.0749 0.5497
vn -0.7444 -0.0849 0.6623
vn -0.7432 0.5226 0.4178
vn -0.9249 0.1529 0.3481
vn -0.5435 0.4478 0.7099
vn -0.7679 0.3643 0.5268
vn -0.5087 0.8182 0.2679
vn -0.2408 -0.1829 0.9532
vn -0.5180 0.4517 0.7264
vn -0.7073 0.1894 0.6811
vn -0.5982 0.3617 0.7151
vn -0.5937 0.5327 0.6031
vn -0.5216 0.5319 0.6671
vn -0.3938 0.4582 0.7969
vn -0.6482 0.3819 0.6588
vn -0.5677 0.1903 0.8009
vn -0.4532 0.3622 0.8145
vn -0.4661 0.5343 0.7051
vn -0.3827 0.5274 0.7586
vn -0.2337 0.4498 0.8620
vn -0.5118 0.3788 0.7711
vn -0.5466 0.3622 0.7550
vn -0.4054 0.2685 0.8738
vn -0.3709 0.4488 0.8130
vn -0.3955 0.3615 0.8443
vn -0.2352 0.2674 0.9344
vn -0.2111 0.4462 0.8697
vn -0.1653 -0.2071 0.9642
vn 0.4165 0.1296 0.8999
vn -0.3171 0.5361 0.7823
vn -0.3236 -0.2290 0.9181
vn -0.0652 0.4233 0.9036
vn -0.3601 0.3569 0.8619
vn -0.2113 0.1906 0.9587
vn -0.1112 0.3617 0.9257
vn -0.2165 0.3880 0.8959
vn -0.2727 0.7711 0.5754
vn 0.2193 -0.1506 0.9640
vn -0.0464 0.4357 0.8989
vn 0.9057 0.0286 0.4230
vn 0.9068 0.1817 0.3803
vn 0.8757 0.2153 0.4322
vn -0.0893 0.6761 0.7313
vn -0.0844 0.6528 0.7528
vn 0.2805 0.6009 0.7485
vn 0.2718 0.7107 0.6489
vn -0.1430 0.0000 0.9897
vn 0.0303 -0.0789 0.9964
vn -0.1832 -0.0980 0.9782
vn -0.2601 -0.1837 0.9479
vn -0.1005 -0.1837 0.9778
vn -0.2675 -0.4046 0.8745
vn -0.1724 -0.3499 0.9208
vn -0.0572 -0.3798 0.9233
vn -0.1638 -0.3608 0.9182
vn 0.0250 -0.3647 0.9308
vn -0.0015 -0.2720 0.9623
vn -0.2219 -0.1709 0.9600
vn -0.2697 -0.5074 0.8184
vn -0.1764 -0.3607 0.9158
vn -0.1442 0.9619 0.2323
vn -0.0848 0.9905 0.1085
vn 0.6575 0.7266 -0.1996
vn 0.6050 0.7956 -0.0312
vn 0.8549 0.5023 -0.1296
vn 0.7370 0.6328 -0.2376
vn -0.1557 0.9749 0.1590
vn 0.0582 0.9847 0.1643
vn -0.0147 0.9873 0.1584
vn -0.7515 0.1559 0.6411
vn -0.6776 0.0553 0.7334
vn -0.8198 0.5518 -0.1529
vn -0.8960 0.2357 0.3763
vn -0.8849 0.1414 0.4439
vn -0.8940 0.0620 0.4438
vn 0.1067 0.2945 0.9497
vn 0.7776 -0.2011 0.5957
vn 0.5564 0.3885 0.7345
vn 0.5065 0.2149 0.8350
vn -0.1042 -0.1517 0.9829
vn -0.0862 -0.4976 0.8631
vn 0.0040 -0.3783 0.9257
vn -0.0506 -0.3317 0.9420
vn 0.0711 -0.4351 0.8976
vn 0.2404 -0.3345 0.9112
vn 0.0208 -0.3895 0.9208
vn 0.9742 -0.1947 0.1140
vn 0.9983 -0.0151 0.0565
vn 0.9816 0.1695 0.0884
vn -0.9487 0.2144 0.2326
vn -0.4835 0.5904 0.6463
vn 0.9422 0.3012 0.1470
vn 0.9444 0.2012 0.2599
vn 0.8429 -0.1586 0.5142
vn 0.9606 0.2144 0.1766
vn -0.1739 0.3100 0.9347
vn -0.1898 0.2460 0.9505
vn -0.1869 0.3210 0.9285
vn -0.3696 0.0278 0.9288
vn -0.3586 -0.0692 0.9309
vn -0.1910 0.0000 0.9816
vn -0.2601 0.1838 0.9479
vn -0.3008 0.0000 0.9537
vn -0.2601 -0.1838 0.9479
vn -0.3382 -0.1714 0.9254
vn -0.4126 -0.1838 0.8922
vn -0.3983 -0.3422 0.8511
vn -0.3215 -0.3502 0.8798
vn -0.2487 -0.3284 0.9112
vn -0.3128 -0.3607 0.8787
vn -0.1187 -0.3898 0.9132
vn -0.1711 -0.2417 0.9551
vn -0.4894 -0.2515 0.8350
vn -0.4912 -0.4009 0.7733
vn -0.3252 -0.3623 0.8735
vn -0.3356 -0.3123 0.8887
vn -0.4195 -0.5024 0.7561
vn -0.3084 -0.4346 0.8462
vn -0.0007 1.0000 -0.0006
vn 0.1970 0.9620 0.1893
vn 0.2061 0.9784 -0.0168
vn 0.1819 0.9827 -0.0343
vn -0.9649 -0.1304 0.2281
vn -0.8999 -0.0803 0.4286
vn -0.8958 0.0303 0.4435
vn -0.9630 0.0000 0.2693
vn -0.9949 -0.0870 0.0519
vn -0.8438 -0.1490 0.5156
vn -0.8779 0.1921 0.4386
vn -0.8860 0.3041 0.3500
vn -0.8929 0.0031 0.4502
vn -0.8873 0.1015 0.4500
vn -0.8718 0.3595 0.3326
vn -0.9150 -0.1451 0.3764
vn -0.8648 0.0000 0.5020
vn -0.8713 0.0730 0.4854
vn -0.9173 -0.1707 0.3599
vn -0.7882 -0.0837 0.6097
vn -0.8195 -0.2563 0.5126
vn -0.8302 0.0000 0.5574
vn -0.9835 0.0735 -0.1650
vn -0.9941 -0.0805 0.0724
vn -0.9957 0.0260 0.0887
vn -0.9925 -0.1206 0.0198
vn -0.9998 0.0000 0.0198
vn -0.9657 0.1542 -0.2088
vn -0.9867 0.0169 -0.1616
vn -0.9974 0.0724 0.0013
vn -0.7616 0.1416 0.6324
vn -0.6473 0.0000 0.7622
vn -0.7768 0.0380 0.6286
vn -0.5538 -0.1838 0.8121
vn -0.6125 -0.2317 0.7557
vn -0.4459 -0.0845 0.8911
vn -0.4371 0.0566 0.8976
vn -0.5974 0.0000 0.8019
vn -0.5538 -0.1837 0.8122
vn -0.5096 0.0000 0.8604
vn -0.6381 -0.1183 0.7608
vn -0.3958 -0.0396 0.9175
vn -0.4824 -0.2087 0.8508
vn -0.2920 -0.0908 0.9521
vn -0.2808 0.0610 0.9578
vn -0.4553 0.0000 0.8904
vn -0.4019 -0.0654 0.9133
vn -0.3564 0.0000 0.9343
vn -0.2752 0.2473 0.9290
vn -0.2114 0.2350 0.9487
vn -0.2461 0.2633 0.9328
vn -0.6101 -0.2256 0.7595
vn -0.4620 -0.3502 0.8148
vn -0.4449 -0.1608 0.8810
vn -0.5066 -0.3983 0.7647
vn -0.3087 -0.4986 0.8100
vn -0.4618 -0.1687 0.8708
vn -0.6193 -0.2510 0.7439
vn -0.6122 -0.4003 0.6819
vn -0.4643 -0.3617 0.8084
vn -0.9501 -0.3117 -0.0143
vn -0.9348 -0.3503 0.0589
vn -0.9449 -0.3017 0.1269
vn -0.9296 -0.3624 0.0677
vn -0.8833 -0.3916 0.2577
vn -0.9425 -0.2429 0.2296
vn -0.8328 -0.5074 0.2215
vn -0.8629 -0.3625 0.3522
vn -0.9251 -0.1708 0.3390
vn -0.8651 -0.3502 0.3592
vn -0.8611 -0.2795 0.4248
vn -0.9090 -0.2818 0.3072
vn -0.9154 -0.4020 0.0209
vn -0.9128 -0.3493 0.2115
vn -0.9517 -0.1583 0.2630
vn -0.9058 -0.3622 0.2199
vn -0.8290 -0.3915 0.3994
vn -0.8917 -0.2426 0.3822
vn -0.8597 -0.5072 -0.0607
vn -0.9309 -0.3614 0.0534
vn -0.9578 -0.2863 0.0268
vn -0.9962 0.0389 -0.0782
vn -0.9562 -0.2506 -0.1511
vn -0.9848 -0.1570 0.0739
vn -0.8723 -0.4026 -0.2777
vn -0.9320 -0.3494 -0.0964
vn -0.9855 -0.1588 -0.0602
vn -0.9282 -0.3619 -0.0868
vn -0.9139 -0.3910 0.1090
vn -0.9676 -0.2426 0.0702
vn -0.8633 -0.3998 0.3079
vn -0.7932 -0.3613 0.4902
vn -0.8985 -0.2506 0.3603
vn -0.7942 -0.3501 0.4968
vn -0.8104 -0.1615 0.5631
vn -0.8978 -0.2263 0.3778
vn -0.8581 -0.3611 0.3652
vn -0.7413 -0.4985 0.4494
vn -0.8993 -0.1687 0.4034
vn -0.7998 -0.4014 0.4464
vn -0.7018 -0.3628 0.6131
vn -0.8282 -0.2520 0.5006
vn -0.7015 -0.3501 0.6207
vn -0.6832 -0.2663 0.6799
vn -0.7621 -0.2720 0.5876
vn -0.7850 -0.3629 0.5022
vn -0.6568 -0.4986 0.5657
vn -0.8204 -0.1687 0.5463
vn -0.9575 0.1759 -0.2288
vn -0.9667 -0.1988 -0.1612
vn -0.9983 -0.0396 -0.0438
vn -0.9986 -0.0470 -0.0238
vn -0.8644 -0.1735 -0.4720
vn -0.9198 -0.0310 0.3912
vn -0.6268 -0.5074 0.5913
vn -0.5911 -0.3615 0.7210
vn -0.6522 -0.1709 0.7385
vn -0.5898 -0.3504 0.7276
vn -0.5565 -0.2806 0.7820
vn -0.6547 -0.2880 0.6989
vn -0.6926 -0.3616 0.6242
vn -0.5388 -0.3907 0.7464
vn -0.6039 -0.2423 0.7594
vn -0.5803 -0.3617 0.7296
vn -0.4379 -0.4985 0.7481
vn -0.5988 -0.1687 0.7829
vn -0.6993 -0.3216 0.6384
vn -0.5911 -0.4880 0.6422
vn -0.9433 -0.3217 -0.0821
vn -0.8728 -0.4880 0.0000
vn -0.7676 -0.4881 0.4154
vn -0.8108 -0.3112 0.4958
vn -0.7946 -0.5217 -0.3106
vn -0.8996 -0.4324 -0.0617
vn -0.9564 -0.2834 -0.0701
vn -0.8264 -0.4123 -0.3834
vn -0.8768 -0.4569 -0.1498
vn -0.9140 -0.3972 -0.0825
vn -0.6889 -0.4878 0.5362
vn -0.7183 -0.3125 0.6216
vn 0.9758 -0.1856 -0.1156
vn 0.9650 -0.2624 0.0000
vn 0.9353 -0.3329 -0.1199
vn -0.0049 -1.0000 -0.0075
vn 0.0075 -0.9855 -0.1697
vn -0.7932 -0.5076 -0.3365
vn -0.8979 -0.3612 -0.2516
vn -0.8283 -0.3461 -0.4405
vn -0.8654 -0.3214 -0.3845
vn -0.7881 -0.5024 -0.3557
vn -0.8687 -0.4346 -0.2375
vn -0.0074 -0.9999 -0.0080
vn 0.0402 -0.9874 -0.1532
vn -0.0049 0.1467 0.9892
vn 0.1243 0.2141 0.9689
vn 0.1314 0.1959 0.9718
vn 0.0407 0.2143 0.9759
vn 0.8739 0.4730 -0.1126
vn 0.8845 0.4546 0.1050
vn 0.9300 0.3603 -0.0733
vn 0.9548 0.2561 -0.1506
vn -0.0127 -0.9999 -0.0099
s off
f 19/1/1 16/2/2 17/3/3
f 6/4/4 3/5/5 5/6/5
f 18/7/6 14/8/6 8/9/6 12/10/6
f 309/11/7 361/12/7 358/13/7
f 319/14/8 286/15/8 309/11/8
f 273/16/9 439/17/9 274/18/9 232/19/10
f 349/20/11 113/21/12 357/22/12
f 180/23/13 38/24/14 30/25/14 179/26/15
f 49/27/16 184/28/17 194/29/17 50/30/18
f 267/31/19 424/32/19 248/33/20 225/34/21
f 463/35/22 451/36/22 378/37/23 381/38/24
f 453/39/25 360/40/25 372/41/26
f 453/42/27 351/43/28 360/40/28
f 268/44/29 398/45/29 227/46/30 226/47/31
f 7/48/32 5/6/33 3/49/32 1/50/32
f 433/51/34 271/52/34 236/53/35 275/54/34
f 208/55/36 215/56/36 478/57/36 479/58/36
f 24/59/37 23/60/38 131/61/39
f 450/62/40 464/63/40 384/64/41 387/65/42
f 451/36/43 464/63/43 450/62/43
f 451/36/43 448/66/44 465/67/43
f 451/36/43 467/68/43 447/69/43
f 451/36/43 446/70/45 468/71/43
f 451/36/43 471/72/43 445/73/43
f 451/36/43 445/73/43 472/74/43
f 451/36/43 473/75/43 444/76/43
f 451/36/43 443/77/46 474/78/43
f 451/36/43 477/79/43 442/80/43
f 451/36/43 440/81/47 458/82/43
f 451/36/43 458/82/43 457/83/43
f 451/36/43 456/84/48 459/85/43
f 451/36/43 460/86/43 455/87/43
f 451/36/43 455/87/43 461/88/43
f 451/36/43 462/89/43 454/90/43
f 14/8/49 17/91/49 125/92/50
f 241/93/51 206/94/52 217/95/53 245/96/54
f 306/97/55 289/98/55 327/99/56
f 430/100/57 240/101/58 276/102/57 269/103/57
f 458/82/59 97/104/59 98/105/59 457/106/60
f 54/107/61 110/108/61 133/109/62
f 110/108/63 53/110/63 133/109/64
f 110/108/65 57/111/65 109/112/65
f 110/108/65 108/113/66 136/114/65
f 110/108/65 135/115/65 58/116/65
f 110/108/65 60/117/65 69/118/65
f 110/108/65 69/118/65 61/119/65
f 110/108/65 61/119/65 68/120/65
f 110/108/65 68/120/65 62/121/65
f 110/108/65 63/122/65 67/123/65
f 110/108/65 67/123/65 64/124/65
f 110/108/65 478/57/65 106/125/65
f 110/108/65 105/126/67 53/110/65
f 105/126/68 313/127/69 53/110/70
f 105/126/71 212/128/72 313/127/73
f 17/3/74 16/2/75 128/129/76
f 16/2/77 24/130/78 128/129/79
f 6/131/80 13/132/80 9/133/80 2/134/80
f 39/135/81 34/136/82 37/137/83 38/138/84
f 20/139/85 56/140/85 23/60/86
f 55/141/87 132/142/88 23/60/89
f 462/143/90 352/144/91 454/145/92
f 104/146/93 121/147/93 356/148/94
f 10/149/95 8/9/95 123/150/96
f 122/151/97 8/9/98 14/8/98
f 42/152/99 35/153/100 36/154/100 43/155/101
f 15/156/102 19/1/103 17/3/104
f 212/128/105 106/125/105 294/157/106
f 106/125/107 478/57/107 294/157/108
f 269/103/109 276/102/109 244/158/110 427/159/111
f 421/160/112 267/31/113 225/34/114 224/161/115
f 15/156/116 201/162/116 19/1/117
f 202/163/118 21/164/118 22/165/118
f 203/166/119 26/167/120 21/164/120
f 26/167/121 139/168/121 21/164/121
f 140/169/122 109/112/123 21/164/123
f 440/81/124 107/170/125 97/104/125 458/82/125
f 461/171/126 119/172/126 355/173/127
f 455/87/128 102/174/128 461/88/128
f 103/175/129 115/176/129 461/88/129
f 118/177/130 10/149/131 104/146/131
f 10/149/132 120/178/133 104/146/132
f 49/27/134 50/30/135 46/179/136 48/180/137
f 18/181/138 15/156/139 17/3/140 14/8/139
f 118/177/141 9/133/142 10/182/143
f 12/10/144 200/183/144 18/7/144
f 200/183/145 187/184/145 18/7/145
f 188/185/146 12/10/146 11/186/147 199/187/146
f 412/188/148 265/189/148 260/190/149 277/191/148
f 215/56/150 209/192/150 478/57/150
f 209/192/151 298/193/151 478/57/151
f 298/193/152 210/194/152 478/57/152
f 211/195/153 297/196/154 478/57/153
f 187/184/155 200/183/155 188/185/155
f 187/184/155 188/185/155 199/187/155
f 187/184/155 199/187/155 189/197/155
f 187/184/155 190/198/155 198/199/155
f 187/184/155 198/199/155 191/200/155
f 187/184/155 191/200/155 177/201/155
f 187/184/155 177/201/155 192/202/155
f 187/184/155 194/29/155 184/28/155
f 187/184/155 181/203/156 195/204/155
f 187/184/155 195/204/155 180/205/155
f 187/184/155 178/206/157 196/207/155
f 187/184/155 185/208/155 204/209/155
f 187/184/155 202/210/158 186/211/155
f 187/184/159 186/211/159 201/162/159
f 204/212/160 168/213/161 26/167/161
f 167/214/162 139/168/163 26/167/163
f 167/214/164 108/215/165 139/168/165
f 460/86/166 101/216/166 455/87/166
f 3/49/167 2/134/167 117/217/168
f 2/134/169 9/133/169 118/177/170
f 38/138/171 37/218/172 29/219/173 30/220/172
f 13/132/174 199/187/174 11/186/175
f 188/185/176 200/183/176 12/10/176
f 64/124/177 218/221/177 479/58/177
f 218/221/178 205/222/178 479/58/178
f 205/222/179 217/223/179 479/58/179
f 217/223/180 206/94/180 479/58/180
f 207/224/181 216/225/181 479/58/181
f 216/225/182 208/55/182 479/58/182
f 208/55/183 299/226/183 215/56/183
f 479/58/65 478/57/65 110/108/65 64/124/65
f 385/227/184 290/228/185 336/229/186
f 379/230/187 289/98/187 306/231/188 282/232/187
f 164/233/189 136/114/190 108/113/191
f 465/67/192 448/66/193 393/234/194 396/235/195
f 3/49/196 114/236/197 101/237/196
f 21/164/198 20/139/198 23/60/199 22/165/198
f 6/131/200 2/134/200 3/49/200
f 100/238/201 1/50/201 3/49/201
f 186/211/202 202/163/202 22/239/202 25/240/203
f 201/162/204 186/211/204 25/240/205 19/1/206
f 67/123/207 219/241/207 64/124/207
f 337/242/208 210/194/209 298/243/210 341/244/211
f 249/245/212 205/222/213 218/246/214 253/247/215
f 176/248/216 146/249/216 185/208/216
f 146/249/217 161/250/218 185/208/217
f 320/251/219 285/252/220 370/253/220 286/15/220
f 150/254/221 58/116/222 164/233/223
f 58/116/224 135/115/224 164/233/225
f 165/255/226 145/256/227 136/114/227
f 145/256/228 166/257/228 136/114/228
f 456/84/229 99/258/230 459/85/230
f 57/111/231 20/139/231 21/164/231 109/112/231
f 138/259/232 4/260/233 7/48/233
f 4/260/234 198/199/234 7/48/234
f 198/199/235 190/198/235 7/48/235
f 190/198/236 5/6/237 7/48/236
f 98/105/238 137/261/239 7/48/238
f 63/122/240 261/262/240 67/123/240
f 19/1/241 25/240/242 24/130/243 16/2/244
f 32/263/245 149/264/246 197/265/245
f 32/263/247 142/266/247 150/254/248
f 142/266/249 58/116/249 150/254/250
f 149/264/251 176/248/252 185/208/252 197/265/252
f 166/257/253 145/256/253 135/115/253
f 145/256/254 165/255/255 135/115/254
f 119/172/256 104/146/256 356/148/257 355/173/258
f 442/267/259 70/268/260 96/269/260 441/270/261
f 169/271/262 4/260/263 138/259/264
f 170/272/265 191/200/266 4/260/266
f 191/200/267 198/199/267 4/260/267
f 231/273/268 274/18/269 304/274/270
f 274/18/271 213/275/271 304/274/272
f 178/206/273 33/276/274 196/207/274
f 33/276/275 32/263/275 196/277/275
f 33/276/276 142/266/276 32/263/276
f 141/278/277 33/276/278 59/279/278
f 98/105/279 7/48/279 1/50/279 99/280/279
f 437/281/280 466/282/281 369/283/282
f 441/270/283 96/269/284 134/284/284 440/81/285
f 107/170/286 171/285/286 97/104/286
f 174/286/287 191/200/287 170/272/288
f 36/154/289 39/287/289 180/205/289 195/204/289
f 68/120/290 93/288/290 62/289/290
f 175/290/291 192/202/291 177/201/291 153/291/292
f 363/292/293 324/293/294 287/294/295 376/295/296
f 31/296/297 33/276/297 178/206/298
f 46/179/299 50/30/300 51/297/301 47/298/302
f 27/299/303 69/118/304 60/117/304
f 434/300/305 447/69/306 467/68/306
f 440/81/307 134/284/308 107/170/308
f 134/284/309 148/301/309 107/170/309
f 148/301/310 156/302/310 107/170/310
f 147/303/311 177/201/312 173/304/313
f 173/304/314 177/201/315 191/200/315 174/286/315
f 69/118/316 28/305/316 61/119/316
f 28/305/317 94/306/318 61/119/317
f 22/239/319 23/60/320 24/59/321 25/240/322
f 29/219/323 91/307/324 28/305/325
f 69/118/326 27/299/327 28/308/328
f 328/309/329 364/310/330 283/311/331 288/312/331
f 266/313/332 418/314/332 222/315/333
f 307/316/334 284/317/335 373/318/336 308/319/335
f 439/17/337 367/320/337 213/275/337 274/18/337
f 324/293/338 363/292/339 284/317/340 307/316/341
f 66/321/342 277/191/343 264/322/344
f 112/323/345 316/324/346 357/22/346 113/325/347
f 96/269/348 143/326/348 154/327/349 155/328/348
f 385/227/350 281/329/351 305/330/352 290/228/351
f 394/331/353 278/332/354 344/333/355 293/334/354
f 332/335/356 382/336/357 282/232/358 306/231/359
f 270/337/360 433/51/360 275/54/360
f 270/337/361 275/54/361 240/101/362 430/100/361
f 43/155/363 45/338/364 40/339/364 42/340/364
f 265/189/365 403/341/365 220/342/366 260/190/367
f 44/343/368 183/344/369 184/345/370 49/27/371
f 96/269/372 155/328/372 134/284/372
f 155/328/373 157/346/374 134/284/373
f 156/302/375 148/301/375 134/284/375
f 175/290/376 151/347/377 192/202/376
f 151/347/378 52/348/379 192/202/379
f 41/349/380 44/343/380 49/27/381 48/180/382
f 37/218/383 90/350/383 29/219/384
f 37/218/385 34/136/385 90/350/385
f 45/338/386 43/155/387 182/351/388 183/344/389
f 39/135/390 38/138/391 180/23/392
f 428/352/393 468/71/394 446/70/395
f 280/353/396 388/354/396 291/355/396 340/356/397
f 51/297/398 52/357/399 143/358/400
f 52/357/401 152/359/402 143/326/403
f 52/357/404 51/297/405 193/360/406
f 44/343/407 41/361/408 40/362/409 45/338/407
f 71/363/410 47/298/411 51/364/412 70/365/413
f 12/10/414 8/9/414 10/182/415 11/186/416
f 35/153/417 86/366/418 34/136/417
f 181/203/419 36/154/420 195/204/420
f 281/329/421 382/336/422 332/335/423 305/330/424
f 27/299/425 60/117/426 59/279/426 33/276/426
f 51/364/427 144/367/428 70/268/427
f 13/132/429 11/186/430 10/182/431 9/133/429
f 50/30/432 194/29/433 51/297/434
f 30/220/435 31/296/435 178/206/436 179/26/437
f 445/73/438 413/368/439 472/74/438
f 445/73/440 471/72/440 416/369/441
f 406/370/442 444/76/443 407/371/444
f 444/76/445 473/75/445 407/371/446
f 35/153/447 42/340/447 84/372/447
f 43/155/448 36/154/449 181/203/450
f 72/373/451 46/179/452 47/298/453
f 30/220/454 29/219/455 28/305/454 31/374/454
f 72/373/456 95/375/457 46/179/457
f 95/375/458 76/376/458 46/179/458
f 77/377/459 48/180/460 46/179/461
f 199/187/462 13/132/462 6/4/463 189/197/462
f 42/340/464 40/339/464 84/378/465
f 36/379/466 35/153/467 34/136/467 39/135/468
f 28/308/469 27/299/470 33/276/471 31/296/471
f 41/361/472 80/380/473 40/362/474
f 187/184/475 201/162/475 15/156/475 18/181/476
f 475/381/477 95/375/477 72/373/478
f 80/380/479 41/361/480 48/180/481
f 474/382/482 73/383/482 95/375/482
f 74/384/483 443/385/484 75/386/484
f 44/343/485 45/338/485 183/344/486
f 79/387/487 443/385/488 405/388/489
f 73/383/490 474/382/490 443/77/491
f 113/325/492 125/92/493 112/323/494
f 112/323/494 125/92/495 127/389/496
f 130/390/497 131/61/498 128/129/499
f 128/129/499 131/61/498 129/391/500
f 128/129/499 129/391/501 126/392/502
f 126/392/502 129/391/501 127/389/496
f 170/272/503 169/271/504 173/304/505
f 173/304/505 169/271/504 172/393/506
f 91/307/507 92/394/508 89/395/509
f 89/395/509 92/394/508 90/396/510
f 168/397/511 162/398/512 167/214/513
f 167/214/513 162/398/512 163/399/514
f 167/214/513 163/399/514 164/233/515
f 85/400/516 65/401/517 87/402/518
f 87/402/518 65/401/517 66/321/519
f 87/402/520 66/321/519 89/395/509
f 85/400/521 86/366/522 83/403/523
f 83/403/524 86/366/522 84/378/525
f 81/404/526 82/405/527 79/387/528
f 79/387/529 82/405/527 80/406/530
f 171/407/531 158/408/532 172/393/506
f 172/393/506 158/408/532 159/409/533
f 172/393/506 159/409/533 160/410/534
f 157/346/535 158/408/532 171/407/531
f 173/304/505 172/393/506 160/410/534
f 129/391/536 111/411/537 112/323/538 127/389/539
f 91/307/540 263/412/541 262/413/542 93/288/543
f 111/411/544 129/391/545 315/414/546
f 129/391/547 131/61/548 315/414/549
f 125/92/550 113/325/551 349/20/552
f 130/390/553 24/130/554 131/61/555
f 3/49/556 117/217/557 115/415/558 114/236/559
f 83/403/560 81/404/561 408/416/562 409/417/563
f 123/150/564 125/92/565 354/418/566
f 124/419/567 14/8/568 125/92/569
f 17/91/570 127/389/571 125/92/572
f 17/91/573 126/392/574 127/389/575
f 61/119/576 94/306/577 93/288/576 68/120/576
f 110/108/578 54/107/578 55/420/578
f 110/108/65 55/420/65 56/421/65
f 110/108/65 56/421/65 57/111/65
f 110/108/65 109/112/65 108/113/579
f 110/108/65 136/114/65 135/115/65
f 110/108/65 58/116/65 59/279/65
f 110/108/65 59/279/65 60/117/65
f 110/108/65 62/121/65 63/122/65
f 110/108/65 106/125/65 105/126/580
f 17/91/581 128/129/582 126/392/583
f 24/130/584 130/390/585 128/129/586
f 56/421/587 55/420/587 23/60/588
f 101/237/589 114/236/590 115/176/589 102/422/589
f 104/146/591 120/178/592 121/423/593
f 120/178/594 10/149/595 121/423/596
f 10/149/597 123/150/598 121/423/599
f 8/9/600 122/151/601 123/150/602
f 122/151/603 14/8/98 124/419/604
f 105/126/605 106/424/606 212/128/607
f 65/401/608 412/188/609 277/191/609 66/321/610
f 202/210/611 203/166/612 21/164/613
f 139/425/614 140/169/615 21/164/616
f 57/111/617 56/421/617 20/139/617
f 102/422/618 103/175/618 461/88/618
f 115/415/619 117/217/620 461/88/621
f 117/217/622 119/426/623 461/171/624
f 119/426/625 118/177/626 104/146/627
f 40/339/628 81/404/629 83/403/630 84/378/631
f 187/184/155 189/197/155 190/198/155
f 187/184/155 192/202/155 193/360/155
f 187/184/155 193/360/155 194/29/155
f 187/184/155 184/28/155 183/344/632
f 187/184/155 183/344/633 182/351/634
f 187/184/155 182/351/635 181/203/636
f 187/184/155 180/205/155 179/26/637
f 187/184/155 179/26/638 178/206/639
f 187/184/155 196/207/155 197/265/155
f 187/184/155 197/265/155 185/208/155
f 187/184/155 204/209/155 203/166/640
f 187/184/155 203/166/641 202/210/642
f 204/212/643 26/167/644 203/166/645
f 168/397/646 167/214/647 26/167/648
f 70/268/649 144/367/650 143/326/649 96/269/649
f 101/237/651 102/422/651 455/87/651
f 55/420/652 54/107/652 133/109/653 132/142/654
f 115/176/655 103/175/655 102/422/655
f 2/134/656 116/427/657 117/217/658
f 116/427/659 2/134/660 118/177/661
f 154/327/662 153/291/663 160/410/664 159/409/665
f 98/105/666 99/280/666 456/84/667 457/106/668
f 161/250/669 146/249/670 168/397/671
f 146/249/672 162/398/673 168/397/674
f 164/233/675 108/215/676 167/214/677
f 124/419/678 125/92/679 123/150/680 122/151/681
f 100/238/682 101/237/682 460/86/682
f 100/238/683 3/49/683 101/237/683
f 152/359/684 151/347/685 153/291/686 154/327/687
f 155/428/688 154/327/689 158/408/690 157/346/691
f 80/406/692 78/429/693 77/377/694 79/387/695
f 161/250/696 168/397/697 204/209/698 185/208/698
f 176/248/699 149/264/700 146/430/701
f 149/264/702 162/398/703 146/249/704
f 150/254/705 164/233/706 163/399/707
f 135/115/708 165/255/709 164/233/710
f 165/255/711 136/114/712 164/233/713
f 166/257/714 135/115/714 136/431/714
f 99/280/715 100/238/715 459/432/715
f 99/280/716 1/50/716 100/238/716
f 137/261/717 138/259/718 7/48/719
f 150/254/720 163/399/721 162/398/722 149/264/723
f 196/277/724 32/263/724 197/265/724
f 32/263/725 150/254/726 149/264/727
f 477/79/728 71/363/729 70/268/728 442/267/730
f 109/112/731 140/169/732 139/168/731 108/113/733
f 172/393/734 169/271/735 138/433/736
f 169/271/737 170/272/738 4/260/739
f 62/289/740 93/288/740 63/122/740
f 33/276/741 141/278/742 142/434/743
f 173/304/744 174/286/745 170/272/746
f 75/435/747 76/436/748 95/375/749 73/383/749
f 75/435/750 77/377/751 46/179/752 76/436/753
f 190/198/754 189/197/754 6/4/755 5/6/756
f 156/437/757 157/346/758 107/170/759
f 157/346/760 171/407/761 107/170/762
f 154/438/763 159/409/764 158/408/765
f 153/291/766 147/303/767 160/410/768
f 147/303/769 173/304/770 160/410/534
f 147/303/771 153/291/772 177/201/773
f 29/219/774 92/394/775 91/307/776
f 88/439/777 87/402/778 89/395/779 90/396/780
f 89/395/781 66/321/782 264/322/783
f 157/346/784 156/437/785 134/284/786
f 143/326/787 152/359/788 154/327/789
f 171/407/790 172/393/791 138/433/792 97/104/792
f 151/347/793 175/290/794 153/291/795
f 52/348/796 193/360/796 192/440/796
f 90/396/797 92/394/798 29/219/799
f 65/401/800 85/400/801 412/188/802
f 34/136/803 88/439/804 90/396/805
f 34/136/806 87/402/807 88/439/808
f 28/305/809 91/307/810 93/441/811 94/306/812
f 141/278/813 59/279/814 58/442/814 142/266/814
f 144/367/815 51/364/816 143/358/817
f 52/348/818 151/347/819 152/359/820
f 51/297/821 194/29/822 193/360/822
f 83/443/823 409/417/824 85/400/825
f 34/136/826 86/366/827 85/400/828 87/402/829
f 35/153/447 84/372/447 86/366/830
f 182/351/831 43/444/832 181/203/833
f 476/445/834 72/373/835 71/363/836
f 72/373/837 47/298/838 71/363/839
f 23/60/840 132/142/841 133/109/842 131/61/843
f 138/259/844 137/261/845 98/105/846 97/104/846
f 40/339/847 82/405/848 81/404/849
f 80/406/850 82/405/851 40/339/852
f 77/377/853 78/429/854 48/180/855
f 78/429/856 80/406/857 48/180/858
f 73/446/859 74/384/860 75/386/861
f 443/385/862 77/377/863 75/435/864
f 443/385/865 79/387/866 77/377/867
f 116/427/868 118/177/869 119/426/870 117/217/871
f 74/384/872 73/446/873 443/385/874
f 362/447/875 373/318/876 374/448/877
f 362/447/878 374/448/877 371/449/879
f 371/449/879 374/448/877 375/450/880
f 371/449/881 375/450/880 372/41/882
f 374/448/877 377/451/883 378/37/884
f 374/448/877 378/37/884 375/450/880
f 377/451/883 363/292/885 376/295/886
f 377/451/883 380/452/887 381/38/888
f 377/451/883 381/38/888 378/37/884
f 366/453/889 395/454/890 394/331/891
f 396/235/892 395/454/890 369/283/893
f 366/453/889 367/455/894 368/456/895
f 385/227/896 386/457/897 382/336/898
f 390/458/899 387/65/900 386/457/901
f 386/457/897 383/459/902 382/336/898
f 420/460/903 400/461/904 417/462/905
f 417/462/905 400/461/904 418/463/906
f 424/464/907 423/465/908 398/466/909
f 398/466/909 423/465/910 426/467/911
f 398/466/912 426/467/913 427/159/914
f 403/468/915 411/469/916 414/470/917
f 403/468/915 414/470/917 415/471/918
f 415/471/919 414/470/920 401/472/921
f 415/471/919 401/472/921 402/473/922
f 417/462/923 401/472/924 414/470/920
f 417/462/905 414/470/917 413/368/925
f 317/474/926 294/157/927 321/475/928
f 321/475/928 294/157/927 295/476/929
f 329/477/930 297/196/931 333/478/932
f 341/244/933 298/243/934 345/479/935
f 299/480/936 300/481/937 345/479/938
f 345/479/938 300/481/937 301/482/939
f 345/479/938 301/482/939 346/483/940
f 346/483/940 301/482/941 302/484/942
f 304/274/943 348/485/944 347/486/945
f 304/274/946 347/486/947 303/487/948
f 343/488/949 339/489/950 338/490/951
f 343/488/949 338/490/951 342/491/952
f 342/491/952 338/490/951 337/242/953
f 342/491/952 337/242/953 341/244/933
f 305/330/954 332/335/955 336/229/956
f 335/492/957 331/493/958 330/494/959
f 335/492/957 330/494/959 334/495/960
f 327/99/961 323/496/962 322/497/963
f 327/99/964 322/497/963 326/498/965
f 326/498/965 322/497/963 321/475/928
f 326/498/965 321/475/928 325/499/966
f 346/483/940 342/491/952 341/244/933
f 319/500/967 318/501/968 323/496/962
f 323/496/962 318/501/968 322/497/963
f 245/96/969 217/95/53 249/245/212
f 253/247/970 218/246/214 257/502/971
f 257/502/971 218/246/214 219/503/972
f 234/504/973 233/505/974 238/506/975
f 238/506/976 233/505/974 237/507/977
f 242/508/978 241/93/979 246/509/980
f 246/509/980 241/93/979 245/96/969
f 254/510/981 253/247/982 258/511/983
f 258/511/983 253/247/970 257/502/971
f 231/273/984 214/512/985 230/513/986
f 231/273/984 230/513/986 235/514/987
f 235/514/987 230/513/986 234/504/973
f 239/515/988 238/506/975 243/516/989
f 243/516/989 238/506/976 242/508/978
f 247/517/990 246/509/980 251/518/991
f 251/518/992 246/509/980 250/519/993
f 402/473/922 403/468/915 415/471/918
f 341/244/933 345/479/938 346/483/940
f 390/458/994 386/457/897 389/520/995
f 352/144/996 353/521/997 351/522/998
f 351/522/998 353/521/997 350/523/999
f 350/523/999 353/521/997 349/20/1000
f 311/524/1001 310/525/1002 314/526/1003
f 314/526/1003 310/525/1002 313/127/1004
f 312/527/1005 311/524/1001 315/414/1006
f 315/414/1006 311/524/1001 314/526/1003
f 353/521/1007 354/418/1008 349/20/1000
f 411/469/1009 408/416/1010 407/371/1011
f 261/528/1012 262/413/1013 257/502/971
f 262/413/1013 263/412/1014 258/511/983
f 262/413/1013 258/511/983 257/502/971
f 263/412/1014 259/529/1015 258/511/983
f 361/530/1016 370/531/1017 358/13/1018
f 336/229/1019 332/335/1020 331/493/1021 335/492/1022
f 272/532/1023 273/533/1024 232/19/1025 228/534/1026
f 418/463/1027 400/461/1028 223/535/1029 222/315/1030
f 316/536/1031 315/414/1032 309/537/1033
f 315/414/1034 319/500/1035 309/11/1036
f 285/252/1037 371/449/1038 370/531/1039
f 285/252/1040 362/447/1041 371/449/1042
f 357/22/1043 358/538/1043 359/539/1043 350/540/1043
f 350/523/1044 349/20/1045 357/22/1046
f 320/251/1047 286/15/1048 319/14/1048
f 323/496/1049 308/319/1050 319/500/1051
f 308/541/1052 320/251/1053 319/500/1054
f 131/61/1055 312/527/1056 315/414/1057
f 439/542/1058 438/543/1059 368/456/1060 367/455/1061
f 308/319/1062 373/318/1063 362/447/1064
f 373/318/1065 284/317/1066 374/448/1067
f 284/317/1068 377/451/883 374/448/1069
f 452/544/1070 453/42/1071 372/41/1072 375/450/1073
f 453/42/1074 454/145/1075 351/43/1076
f 354/418/1077 125/545/1078 349/20/1079
f 250/519/1080 249/245/1081 253/247/970 254/510/1082
f 327/99/1083 288/312/1084 323/496/1085
f 288/546/1086 287/294/1087 323/496/1088
f 287/294/1089 324/293/1090 323/496/1091
f 324/293/1092 307/316/1093 323/496/1094
f 307/316/1095 308/541/1096 323/496/1097
f 402/473/1098 401/547/1099 256/548/1099 221/549/1100
f 363/292/1101 377/451/1102 284/317/1103
f 314/526/1104 318/501/1105 319/500/1106 315/414/1107
f 376/295/1108 283/311/1109 377/451/1110
f 283/311/1111 380/452/887 377/451/1112
f 451/36/43 463/35/43 464/63/43
f 451/36/43 450/62/43 449/550/1113
f 451/36/43 449/550/1114 448/66/1115
f 451/36/43 465/67/43 466/551/43
f 451/36/43 466/551/43 467/68/43
f 451/36/43 447/69/43 446/70/1116
f 451/36/43 468/71/43 469/552/43
f 451/36/43 469/552/43 470/553/43
f 451/36/43 470/553/43 471/72/43
f 451/36/43 472/74/43 473/75/43
f 451/36/43 444/76/43 443/77/1117
f 451/36/43 474/78/43 475/381/43
f 451/36/43 475/381/43 476/445/43
f 451/36/43 476/445/43 477/79/43
f 451/36/43 442/80/43 441/270/1118
f 451/36/43 441/270/1119 440/81/1120
f 451/36/43 457/83/43 456/84/1121
f 451/36/43 459/85/43 460/86/43
f 451/36/43 461/88/43 462/89/43
f 451/36/43 454/90/43 453/42/1122
f 451/36/43 453/42/1123 452/544/1124
f 454/145/1125 352/144/1126 351/522/1127
f 352/144/1128 462/143/1129 353/521/1130
f 462/143/1131 356/148/1132 353/521/1133
f 356/148/1134 121/147/1135 353/521/1136
f 279/554/1137 280/555/1138 340/356/1139 292/556/1140
f 211/195/1141 210/557/1141 337/242/1142 333/478/932
f 328/309/1143 288/312/1144 327/99/1145
f 259/529/1146 255/558/1147 254/510/1148 258/511/1149
f 331/493/1150 306/97/1151 327/99/1152
f 289/98/1153 328/309/1154 327/99/1155
f 395/454/890 396/235/1156 393/234/1157 392/559/1158
f 53/110/1159 313/127/1160 310/525/1161
f 262/413/1162 261/528/1163 63/122/1164 93/288/1164
f 271/560/1165 272/532/1166 228/534/1167 236/53/1168
f 364/310/1169 379/561/1170 283/311/1171
f 379/561/1172 380/452/1173 283/311/1174
f 379/561/1175 282/232/1176 380/452/1177
f 282/232/1178 383/459/1179 380/452/1180
f 386/457/1181 387/65/1182 384/64/1183 383/459/1184
f 449/550/1185 450/562/1186 387/65/1187 390/458/1188
f 355/173/1189 356/148/1190 462/143/1191
f 461/171/1192 355/173/1193 462/143/1192
f 278/563/1194 279/554/1195 292/556/1196 344/333/1197
f 478/57/1198 295/476/1199 294/157/1200
f 478/57/1201 296/564/1202 295/476/1203
f 233/505/1204 216/565/1205 207/566/1206 237/507/1207
f 478/57/1208 297/196/1209 296/564/1210
f 321/475/1211 322/497/1212 318/501/1213 317/474/1214
f 329/477/1215 330/494/1216 326/498/1217 325/499/1218
f 332/335/1219 306/231/1220 331/493/1221
f 398/466/1222 427/159/1223 244/158/1224 227/46/1225
f 451/567/1226 452/544/1227 375/450/1228 378/37/1229
f 89/395/1230 264/322/1231 263/412/1232 91/307/1233
f 382/336/898 383/459/902 282/232/1234
f 382/336/1235 281/329/1236 385/227/1237
f 392/559/1238 393/234/1239 390/458/1240 389/520/1241
f 464/63/1242 463/568/1242 381/38/1243 384/64/1244
f 210/557/1245 211/195/1245 478/57/1245
f 211/195/1246 333/478/1247 297/196/1248
f 296/564/1249 325/499/1250 321/475/1251 295/476/1252
f 246/509/1253 245/96/1254 249/245/1255 250/519/1256
f 235/514/1257 234/504/1258 238/506/1259 239/515/1260
f 339/489/1261 291/355/1262 335/492/1263
f 291/355/1264 336/229/1265 335/492/1266
f 385/227/1267 365/569/1268 386/457/1269
f 365/569/1270 389/520/1271 386/457/1272
f 448/66/1273 449/550/1274 390/458/1275 393/234/1276
f 370/531/1277 361/530/1278 309/11/1279 286/15/1279
f 379/561/1280 364/310/1281 328/309/1282 289/98/1283
f 268/44/1284 226/47/1285 248/33/1286 424/32/1284
f 206/570/1287 207/224/1287 479/58/1287
f 345/479/1288 298/243/1289 209/192/1290
f 233/505/1291 229/571/1292 208/55/1293 216/225/1293
f 343/488/1294 292/556/1295 339/489/1296
f 292/556/1297 340/356/1298 339/489/1299
f 340/356/1300 291/355/1301 339/489/1302
f 402/473/1303 221/549/1304 220/342/1305 403/468/1306
f 365/569/1307 385/227/1308 336/229/1309
f 290/228/1310 305/330/1311 336/229/1312
f 388/572/1313 389/520/1314 365/569/1315
f 388/354/1316 280/353/1316 389/520/1317
f 280/353/1318 392/559/1319 389/520/1320
f 459/432/1321 100/573/1321 460/86/1321
f 219/503/1322 218/246/1323 64/124/1324
f 249/245/1325 217/95/1326 205/222/1327
f 299/480/1328 345/479/1329 209/192/1330 215/56/1330
f 212/128/1331 294/157/1332 317/474/1333 313/127/1334
f 230/513/1335 302/484/1336 301/574/1337 229/571/1338
f 330/494/1339 331/493/1340 327/99/1341 326/498/1342
f 347/486/1343 293/334/1344 343/488/1345
f 293/334/1346 344/333/1347 343/488/1348
f 344/333/1349 292/556/1350 343/488/1351
f 279/554/1352 391/575/1353 280/555/1354
f 391/576/1355 392/559/1356 280/353/1357
f 391/576/1358 278/332/1359 392/559/1360
f 278/332/1361 395/454/890 392/559/1362
f 383/459/1363 384/64/1364 381/38/1365 380/452/1366
f 123/150/1367 354/418/1368 353/521/1369 121/423/1370
f 261/528/1371 257/502/1372 67/123/1373
f 257/502/1374 219/503/1375 67/123/1376
f 230/513/1377 229/571/1378 233/505/1379 234/504/1380
f 333/478/1381 334/495/1382 330/494/1383 329/477/1384
f 337/242/1385 338/490/1386 334/495/1387 333/478/1388
f 238/506/1389 237/507/1390 241/93/1391 242/508/1392
f 366/453/1393 394/331/1394 293/334/1395 348/485/1396
f 301/482/1397 300/481/1398 229/571/1399
f 302/484/1400 214/577/1401 346/483/1402
f 348/485/1403 293/334/1404 347/486/1405
f 214/577/1406 303/487/1407 347/486/1408 346/483/1409
f 394/331/1410 395/454/1411 278/332/1412
f 391/575/1413 279/554/1414 278/563/1415
f 366/453/889 397/578/1416 395/454/890
f 397/578/1417 369/283/1418 395/454/1419
f 79/387/1420 405/388/1421 406/370/1422 81/404/1423
f 53/110/1424 310/525/1425 311/524/1426 133/109/1427
f 338/490/1428 339/489/1429 335/492/1430 334/495/1431
f 251/518/1432 250/519/1433 254/510/1434 255/558/1435
f 399/579/1436 224/161/1437 252/580/1438 400/461/1439
f 313/127/1440 317/474/1441 318/501/1442 314/526/1443
f 243/516/1444 242/508/1445 246/509/1446 247/517/1447
f 214/577/1448 302/484/1449 230/513/1450
f 231/273/984 303/487/1451 214/577/1452
f 231/273/1453 304/274/1454 303/487/1455
f 213/275/1456 348/485/1457 304/274/943
f 316/536/1458 309/537/1459 358/538/1460 357/22/1460
f 368/456/1461 397/578/1462 366/453/1463
f 368/456/1464 438/543/1465 397/581/1466
f 360/582/1467 359/583/1468 371/449/1469 372/41/1470
f 437/281/1471 467/68/1472 466/551/1472
f 256/584/1473 222/315/1474 255/558/1475
f 222/315/1476 251/518/1477 255/558/1478
f 259/529/1479 220/585/1480 255/558/1481
f 220/342/1482 221/549/1483 255/558/1484
f 221/549/1485 256/584/1486 255/558/1487
f 222/315/1488 223/535/1489 251/518/1490
f 223/535/1491 252/580/1492 251/518/1493
f 252/580/1494 224/161/1495 251/518/1496
f 224/161/1497 225/34/1498 251/518/1499
f 225/34/1500 247/517/1501 251/518/1502
f 264/322/1503 277/191/1504 263/412/1505
f 277/191/1506 259/529/1507 263/412/1508
f 260/190/1509 220/342/1510 259/529/1511
f 277/191/1512 260/190/1513 259/529/1514
f 225/34/1515 248/33/1516 247/517/1517
f 248/33/1518 226/47/1519 247/517/1520
f 226/47/1521 227/46/1522 247/517/1523
f 227/46/1524 243/516/1525 247/517/1526
f 227/46/1527 244/158/1528 243/516/1529
f 244/158/1530 276/102/1531 243/516/1532
f 276/102/1533 239/515/1534 243/516/1535
f 240/101/1536 275/54/1537 239/515/1538
f 275/54/1539 235/514/1540 239/515/1541
f 276/102/1542 240/101/1543 239/515/1544
f 275/54/1545 236/53/1546 235/514/1547
f 236/53/1548 228/534/1549 235/514/1550
f 228/534/1551 231/273/1552 235/514/1553
f 232/19/1554 274/18/1555 231/273/1556
f 228/534/1557 232/19/1558 231/273/1559
f 376/295/1560 287/294/1561 288/312/1562 283/311/1562
f 346/483/1563 347/486/1564 343/488/1565 342/491/1566
f 439/17/1567 273/16/1567 438/543/1568
f 273/16/1569 435/586/1570 438/543/1571
f 435/586/1572 467/587/1573 438/543/1574
f 467/68/1575 437/281/1576 438/543/1577
f 435/586/1578 434/300/1579 467/587/1580
f 241/93/1581 237/507/977 207/224/1582 206/570/1582
f 133/109/1583 311/524/1584 312/527/1585 131/61/1586
f 229/571/1587 300/481/1588 299/226/1589 208/55/1589
f 400/461/1590 252/580/1591 223/535/1592
f 399/579/1593 421/160/1594 224/161/1595
f 388/572/1596 365/569/1597 336/229/1598 291/355/1599
f 438/543/1600 437/281/1601 369/283/1602 397/578/1603
f 466/551/1604 465/588/1604 396/235/1605 369/283/1606
f 371/449/1607 359/583/1608 358/13/1608 370/531/1609
f 266/313/1610 222/315/1611 256/548/1610 401/547/1610
f 320/251/1612 308/541/1613 362/447/1614 285/252/1615
f 272/532/1616 436/589/1617 273/533/1618
f 436/590/1619 435/586/1620 273/16/1621
f 436/590/1622 271/52/1623 435/586/1624
f 271/52/1625 432/591/1626 435/586/1570
f 432/591/1627 447/69/1628 435/586/1629
f 447/69/1630 434/300/1631 435/586/1632
f 432/591/1633 431/592/1634 447/69/1635
f 431/592/1636 446/70/1637 447/593/1638
f 297/196/1639 329/477/1640 325/499/1641 296/564/1642
f 417/462/905 266/313/1643 401/547/1643
f 417/462/1644 418/463/1645 266/313/1646
f 265/189/1647 411/469/1009 403/468/915
f 420/460/1648 421/160/1649 400/461/1650
f 421/160/1651 399/579/1652 400/461/1653
f 420/460/1654 267/31/1655 421/160/1656
f 420/460/1657 423/465/1658 267/31/1659
f 423/465/908 424/464/907 267/31/1660
f 404/594/1661 411/469/1662 412/595/1663
f 411/469/1664 265/189/1665 412/188/1665
f 85/400/1666 404/594/1667 412/595/1668
f 398/45/1669 268/44/1669 424/32/1669
f 426/467/911 269/103/1670 427/159/1671
f 426/467/911 429/596/1672 269/103/1673
f 429/596/1674 430/597/1675 269/103/1676
f 429/596/1677 270/337/1678 430/100/1678
f 429/596/1679 432/591/1680 270/337/1681
f 432/591/1682 433/598/1683 270/337/1684
f 432/591/1685 271/52/1686 433/51/1686
f 436/589/1687 272/532/1688 271/560/1689
f 429/596/1690 446/599/1691 432/591/1692
f 446/70/1693 431/592/1694 432/591/1695
f 429/596/1696 428/352/1697 446/599/1698
f 411/469/1699 472/74/1700 414/470/1701
f 472/74/1702 413/368/1703 414/470/1704
f 416/369/1705 471/600/1706 417/462/1707
f 471/600/1708 420/460/1709 417/462/1710
f 413/368/1711 445/73/1712 417/462/1713
f 445/73/1714 416/369/1715 417/462/1716
f 410/601/1717 472/74/1718 411/469/1719
f 404/594/1720 408/416/1721 411/469/1722
f 407/371/1723 473/602/1724 411/469/1725
f 473/602/1726 410/601/1727 411/469/1728
f 419/603/1729 470/604/1730 420/460/1731
f 470/604/1732 423/465/1733 420/460/1734
f 471/600/1735 419/603/1736 420/460/1737
f 422/605/1738 469/606/1739 423/465/1740
f 469/606/1741 426/467/1742 423/465/1743
f 470/604/1744 422/605/1745 423/465/1746
f 409/417/1747 408/416/1748 404/594/1749
f 85/400/1750 409/417/1751 404/594/1752
f 425/607/1753 468/71/1754 426/467/1755
f 468/71/1756 429/596/1757 426/467/1758
f 469/606/1759 425/607/1760 426/467/1761
f 468/71/1762 428/352/1763 429/596/1764
f 425/607/1765 469/606/1766 468/608/1766
f 410/601/1767 473/602/1768 472/609/1768
f 470/604/1769 419/603/1770 471/600/1769
f 406/370/1771 407/371/1772 408/416/1773
f 81/404/1774 406/370/1775 408/416/1776
f 469/606/1777 422/605/1778 470/604/1777
f 350/523/1779 359/539/1780 360/40/1780 351/522/1781
f 476/445/1782 71/363/1783 477/79/1782
f 405/388/1784 444/76/1785 406/370/1786
f 405/388/1787 443/77/1788 444/610/1789
f 475/381/1790 72/373/1791 476/445/1790
f 367/455/1792 366/453/1793 348/485/1794 213/275/1795
f 111/411/1796 315/414/1797 316/324/1798 112/323/1799
f 475/381/1800 474/382/1800 95/375/1800
