# Blender v3.3.21 OBJ File: 'nex10.blend'
# www.blender.org
v 0.034209 -0.071500 0.951936
v 0.045789 -0.071500 0.951938
v -0.046413 -0.096500 0.847453
v -0.050474 -0.096500 0.806183
v -0.050924 -0.099562 0.799852
v -0.050761 -0.099195 0.802225
v -0.049392 -0.099211 0.819665
v -0.049149 -0.102748 0.822391
v -0.044706 -0.103686 0.859648
v -0.041612 -0.096498 0.877672
v -0.034367 -0.099699 0.903345
v -0.015309 -0.103953 0.929859
v 0.034872 -0.103953 0.951339
v 0.045996 -0.103953 0.951279
v 0.109860 -0.103953 0.911974
v 0.120799 -0.103953 0.880667
v 0.121433 -0.096500 0.873292
v 0.110392 -0.096500 0.911076
v 0.098389 -0.096500 0.926860
v 0.082929 -0.096500 0.939278
v -0.010277 -0.096500 0.934144
v -0.024280 -0.096500 0.920104
v 0.006702 -0.096500 0.944387
v 0.064928 -0.096500 0.947594
v 0.118228 -0.096500 0.892861
v 0.045680 -0.078001 0.951966
v 0.044991 -0.078736 0.951950
v 0.045479 -0.078490 0.951967
v 0.045632 -0.078257 0.951967
v 0.045247 -0.078645 0.951967
v 0.038977 -0.078778 0.951951
v 0.040865 -0.078778 0.951951
v 0.034319 -0.078001 0.951966
v 0.035009 -0.078736 0.951950
v 0.034521 -0.078491 0.951967
v 0.034754 -0.078646 0.951967
v 0.034367 -0.078256 0.951967
v -0.059627 -0.099200 0.616900
v -0.059418 -0.099211 0.626442
v -0.059291 -0.099219 0.631631
v -0.058039 -0.099366 0.669512
v -0.056213 -0.099716 0.707209
v -0.059294 -0.096501 0.631632
v -0.057449 -0.101331 0.669330
v -0.059642 -0.100183 0.606704
v -0.060015 -0.099828 0.536189
v -0.059795 -0.099356 0.607060
v -0.059790 -0.099255 0.607505
v -0.059772 -0.099613 0.606831
v -0.059715 -0.099923 0.606717
v -0.059520 -0.099769 0.619255
v -0.059584 -0.099272 0.618815
v -0.059549 -0.099533 0.619027
v -0.055649 -0.101623 0.707224
v -0.055760 -0.101188 0.709714
v -0.056059 -0.100024 0.709717
v -0.058521 -0.099298 0.656857
v -0.059487 -0.099924 0.619294
v -0.059447 -0.100081 0.619306
v -0.059243 -0.100250 0.626435
v -0.058366 -0.100329 0.656790
v -0.057897 -0.100383 0.669355
v -0.056080 -0.100667 0.707259
v -0.059399 -0.100239 0.619306
v -0.058500 -0.103500 0.613000
v -0.056038 -0.099237 0.710277
v -0.056057 -0.099435 0.709951
v -0.059408 -0.103253 0.449318
v -0.057446 -0.105434 0.406296
v -0.056858 -0.105928 0.406298
v -0.056130 -0.106456 0.406299
v -0.054528 -0.107413 0.406301
v -0.051110 -0.108971 0.406303
v -0.049492 -0.109679 0.393911
v -0.051467 -0.108891 0.393700
v -0.052059 -0.108631 0.393699
v -0.053169 -0.108103 0.393698
v -0.053933 -0.107703 0.393698
v -0.055372 -0.106834 0.393696
v -0.056977 -0.105536 0.393691
v -0.052643 -0.105450 0.346007
v -0.046902 -0.106969 0.321114
v -0.044949 -0.108452 0.321547
v -0.040341 -0.110690 0.322568
v -0.035358 -0.112374 0.323657
v -0.030524 -0.113654 0.324705
v -0.030129 -0.113748 0.324791
v -0.039773 -0.112629 0.376046
v -0.017809 -0.116414 0.379878
v -0.049352 -0.109610 0.374409
v -0.045425 -0.110323 0.347322
v -0.035474 -0.113380 0.349252
v -0.049748 -0.108172 0.346495
v -0.051580 -0.106765 0.346147
v -0.053449 -0.107516 0.373725
v -0.055163 -0.106166 0.373443
v -0.057463 -0.105411 0.428392
v -0.058779 -0.104244 0.428231
v -0.060199 -0.100821 0.458649
v -0.058636 -0.103953 0.406290
v -0.058661 -0.104257 0.413997
v -0.059094 -0.103865 0.428399
v -0.060009 -0.101955 0.458868
v -0.059957 -0.102241 0.449283
v -0.059181 -0.103230 0.413945
v -0.058848 -0.103413 0.406288
v -0.058960 -0.102914 0.406287
v -0.058468 -0.104245 0.406245
v -0.058933 -0.103046 0.406245
v -0.048138 -0.110157 0.394441
v -0.046363 -0.110722 0.395835
v -0.050191 -0.109322 0.406237
v -0.045189 -0.111050 0.397834
v -0.052582 -0.108358 0.406302
v -0.053167 -0.108092 0.406302
v -0.055349 -0.106950 0.406300
v -0.057802 -0.105088 0.406295
v -0.057935 -0.104945 0.406295
v -0.058333 -0.104448 0.406245
v -0.057277 -0.105213 0.393690
v -0.056606 -0.105886 0.393692
v -0.055997 -0.106387 0.393694
v -0.054658 -0.107288 0.393697
v -0.051116 -0.109040 0.393700
v -0.051114 -0.109037 0.393744
v -0.058277 -0.099437 0.393917
v -0.058262 -0.102755 0.393680
v -0.058222 -0.103280 0.393682
v -0.058104 -0.103795 0.393683
v -0.057910 -0.104285 0.393685
v -0.057644 -0.104741 0.393688
v -0.049728 -0.104395 0.327177
v -0.049350 -0.105543 0.327256
v -0.052475 -0.105458 0.344918
v -0.056025 -0.105124 0.373359
v -0.056843 -0.104964 0.382580
v -0.057279 -0.104009 0.382519
v -0.052843 -0.104476 0.344849
v -0.048563 -0.104608 0.322215
v -0.048424 -0.105208 0.322293
v -0.047877 -0.106265 0.322510
v -0.048685 -0.105840 0.324862
v -0.049582 -0.104999 0.327208
v -0.049139 -0.104727 0.324707
v -0.048954 -0.105318 0.324776
v -0.049219 -0.104112 0.324662
v -0.048189 -0.105775 0.322394
v -0.048187 -0.104152 0.320634
v -0.047714 -0.105980 0.320867
v -0.047974 -0.105417 0.320751
v -0.048142 -0.104769 0.320676
v -0.046497 -0.105513 0.315246
v -0.046205 -0.106123 0.315349
v -0.045807 -0.106662 0.315490
v -0.046666 -0.104889 0.315187
v -0.046723 -0.104243 0.315168
v -0.045786 -0.106660 0.315440
v -0.046635 -0.104886 0.315113
v -0.040243 -0.110228 0.317455
v -0.040261 -0.110231 0.317501
v -0.042303 -0.109234 0.316759
v -0.034876 -0.110705 0.306153
v -0.031989 -0.112462 0.313223
v -0.034776 -0.112039 0.316953
v -0.035779 -0.111786 0.317452
v -0.032311 -0.111919 0.309114
v -0.031904 -0.112186 0.310409
v -0.031788 -0.112367 0.311773
v -0.032188 -0.112466 0.313809
v -0.033142 -0.112366 0.315486
v -0.034229 -0.112159 0.316549
v -0.036666 -0.111527 0.317678
v -0.038039 -0.111083 0.317821
v -0.042062 -0.105914 0.303409
v -0.038857 -0.105635 0.296569
v -0.035581 -0.105635 0.291089
v -0.019167 -0.105635 0.272147
v 0.012325 -0.105635 0.254333
v 0.027611 -0.105635 0.250830
v 0.035441 -0.105635 0.250089
v 0.052946 -0.105635 0.250909
v 0.058867 -0.105635 0.251973
v 0.064494 -0.106711 0.254238
v 0.064291 -0.107265 0.254800
v 0.064044 -0.107830 0.255484
v 0.063519 -0.108798 0.256929
v 0.063264 -0.109198 0.257632
v 0.062132 -0.111230 0.262359
v 0.062609 -0.111827 0.264373
v 0.064971 -0.112418 0.267203
v 0.070262 -0.112070 0.267951
v 0.071802 -0.111675 0.267239
v 0.073847 -0.110705 0.265124
v 0.075287 -0.108946 0.261500
v 0.075810 -0.108026 0.260067
v 0.076388 -0.106637 0.258491
v 0.076550 -0.106080 0.258049
v 0.098879 -0.105635 0.271897
v 0.115585 -0.105635 0.291096
v 0.125667 -0.105635 0.312325
v 0.129903 -0.105635 0.335288
v 0.129973 -0.105712 0.338839
v 0.129960 -0.105743 0.339562
v 0.015026 -0.119349 0.334582
v 0.000700 -0.118334 0.331475
v -0.007833 -0.117458 0.329623
v -0.008665 -0.117360 0.329442
v -0.018953 -0.115927 0.327210
v -0.040684 -0.110554 0.322492
v -0.044782 -0.108555 0.321584
v -0.047371 -0.106475 0.321011
v -0.045419 -0.107062 0.315630
v -0.044898 -0.107527 0.315818
v -0.044316 -0.107979 0.316029
v -0.043641 -0.108443 0.316274
v -0.042907 -0.108894 0.316540
v -0.039115 -0.110705 0.317798
v -0.037640 -0.111230 0.317868
v -0.036290 -0.111644 0.317625
v -0.033635 -0.111261 0.307114
v -0.037099 -0.109692 0.305223
v -0.039709 -0.108185 0.304272
v -0.040828 -0.107313 0.303862
v -0.041624 -0.106504 0.303570
v -0.035504 -0.106094 0.291477
v -0.033047 -0.108509 0.293055
v -0.029125 -0.110705 0.295576
v -0.024871 -0.112375 0.298310
v -0.020420 -0.113735 0.301170
v -0.011141 -0.115853 0.307134
v -0.001509 -0.117413 0.313324
v 0.008386 -0.118555 0.319683
v 0.018502 -0.119349 0.326184
v 0.015480 -0.119349 0.332800
v 0.003943 -0.118555 0.329413
v -0.007343 -0.117413 0.326099
v -0.018329 -0.115853 0.322873
v -0.028913 -0.113735 0.319765
v -0.033988 -0.112375 0.318275
v -0.018775 -0.106094 0.272171
v -0.016862 -0.108509 0.274377
v -0.013809 -0.110705 0.277901
v -0.010497 -0.112375 0.281723
v -0.007033 -0.113735 0.285721
v 0.000190 -0.115853 0.294057
v 0.007688 -0.117413 0.302710
v 0.015391 -0.118555 0.311600
v 0.023265 -0.119349 0.320687
v 0.002716 -0.106094 0.258359
v 0.003929 -0.108509 0.261015
v 0.005866 -0.110705 0.265256
v 0.007967 -0.112375 0.269857
v 0.010164 -0.113735 0.274668
v 0.014746 -0.115853 0.284702
v 0.019503 -0.117413 0.295117
v 0.024389 -0.118555 0.305817
v 0.029384 -0.119349 0.316755
v 0.027227 -0.106094 0.251162
v 0.027643 -0.108509 0.254053
v 0.028306 -0.110705 0.258667
v 0.029026 -0.112375 0.263673
v 0.029779 -0.113735 0.268909
v 0.031349 -0.115853 0.279828
v 0.032978 -0.117413 0.291160
v 0.034652 -0.118555 0.302803
v 0.036363 -0.119349 0.314705
v 0.052773 -0.106094 0.251162
v 0.052357 -0.108509 0.254053
v 0.051694 -0.110705 0.258667
v 0.050974 -0.112375 0.263673
v 0.050221 -0.113735 0.268909
v 0.048651 -0.115853 0.279828
v 0.047022 -0.117413 0.291160
v 0.045348 -0.118555 0.302803
v 0.043637 -0.119349 0.314705
v 0.074134 -0.110705 0.265256
v 0.072033 -0.112375 0.269857
v 0.069836 -0.113735 0.274668
v 0.065254 -0.115853 0.284702
v 0.060497 -0.117413 0.295117
v 0.055611 -0.118555 0.305817
v 0.050616 -0.119349 0.316755
v 0.098775 -0.106094 0.272171
v 0.096862 -0.108509 0.274377
v 0.093809 -0.110705 0.277901
v 0.090497 -0.112375 0.281723
v 0.087033 -0.113735 0.285721
v 0.079810 -0.115853 0.294057
v 0.072312 -0.117413 0.302710
v 0.064609 -0.118555 0.311600
v 0.056735 -0.119349 0.320687
v 0.076071 -0.108509 0.261015
v 0.077284 -0.106094 0.258359
v 0.115504 -0.106094 0.291477
v 0.113047 -0.108509 0.293055
v 0.109125 -0.110705 0.295576
v 0.104871 -0.112375 0.298310
v 0.100420 -0.113735 0.301170
v 0.091141 -0.115853 0.307134
v 0.081509 -0.117413 0.313324
v 0.071614 -0.118555 0.319683
v 0.061498 -0.119349 0.326184
v 0.126116 -0.106094 0.314714
v 0.123314 -0.108509 0.315537
v 0.118841 -0.110705 0.316850
v 0.113988 -0.112375 0.318275
v 0.108913 -0.113735 0.319765
v 0.098329 -0.115853 0.322873
v 0.087343 -0.117413 0.326099
v 0.076057 -0.118555 0.329413
v 0.064520 -0.119349 0.332800
v 0.129751 -0.106094 0.340000
v 0.126831 -0.108509 0.340000
v 0.122169 -0.110705 0.340000
v 0.117112 -0.112375 0.340000
v 0.111822 -0.113735 0.340000
v 0.100791 -0.115853 0.340000
v 0.089342 -0.117413 0.340000
v 0.077579 -0.118555 0.340000
v 0.065555 -0.119349 0.340000
v -0.041951 -0.106080 0.303450
v -0.041136 -0.107026 0.303749
v -0.040204 -0.107825 0.304091
v -0.039220 -0.108510 0.304450
v -0.038488 -0.108954 0.304717
v -0.035945 -0.110231 0.305645
v -0.040945 -0.107223 0.303926
v -0.038525 -0.108937 0.304807
v -0.042659 -0.103943 0.303319
v -0.042309 -0.105459 0.303318
v -0.042377 -0.105349 0.303372
v -0.039220 -0.104520 0.296369
v -0.042489 -0.104969 0.303253
v -0.042597 -0.104462 0.303213
v 0.002304 -0.105635 0.258246
v -0.008904 -0.105635 0.264415
v -0.026800 -0.105635 0.279647
v -0.039058 -0.105161 0.296458
v -0.027152 -0.103877 0.279330
v -0.009161 -0.103877 0.264017
v 0.064897 -0.104787 0.253117
v 0.058953 -0.104520 0.251568
v 0.035420 -0.104520 0.249676
v 0.012198 -0.104520 0.253939
v -0.009129 -0.104520 0.264067
v -0.027108 -0.104520 0.279370
v 0.064778 -0.105635 0.253451
v 0.064847 -0.105223 0.253258
v 0.064927 -0.104336 0.253032
v 0.062545 -0.110228 0.259757
v 0.063785 -0.108337 0.256198
v 0.064657 -0.106163 0.253788
v 0.064678 -0.106080 0.253728
v 0.064149 -0.107803 0.255512
v 0.064594 -0.106702 0.254287
v 0.073685 -0.110820 0.265383
v 0.072501 -0.111425 0.266720
v 0.066200 -0.112469 0.267826
v 0.063046 -0.112039 0.265223
v 0.062202 -0.110705 0.260885
v 0.068230 -0.112367 0.268212
v 0.062322 -0.111526 0.263331
v 0.062179 -0.111082 0.261960
v 0.076038 -0.107547 0.259445
v 0.074790 -0.109674 0.262864
v 0.074355 -0.110231 0.264055
v 0.076286 -0.106627 0.258464
v 0.076131 -0.107068 0.258890
v 0.076806 -0.104336 0.257356
v 0.076775 -0.104787 0.257441
v 0.076723 -0.105223 0.257580
v 0.076652 -0.105635 0.257773
v 0.081223 -0.103877 0.259434
v 0.100670 -0.103877 0.272848
v 0.115983 -0.103877 0.290839
v 0.126118 -0.103877 0.312180
v 0.130337 -0.104396 0.335265
v 0.130157 -0.105095 0.335275
v 0.126370 -0.105635 0.314606
v 0.115966 -0.105635 0.291690
v 0.100353 -0.105635 0.273200
v 0.081007 -0.105635 0.259855
v 0.081195 -0.104520 0.259487
v 0.100630 -0.104520 0.272892
v 0.115933 -0.104520 0.290871
v 0.126061 -0.104520 0.312198
v 0.129837 -0.105887 0.342363
v 0.129949 -0.105763 0.340000
v 0.130433 -0.104483 0.338846
v 0.130351 -0.104680 0.342402
v 0.023894 -0.105258 0.949636
v 0.010149 -0.105258 0.945565
v -0.027002 -0.105258 0.915956
v -0.029193 -0.105258 0.912585
v -0.033768 -0.105925 0.903234
v -0.033335 -0.106561 0.903077
v -0.031810 -0.108061 0.902522
v -0.029365 -0.109657 0.901632
v -0.027050 -0.110913 0.900109
v -0.025417 -0.112064 0.895994
v -0.025507 -0.112161 0.894959
v -0.028289 -0.112157 0.885883
v -0.023525 -0.113652 0.883781
v -0.014780 -0.115615 0.881884
v 0.082570 -0.117523 0.860765
v 0.121167 -0.105445 0.870000
v 0.120299 -0.105258 0.882383
v 0.114693 -0.105258 0.901971
v 0.099736 -0.105258 0.925071
v 0.087208 -0.105258 0.936126
v 0.073396 -0.106460 0.943280
v 0.073368 -0.106561 0.943203
v 0.073058 -0.107474 0.942362
v 0.072789 -0.108104 0.941625
v 0.069858 -0.111152 0.936509
v 0.068016 -0.111763 0.935528
v 0.065272 -0.112203 0.935250
v 0.062183 -0.112157 0.936512
v 0.059765 -0.110901 0.940824
v 0.059768 -0.110299 0.942264
v 0.061276 -0.107242 0.946921
v 0.061409 -0.106845 0.947291
v 0.061502 -0.106527 0.947551
v 0.061630 -0.106010 0.947907
v 0.057902 -0.106561 0.948433
v 0.057542 -0.108061 0.946855
v 0.056671 -0.110299 0.943041
v 0.055698 -0.112013 0.938775
v 0.054663 -0.113416 0.934241
v 0.052473 -0.115615 0.924649
v 0.045330 -0.119293 0.893354
v 0.051977 -0.119293 0.890745
v 0.068027 -0.115615 0.918545
v 0.072947 -0.113416 0.927065
v 0.075272 -0.112013 0.931093
v 0.077460 -0.110299 0.934882
v 0.079416 -0.108061 0.938270
v 0.080225 -0.106561 0.939671
v 0.033988 -0.106561 0.950225
v 0.034109 -0.108061 0.948611
v 0.034401 -0.110299 0.944710
v 0.034728 -0.112013 0.940347
v 0.035076 -0.113416 0.935709
v 0.035811 -0.115615 0.925898
v 0.038210 -0.119293 0.893888
v 0.010608 -0.106561 0.944888
v 0.011200 -0.108061 0.943382
v 0.012629 -0.110299 0.939741
v 0.014227 -0.112013 0.935668
v 0.015926 -0.113416 0.931338
v 0.019521 -0.115615 0.922180
v 0.031248 -0.119293 0.892299
v -0.010159 -0.106561 0.932898
v -0.009150 -0.108061 0.931633
v -0.006711 -0.110299 0.928574
v -0.003983 -0.112013 0.925154
v -0.001084 -0.113416 0.921518
v 0.005051 -0.115615 0.913825
v 0.025065 -0.119293 0.888728
v -0.026471 -0.106561 0.915319
v -0.025133 -0.108061 0.914407
v -0.021901 -0.110299 0.912204
v -0.018286 -0.112013 0.909739
v -0.014444 -0.113416 0.907119
v -0.006314 -0.115615 0.901577
v 0.020208 -0.119293 0.883494
v -0.022966 -0.113416 0.889422
v -0.013564 -0.115615 0.886522
v 0.017110 -0.119293 0.877061
v 0.057560 -0.119293 0.886293
v 0.081091 -0.115615 0.908127
v 0.088303 -0.113416 0.914819
v 0.091712 -0.112013 0.917982
v 0.094920 -0.110299 0.920958
v 0.097787 -0.108061 0.923619
v 0.098974 -0.106561 0.924720
v 0.061582 -0.119293 0.880394
v 0.090503 -0.115615 0.894321
v 0.099368 -0.113416 0.898590
v 0.103558 -0.112013 0.900608
v 0.107500 -0.110299 0.902506
v 0.111025 -0.108061 0.904204
v 0.112483 -0.106561 0.904906
v 0.063687 -0.119293 0.873570
v 0.095428 -0.115615 0.878355
v 0.105157 -0.113416 0.879821
v 0.109756 -0.112013 0.880514
v 0.114083 -0.110299 0.881166
v 0.117951 -0.108061 0.881749
v 0.119551 -0.106561 0.881990
v 0.061061 -0.107789 0.946329
v 0.060671 -0.108611 0.945254
v 0.060429 -0.109051 0.944585
v 0.060110 -0.109571 0.943707
v 0.061844 -0.105509 0.948106
v 0.060956 -0.108208 0.945761
v 0.061856 -0.105254 0.948235
v 0.023844 -0.103953 0.949883
v 0.013118 -0.103953 0.946939
v 0.002891 -0.103953 0.942562
v -0.006643 -0.103953 0.936833
v -0.022945 -0.103953 0.921770
v -0.029408 -0.103953 0.912717
v -0.034265 -0.104617 0.903415
v -0.015138 -0.105258 0.929674
v -0.010883 -0.105258 0.933342
v 0.003006 -0.105258 0.942337
v 0.034308 -0.105258 0.951048
v 0.045977 -0.105258 0.951028
v 0.058048 -0.105258 0.949218
v 0.061827 -0.104617 0.948457
v 0.045991 -0.104596 0.951220
v 0.023856 -0.104596 0.949824
v 0.002919 -0.104596 0.942509
v -0.015269 -0.104596 0.929815
v -0.029357 -0.104596 0.912686
v -0.034087 -0.105258 0.903351
v -0.034325 -0.103953 0.903437
v -0.034523 -0.099501 0.902994
v -0.037588 -0.099500 0.894687
v -0.038720 -0.099500 0.890404
v -0.025681 -0.111749 0.897754
v -0.026221 -0.111388 0.898997
v -0.028183 -0.110299 0.901047
v -0.026819 -0.112194 0.890862
v -0.034290 -0.110140 0.882411
v -0.032033 -0.111077 0.882635
v -0.030795 -0.111502 0.883160
v -0.029716 -0.111825 0.883938
v 0.016589 -0.119294 0.875078
v -0.002982 -0.117470 0.879324
v -0.033385 -0.110544 0.882397
v -0.039066 -0.106894 0.883530
v -0.041096 -0.105320 0.878814
v -0.046190 -0.104815 0.846987
v -0.046921 -0.104728 0.840801
v -0.048773 -0.104371 0.822066
v -0.048413 -0.105093 0.820315
v -0.048275 -0.105260 0.820314
v -0.047660 -0.105897 0.820311
v -0.046880 -0.106553 0.820308
v -0.043404 -0.108621 0.820261
v -0.042565 -0.109011 0.820107
v -0.039557 -0.110209 0.818365
v -0.038888 -0.110439 0.817541
v -0.050026 -0.104378 0.799709
v -0.050191 -0.104162 0.799710
v -0.031143 -0.112801 0.844282
v -0.011186 -0.116584 0.840571
v -0.039935 -0.109745 0.845902
v -0.042722 -0.108888 0.825770
v -0.034342 -0.111896 0.824357
v -0.046230 -0.106819 0.826356
v -0.047648 -0.105511 0.826592
v -0.043700 -0.107604 0.846590
v -0.045252 -0.106226 0.846873
v -0.036604 -0.110333 0.865965
v -0.027540 -0.113423 0.864149
v -0.040541 -0.108144 0.866749
v -0.042183 -0.106718 0.867075
v -0.049189 -0.105228 0.799807
v -0.049560 -0.104872 0.799807
v -0.050925 -0.101990 0.799775
v -0.050667 -0.103333 0.799715
v -0.050870 -0.102633 0.799755
v -0.051907 -0.101449 0.784156
v -0.050443 -0.103780 0.799712
v -0.050825 -0.102858 0.799717
v -0.051784 -0.102395 0.784058
v -0.049336 -0.102678 0.820286
v -0.049168 -0.103734 0.820245
v -0.048367 -0.104471 0.826625
v -0.044477 -0.104954 0.859589
v -0.043261 -0.105021 0.867303
v -0.041601 -0.104225 0.877654
v -0.047241 -0.103281 0.840767
v -0.049231 -0.103530 0.820323
v -0.041080 -0.104014 0.880183
v -0.041354 -0.103949 0.878945
v -0.041276 -0.105156 0.878221
v -0.041323 -0.104478 0.878899
v -0.041614 -0.103916 0.877659
v -0.040240 -0.104184 0.883822
v -0.040231 -0.099807 0.883859
v -0.036187 -0.099500 0.898889
v -0.036913 -0.096500 0.896822
v -0.039874 -0.105765 0.883731
v -0.037401 -0.108339 0.883115
v -0.035194 -0.109689 0.882564
v -0.040986 -0.104871 0.880107
v -0.040929 -0.105087 0.880080
v -0.040688 -0.105685 0.879986
v -0.039598 -0.106232 0.883662
v -0.040075 -0.105260 0.883781
v -0.040199 -0.104730 0.883812
v -0.048922 -0.104330 0.820319
v -0.044138 -0.108254 0.820303
v -0.045989 -0.107183 0.820307
v -0.047860 -0.105705 0.820312
v -0.041350 -0.109530 0.819660
v -0.039094 -0.110369 0.817811
v 0.025454 -0.120000 0.872462
v 0.040363 -0.120000 0.874961
v 0.026256 -0.120000 0.874759
v 0.025554 -0.120000 0.873122
v 0.054422 -0.120000 0.869090
v 0.053685 -0.120000 0.870713
v 0.053107 -0.120000 0.871395
v 0.051627 -0.120000 0.872387
v 0.050775 -0.120000 0.872663
v 0.052413 -0.120000 0.871960
v 0.054129 -0.120000 0.869936
v 0.054554 -0.120000 0.868206
v 0.031239 -0.120000 0.876815
v 0.035113 -0.120000 0.876038
v 0.025829 -0.120000 0.873973
v 0.026821 -0.120000 0.875454
v 0.027503 -0.120000 0.876032
v 0.028280 -0.120000 0.876476
v 0.029125 -0.120000 0.876769
v 0.030010 -0.120000 0.876902
v 0.061906 -0.103953 0.948494
v 0.072996 -0.099255 0.944516
v 0.062620 -0.099279 0.948287
v 0.071562 -0.099255 0.945135
v 0.073612 -0.099564 0.944246
v 0.073571 -0.105256 0.943977
v 0.080291 -0.105258 0.940554
v 0.103298 -0.105258 0.920937
v 0.113306 -0.105258 0.905035
v 0.120549 -0.105258 0.880634
v 0.121185 -0.105258 0.873203
v 0.121361 -0.104679 0.873210
v 0.121377 -0.104596 0.873211
v 0.121435 -0.104070 0.873213
v 0.118594 -0.103953 0.891569
v 0.114925 -0.103953 0.902070
v 0.103494 -0.103953 0.921096
v 0.095945 -0.103953 0.929265
v 0.087354 -0.103953 0.936331
v 0.073733 -0.103953 0.944191
v 0.073710 -0.104617 0.944132
v 0.087320 -0.104596 0.936283
v 0.103448 -0.104596 0.921058
v 0.114870 -0.104596 0.902047
v 0.120740 -0.104596 0.880659
v 0.120849 -0.105843 0.865811
v 0.072341 -0.108968 0.940398
v 0.073555 -0.105787 0.943712
v 0.073164 -0.106906 0.942936
v 0.060751 -0.111802 0.938062
v 0.062981 -0.112235 0.935989
v 0.066605 -0.112045 0.935232
v 0.070910 -0.110591 0.937524
v 0.071250 -0.110345 0.937979
v 0.071619 -0.110011 0.938593
v 0.071972 -0.109571 0.939389
v 0.060162 -0.111436 0.939286
v 0.061618 -0.112057 0.937013
v 0.062635 -0.112184 0.936256
v 0.067361 -0.111905 0.935361
v -0.056038 0.099237 0.710277
v -0.056057 0.099435 0.709951
v -0.056214 0.099716 0.707192
v -0.058519 0.099298 0.656909
v -0.059418 0.099211 0.626442
v -0.060199 0.100821 0.458649
v -0.060150 0.101092 0.449572
v -0.059895 0.101630 0.431977
v -0.058990 0.099571 0.406160
v -0.058262 0.102755 0.393681
v -0.057412 0.103049 0.382472
v -0.057043 0.103148 0.378285
v -0.052924 0.103722 0.344848
v -0.049768 0.103867 0.327167
v -0.056502 0.096476 0.372716
v -0.057066 0.096475 0.378579
v -0.059798 0.096550 0.427759
v -0.059890 0.096548 0.431624
v -0.060183 0.096544 0.455364
v -0.057581 -0.096500 0.384525
v -0.059779 -0.096500 0.427166
v -0.060162 -0.096500 0.481218
v -0.056377 -0.096487 0.371495
v -0.049768 -0.103867 0.327167
v -0.052924 -0.103723 0.344847
v -0.057118 -0.103129 0.379113
v -0.057412 -0.103049 0.382472
v -0.058314 -0.099200 0.394480
v -0.058990 -0.099571 0.406160
v -0.059340 -0.102178 0.413900
v -0.059903 -0.101619 0.432344
v -0.060150 -0.101092 0.449572
v -0.060056 -0.099297 0.536182
v -0.057129 -0.096499 0.379248
v -0.056986 -0.096500 0.377692
v -0.058989 -0.102403 0.406230
v -0.058970 -0.099250 0.405764
v -0.048599 -0.104060 0.322169
v -0.049230 -0.103925 0.324685
v -0.042729 -0.099436 0.303421
v -0.042650 -0.100000 0.303249
v -0.039272 -0.103877 0.296341
v -0.042889 -0.099213 0.303798
v -0.047249 -0.063255 0.317131
v -0.045558 -0.081203 0.311182
v 0.065064 -0.099564 0.253040
v 0.058966 -0.103877 0.251510
v 0.035417 -0.103877 0.249616
v 0.012180 -0.103877 0.253882
v -0.039221 -0.096500 0.296248
v -0.007267 -0.096500 0.262824
v 0.014018 -0.096500 0.253310
v 0.037028 -0.096500 0.249549
v 0.082098 -0.096500 0.259887
v 0.130429 -0.103935 0.342433
v 0.130484 -0.103893 0.338939
v 0.130376 -0.103877 0.335263
v 0.116178 -0.096500 0.291141
v 0.101168 -0.096500 0.273301
v 0.060234 -0.096500 0.251791
v -0.025415 -0.096500 0.277461
v 0.053797 0.071500 0.950102
v 0.121499 0.096500 0.870466
v 0.082972 0.096500 0.939251
v 0.045487 0.096500 0.951315
v -0.010265 0.096500 0.934153
v 0.118594 0.103953 0.891569
v 0.114925 0.103953 0.902070
v 0.073612 0.099564 0.944246
v 0.045996 0.103953 0.951279
v 0.034872 0.103953 0.951339
v 0.023844 0.103953 0.949883
v -0.006643 0.103953 0.936833
v -0.024275 0.096500 0.920110
v 0.006722 0.096500 0.944396
v 0.025680 0.096500 0.950232
v 0.064969 0.096500 0.947581
v 0.098429 0.096500 0.926819
v 0.110424 0.096500 0.911020
v 0.118248 0.096500 0.892792
v -0.036900 0.096500 0.896861
v -0.044706 0.103686 0.859648
v -0.047241 0.103282 0.840768
v -0.049150 0.102748 0.822388
v -0.051906 0.101448 0.784160
v -0.049743 0.096500 0.815563
v -0.046363 0.096500 0.847857
v -0.045378 0.096500 0.855084
v -0.050463 0.096487 0.806358
v -0.041630 0.096493 0.877576
v -0.050443 0.103780 0.799712
v -0.050667 0.103334 0.799715
v -0.051784 0.102395 0.784058
v -0.050825 0.102860 0.799717
v -0.050870 0.102633 0.799755
v -0.050033 0.104370 0.799709
v -0.049560 0.104872 0.799806
v -0.049189 0.105228 0.799806
v -0.042569 0.109009 0.820107
v -0.043414 0.108616 0.820262
v -0.044138 0.108254 0.820303
v -0.046891 0.106545 0.820308
v -0.047841 0.105723 0.820312
v -0.048282 0.105251 0.820314
v -0.048773 0.104371 0.822066
v -0.046190 0.104814 0.846990
v -0.041096 0.105319 0.878815
v -0.040688 0.105685 0.879986
v -0.039598 0.106232 0.883662
v -0.039075 0.106884 0.883532
v -0.035194 0.109689 0.882564
v -0.033397 0.110539 0.882396
v -0.030800 0.111500 0.883157
v -0.014780 0.115615 0.881884
v -0.002992 0.117469 0.879326
v -0.050191 0.104162 0.799710
v -0.031153 0.112798 0.844290
v -0.011194 0.116583 0.840579
v -0.039945 0.109740 0.845911
v -0.042732 0.108884 0.825781
v -0.034351 0.111893 0.824369
v -0.046238 0.106812 0.826367
v -0.047655 0.105503 0.826603
v -0.043709 0.107597 0.846599
v -0.045260 0.106217 0.846881
v -0.036615 0.110328 0.865970
v -0.027551 0.113420 0.864154
v -0.040551 0.108136 0.866755
v -0.042191 0.106708 0.867080
v -0.057449 0.101331 0.669330
v -0.055649 0.101623 0.707224
v -0.059447 0.100081 0.619306
v -0.059547 0.099611 0.619181
v -0.059293 0.099219 0.631524
v -0.058037 0.099366 0.669578
v -0.059399 0.100239 0.619306
v -0.059243 0.100249 0.626435
v -0.058367 0.100328 0.656790
v -0.057898 0.100382 0.669355
v -0.056080 0.100666 0.707259
v -0.056059 0.100024 0.709717
v -0.055761 0.101187 0.709714
v -0.059585 0.099270 0.618807
v -0.059796 0.099205 0.607516
v -0.059790 0.099255 0.607505
v -0.059644 0.100177 0.606704
v -0.060167 0.099136 0.563121
v -0.060055 0.099126 0.587099
v -0.059795 0.099355 0.607062
v -0.059772 0.099610 0.606832
v -0.059715 0.099922 0.606717
v -0.059888 0.100179 0.587127
v -0.060002 0.100225 0.563185
v -0.059088 0.103873 0.428131
v -0.058661 0.104257 0.413997
v -0.058959 0.102915 0.406287
v -0.059340 0.102178 0.413900
v -0.060008 0.101957 0.458868
v -0.059956 0.102243 0.449283
v -0.059180 0.103232 0.413945
v -0.058848 0.103416 0.406288
v -0.058635 0.103955 0.406290
v -0.058933 0.103046 0.406245
v -0.058468 0.104245 0.406245
v -0.058970 0.099250 0.405765
v -0.058992 0.102403 0.406245
v -0.058314 0.099200 0.394480
v -0.049350 0.105543 0.327256
v -0.058222 0.103282 0.393682
v -0.058103 0.103797 0.393683
v -0.057909 0.104286 0.393685
v -0.052843 0.104478 0.344849
v -0.057278 0.104012 0.382519
v 0.000700 0.118334 0.331475
v -0.008665 0.117360 0.329442
v -0.018953 0.115927 0.327210
v -0.030128 0.113748 0.324791
v -0.030524 0.113654 0.324705
v -0.035358 0.112374 0.323657
v -0.040341 0.110690 0.322568
v -0.048685 0.105840 0.324862
v -0.052475 0.105458 0.344918
v -0.052632 0.105451 0.345941
v -0.056012 0.105126 0.373221
v -0.056843 0.104965 0.382580
v -0.057644 0.104741 0.393688
v -0.057279 0.105211 0.393690
v -0.056470 0.106005 0.393693
v -0.055988 0.106393 0.393694
v -0.050199 0.109320 0.406238
v -0.052581 0.108358 0.406302
v -0.056857 0.105929 0.406298
v -0.057802 0.105088 0.406295
v -0.057935 0.104945 0.406295
v -0.059408 0.103253 0.449318
v -0.039754 0.112634 0.375913
v -0.017786 0.116419 0.379748
v -0.049336 0.109614 0.374275
v -0.045414 0.110324 0.347255
v -0.035462 0.113382 0.349186
v -0.049737 0.108173 0.346428
v -0.051570 0.106766 0.346080
v -0.053433 0.107520 0.373590
v -0.055149 0.106169 0.373308
v -0.057451 0.105422 0.428121
v -0.058769 0.104254 0.427959
v -0.058333 0.104448 0.406245
v -0.057445 0.105434 0.406296
v -0.056290 0.106346 0.406299
v -0.056121 0.106462 0.406299
v -0.055350 0.106949 0.406300
v -0.054541 0.107406 0.406301
v -0.053819 0.107779 0.406301
v -0.051110 0.108971 0.406303
v -0.046363 0.110722 0.395835
v -0.048139 0.110157 0.394441
v -0.049491 0.109679 0.393911
v -0.051114 0.109036 0.393748
v -0.045189 0.111050 0.397834
v -0.051116 0.109040 0.393700
v -0.051464 0.108893 0.393700
v -0.052174 0.108579 0.393699
v -0.053111 0.108132 0.393699
v -0.053964 0.107686 0.393698
v -0.054727 0.107246 0.393697
v -0.055366 0.106837 0.393696
v -0.056977 0.105536 0.393691
v -0.053109 0.108114 0.393799
v -0.047877 0.106265 0.322510
v -0.048189 0.105775 0.322394
v -0.048599 0.104060 0.322169
v -0.049728 0.104395 0.327177
v -0.049582 0.104999 0.327208
v -0.049139 0.104728 0.324707
v -0.049219 0.104112 0.324662
v -0.048954 0.105318 0.324776
v -0.049230 0.103925 0.324685
v -0.047249 0.063255 0.317131
v -0.045546 0.081213 0.311179
v 0.128415 0.096500 0.320685
v 0.117715 0.096500 0.293625
v 0.098981 0.096500 0.271360
v 0.074149 0.096500 0.256191
v 0.045788 0.096500 0.249685
v -0.009737 0.096500 0.264393
v -0.021245 0.096499 0.273372
v -0.031160 0.096502 0.284084
v -0.039222 0.096500 0.296249
v -0.027152 0.103877 0.279330
v -0.009161 0.103877 0.264017
v 0.012180 0.103877 0.253882
v 0.035417 0.103877 0.249616
v 0.058966 0.103877 0.251510
v 0.065064 0.099564 0.253040
v 0.065562 0.099213 0.253185
v 0.076480 0.099330 0.257178
v 0.115983 0.103877 0.290839
v 0.130376 0.103877 0.335263
v 0.003065 0.096500 0.257380
v 0.016828 0.096500 0.252517
v 0.031193 0.096500 0.249930
v 0.060232 0.096500 0.251791
v 0.087179 0.096500 0.262771
v 0.109249 0.096500 0.281735
v 0.124160 0.096500 0.306722
v 0.060110 0.109571 0.943707
v 0.059765 0.110900 0.940825
v 0.060024 0.111340 0.939595
v 0.062183 0.112157 0.936512
v 0.066605 0.112045 0.935232
v 0.068016 0.111763 0.935528
v 0.070908 0.110593 0.937522
v 0.071621 0.110009 0.938597
v 0.072586 0.108518 0.941069
v 0.073263 0.106904 0.942919
v 0.090484 0.105258 0.933660
v 0.103298 0.105258 0.920937
v 0.107349 0.105258 0.915446
v 0.117639 0.105258 0.893947
v 0.120549 0.105258 0.880634
v 0.082566 0.117523 0.860766
v 0.016589 0.119294 0.875078
v -0.023537 0.113649 0.883783
v -0.028289 0.112157 0.885884
v -0.025507 0.112161 0.894959
v -0.025417 0.112064 0.895994
v -0.026221 0.111388 0.898997
v -0.027050 0.110913 0.900109
v -0.029365 0.109657 0.901632
v -0.031810 0.108061 0.902522
v -0.033335 0.106561 0.903077
v -0.029193 0.105258 0.912585
v -0.015138 0.105258 0.929674
v 0.022176 0.105258 0.949269
v 0.034888 0.105258 0.951087
v 0.061507 0.106510 0.947565
v 0.061276 0.107241 0.946923
v 0.061064 0.107782 0.946337
v 0.060942 0.108061 0.945998
v 0.060863 0.108229 0.945783
v 0.060679 0.108597 0.945275
v 0.064074 0.113416 0.931338
v 0.060479 0.115615 0.922180
v 0.048752 0.119293 0.892299
v 0.041790 0.119293 0.893888
v 0.044189 0.115615 0.925898
v 0.044924 0.113416 0.935709
v 0.045272 0.112013 0.940347
v 0.045599 0.110299 0.944710
v 0.045891 0.108061 0.948611
v 0.046012 0.106561 0.950225
v 0.090159 0.106561 0.932898
v 0.089150 0.108061 0.931633
v 0.086711 0.110299 0.928574
v 0.083983 0.112013 0.925154
v 0.081084 0.113416 0.921518
v 0.074949 0.115615 0.913825
v 0.054935 0.119293 0.888728
v 0.106471 0.106561 0.915319
v 0.105133 0.108061 0.914407
v 0.101901 0.110299 0.912204
v 0.098286 0.112013 0.909739
v 0.094444 0.113416 0.907119
v 0.086314 0.115615 0.901577
v 0.059792 0.119293 0.883494
v 0.116875 0.106561 0.893713
v 0.115329 0.108061 0.893236
v 0.111591 0.110299 0.892083
v 0.107410 0.112013 0.890793
v 0.102966 0.113416 0.889422
v 0.093564 0.115615 0.886522
v 0.062890 0.119293 0.877061
v 0.120450 0.106561 0.870000
v 0.118831 0.108061 0.870000
v 0.114919 0.110299 0.870000
v 0.110544 0.112013 0.870000
v 0.105893 0.113416 0.870000
v 0.096054 0.115615 0.870000
v 0.063955 0.119293 0.870000
v 0.034670 0.119293 0.893354
v 0.027527 0.115615 0.924649
v 0.025337 0.113416 0.934241
v 0.024302 0.112013 0.938775
v 0.023329 0.110299 0.943041
v 0.022458 0.108061 0.946855
v 0.022098 0.106561 0.948433
v 0.028023 0.119293 0.890745
v 0.011973 0.115615 0.918545
v 0.007053 0.113416 0.927065
v 0.004728 0.112013 0.931093
v 0.002540 0.110299 0.934882
v 0.000584 0.108061 0.938270
v -0.000225 0.106561 0.939671
v 0.022440 0.119293 0.886293
v -0.001091 0.115615 0.908127
v -0.008303 0.113416 0.914819
v -0.011712 0.112013 0.917982
v -0.014920 0.110299 0.920958
v -0.017787 0.108061 0.923619
v -0.018974 0.106561 0.924720
v 0.018418 0.119293 0.880394
v -0.010503 0.115615 0.894321
v -0.019368 0.113416 0.898590
v -0.023558 0.112013 0.900608
v -0.027500 0.110299 0.902506
v -0.031025 0.108061 0.904204
v -0.032483 0.106561 0.904906
v 0.060456 0.109004 0.944660
v 0.061409 0.106845 0.947292
v 0.061630 0.106010 0.947907
v 0.061867 0.105252 0.948228
v 0.060966 0.108205 0.945755
v 0.061176 0.107737 0.946332
v 0.071307 0.110299 0.938065
v 0.069859 0.111152 0.936510
v 0.068771 0.111553 0.935835
v 0.064943 0.112227 0.935298
v 0.062869 0.112227 0.936053
v 0.060751 0.111802 0.938062
v 0.059768 0.110299 0.942264
v 0.070777 0.110635 0.937457
v 0.067362 0.111905 0.935361
v 0.061617 0.112057 0.937013
v 0.060162 0.111436 0.939286
v 0.073555 0.105787 0.943711
v 0.073368 0.106561 0.943203
v 0.073059 0.107473 0.942363
v 0.072791 0.108099 0.941632
v 0.072348 0.108956 0.940417
v 0.071972 0.109571 0.939389
v 0.073151 0.106904 0.942937
v 0.073710 0.104617 0.944132
v 0.073571 0.105256 0.943977
v 0.087354 0.103953 0.936331
v 0.095945 0.103953 0.929265
v 0.103494 0.103953 0.921096
v 0.109860 0.103953 0.911974
v 0.120799 0.103953 0.880667
v 0.121435 0.104070 0.873213
v 0.121377 0.104596 0.873211
v 0.121361 0.104679 0.873210
v 0.114693 0.105258 0.901971
v 0.087208 0.105258 0.936126
v 0.087320 0.104596 0.936283
v 0.103448 0.104596 0.921058
v 0.114870 0.104596 0.902047
v 0.120740 0.104596 0.880659
v 0.121182 0.105410 0.870388
v 0.121185 0.105257 0.873203
v 0.073733 0.103953 0.944191
v 0.072996 0.099255 0.944516
v 0.062620 0.099279 0.948287
v 0.071562 0.099255 0.945135
v 0.061827 0.104617 0.948457
v 0.061906 0.103953 0.948494
v 0.046320 0.105258 0.951002
v 0.023894 0.105258 0.949636
v 0.003006 0.105258 0.942337
v -0.000961 0.105258 0.940167
v -0.019583 0.105258 0.925236
v -0.033034 0.105258 0.905599
v -0.029408 0.103953 0.912717
v -0.022945 0.103953 0.921770
v -0.015309 0.103953 0.929859
v 0.002891 0.103953 0.942562
v 0.013118 0.103953 0.946939
v 0.045991 0.104596 0.951220
v 0.023856 0.104596 0.949824
v 0.002919 0.104596 0.942509
v -0.015269 0.104596 0.929815
v -0.029357 0.104596 0.912686
v -0.034325 0.103953 0.903437
v -0.034265 0.104617 0.903415
v -0.034087 0.105258 0.903351
v -0.033768 0.105925 0.903234
v -0.034367 0.099699 0.903345
v -0.038720 0.099500 0.890404
v -0.036187 0.099500 0.898889
v -0.034523 0.099501 0.902994
v -0.037588 0.099500 0.894687
v -0.040240 0.104184 0.883822
v -0.041072 0.096523 0.880218
v -0.041614 0.103916 0.877659
v -0.041601 0.104225 0.877655
v -0.041354 0.103949 0.878945
v -0.040986 0.104871 0.880107
v -0.040929 0.105087 0.880080
v -0.041276 0.105156 0.878221
v -0.041323 0.104478 0.878899
v -0.041080 0.104014 0.880183
v -0.039874 0.105765 0.883731
v -0.037412 0.108331 0.883117
v -0.040075 0.105260 0.883781
v -0.040199 0.104730 0.883812
v -0.040231 0.099807 0.883859
v -0.028836 0.112049 0.884933
v -0.032042 0.111074 0.882632
v -0.034296 0.110137 0.882412
v -0.025778 0.112194 0.893941
v -0.027921 0.112194 0.886935
v -0.028183 0.110299 0.901047
v -0.025681 0.111749 0.897754
v -0.049335 0.102678 0.820325
v -0.043261 0.105020 0.867307
v -0.044477 0.104954 0.859589
v -0.046921 0.104728 0.840801
v -0.048362 0.104472 0.826683
v -0.048922 0.104330 0.820319
v -0.049231 0.103530 0.820324
v -0.049168 0.103734 0.820245
v -0.049392 0.099212 0.819671
v -0.050794 0.099197 0.801743
v -0.050924 0.099560 0.799853
v -0.050925 0.101990 0.799776
v -0.041341 0.109533 0.819656
v -0.039088 0.110372 0.817818
v -0.039548 0.110211 0.818322
v -0.040055 0.110028 0.818790
v -0.040616 0.109817 0.819201
v -0.041229 0.109575 0.819553
v -0.048408 0.105099 0.820315
v -0.047638 0.105917 0.820311
v -0.046313 0.106965 0.820307
v -0.045954 0.107206 0.820306
v 0.031242 0.120000 0.876818
v 0.030318 0.120000 0.876914
v 0.028481 0.120000 0.876563
v 0.025842 0.120000 0.874006
v 0.025451 0.120000 0.872424
v 0.025554 0.120000 0.873122
v 0.026296 0.120000 0.874817
v 0.026908 0.120000 0.875541
v 0.027643 0.120000 0.876131
v 0.029392 0.120000 0.876828
v 0.037135 0.120000 0.875628
v 0.051556 0.120000 0.872417
v 0.052349 0.120000 0.872002
v 0.053641 0.120000 0.870775
v 0.054097 0.120000 0.870005
v 0.054549 0.120000 0.868281
v 0.050775 0.120000 0.872663
v 0.054403 0.120000 0.869164
v 0.053052 0.120000 0.871448
v 0.040666 0.120000 0.874897
v 0.054587 0.120000 0.342193
v 0.054516 0.120000 0.341250
v 0.053238 0.120000 0.338705
v 0.052504 0.120000 0.338077
v 0.046840 0.120000 0.336442
v 0.035287 0.120000 0.333985
v 0.031240 0.120000 0.333168
v 0.030423 0.120000 0.333074
v 0.027841 0.120000 0.333726
v 0.025718 0.120000 0.336239
v 0.025421 0.120000 0.338240
v 0.051680 0.120000 0.337611
v 0.053831 0.120000 0.339460
v 0.054261 0.120000 0.340319
v 0.050780 0.120000 0.337318
v 0.025448 0.120000 0.337342
v 0.025530 0.120000 0.336870
v 0.025989 0.120000 0.335638
v 0.026484 0.120000 0.334890
v 0.027109 0.120000 0.334245
v 0.028656 0.120000 0.333350
v 0.029527 0.120000 0.333130
v -0.034874 0.110705 0.306152
v -0.032760 0.111676 0.308200
v -0.034776 0.112039 0.316953
v -0.038194 0.111043 0.317884
v -0.039302 0.110632 0.317768
v -0.042916 0.108889 0.316537
v -0.044898 0.107527 0.315818
v -0.045418 0.107063 0.315630
v -0.046902 0.106969 0.321114
v -0.044949 0.108452 0.321547
v -0.044782 0.108555 0.321584
v -0.040684 0.110554 0.322492
v -0.007833 0.117458 0.329623
v 0.015026 0.119349 0.334582
v 0.129973 0.105712 0.338839
v 0.129903 0.105635 0.335288
v 0.125667 0.105635 0.312325
v 0.081007 0.105635 0.259855
v 0.076551 0.106079 0.258049
v 0.076393 0.106622 0.258478
v 0.076247 0.107037 0.258874
v 0.076020 0.107587 0.259494
v 0.075798 0.108050 0.260100
v 0.075595 0.108430 0.260657
v 0.074797 0.109664 0.262843
v 0.071802 0.111675 0.267239
v 0.070262 0.112070 0.267951
v 0.066776 0.112462 0.268011
v 0.064503 0.112370 0.266866
v 0.063046 0.112039 0.265223
v 0.062374 0.111643 0.263708
v 0.062199 0.110705 0.260886
v 0.063266 0.109196 0.257628
v 0.063786 0.108334 0.256194
v 0.064042 0.107832 0.255488
v 0.064291 0.107266 0.254800
v 0.064494 0.106712 0.254239
v 0.064657 0.106163 0.253787
v 0.058867 0.105635 0.251973
v 0.027611 0.105635 0.250830
v 0.002304 0.105635 0.258246
v -0.008904 0.105635 0.264415
v -0.042062 0.105914 0.303409
v -0.041676 0.106442 0.303550
v -0.041092 0.107069 0.303765
v -0.039690 0.108198 0.304279
v -0.037136 0.109674 0.305210
v -0.033988 0.112375 0.318275
v -0.028913 0.113735 0.319765
v -0.018329 0.115853 0.322873
v -0.007343 0.117413 0.326099
v 0.003943 0.118555 0.329413
v 0.015480 0.119349 0.332800
v 0.018502 0.119349 0.326184
v 0.008386 0.118555 0.319683
v -0.001509 0.117413 0.313324
v -0.011141 0.115853 0.307134
v -0.020420 0.113735 0.301170
v -0.024871 0.112375 0.298310
v -0.029125 0.110705 0.295576
v -0.033047 0.108509 0.293055
v -0.035504 0.106094 0.291477
v 0.023265 0.119349 0.320687
v 0.015391 0.118555 0.311600
v 0.007688 0.117413 0.302710
v 0.000190 0.115853 0.294057
v -0.007033 0.113735 0.285721
v -0.010497 0.112375 0.281723
v -0.013809 0.110705 0.277901
v -0.016862 0.108509 0.274377
v -0.018775 0.106094 0.272171
v 0.029384 0.119349 0.316755
v 0.024389 0.118555 0.305817
v 0.019503 0.117413 0.295117
v 0.014746 0.115853 0.284702
v 0.010164 0.113735 0.274668
v 0.007967 0.112375 0.269857
v 0.005866 0.110705 0.265256
v 0.003929 0.108509 0.261015
v 0.002716 0.106094 0.258359
v 0.036363 0.119349 0.314705
v 0.034652 0.118555 0.302803
v 0.032978 0.117413 0.291160
v 0.031349 0.115853 0.279828
v 0.029779 0.113735 0.268909
v 0.029026 0.112375 0.263673
v 0.028306 0.110705 0.258667
v 0.027643 0.108509 0.254053
v 0.027227 0.106094 0.251162
v 0.043637 0.119349 0.314705
v 0.045348 0.118555 0.302803
v 0.047022 0.117413 0.291160
v 0.048651 0.115853 0.279828
v 0.050221 0.113735 0.268909
v 0.050974 0.112375 0.263673
v 0.051694 0.110705 0.258667
v 0.052357 0.108509 0.254053
v 0.052773 0.106094 0.251162
v 0.050616 0.119349 0.316755
v 0.055611 0.118555 0.305817
v 0.060497 0.117413 0.295117
v 0.065254 0.115853 0.284702
v 0.069836 0.113735 0.274668
v 0.072033 0.112375 0.269857
v 0.074134 0.110705 0.265256
v 0.076071 0.108509 0.261015
v 0.077284 0.106094 0.258359
v 0.056735 0.119349 0.320687
v 0.064609 0.118555 0.311600
v 0.072312 0.117413 0.302710
v 0.079810 0.115853 0.294057
v 0.087033 0.113735 0.285721
v 0.090497 0.112375 0.281723
v 0.093809 0.110705 0.277901
v 0.096862 0.108509 0.274377
v 0.098775 0.106094 0.272171
v 0.061498 0.119349 0.326184
v 0.071614 0.118555 0.319683
v 0.081509 0.117413 0.313324
v 0.091141 0.115853 0.307134
v 0.100420 0.113735 0.301170
v 0.104871 0.112375 0.298310
v 0.109125 0.110705 0.295576
v 0.113047 0.108509 0.293055
v 0.115504 0.106094 0.291477
v 0.064520 0.119349 0.332800
v 0.076057 0.118555 0.329413
v 0.087343 0.117413 0.326099
v 0.098329 0.115853 0.322873
v 0.108913 0.113735 0.319765
v 0.113988 0.112375 0.318275
v 0.118841 0.110705 0.316850
v 0.123314 0.108509 0.315537
v 0.126116 0.106094 0.314714
v 0.065555 0.119349 0.340000
v 0.077579 0.118555 0.340000
v 0.089342 0.117413 0.340000
v 0.100791 0.115853 0.340000
v 0.111822 0.113735 0.340000
v 0.117112 0.112375 0.340000
v 0.122169 0.110705 0.340000
v 0.126831 0.108509 0.340000
v 0.129751 0.106094 0.340000
v -0.038487 0.108954 0.304717
v -0.039220 0.108510 0.304450
v -0.040172 0.107850 0.304103
v -0.041298 0.106864 0.303689
v -0.041951 0.106079 0.303449
v -0.040261 0.110231 0.317501
v -0.039114 0.110705 0.317801
v -0.035623 0.111828 0.317389
v -0.033577 0.111288 0.307173
v -0.035945 0.110231 0.305645
v -0.036667 0.111526 0.317675
v -0.032826 0.112412 0.315048
v -0.032190 0.112465 0.313808
v -0.031847 0.112423 0.312461
v -0.031790 0.112366 0.311773
v -0.032074 0.112063 0.309750
v -0.045807 0.106662 0.315490
v -0.044316 0.107979 0.316029
v -0.043643 0.108442 0.316273
v -0.042300 0.109235 0.316760
v -0.040242 0.110228 0.317454
v -0.046205 0.106123 0.315349
v -0.045786 0.106660 0.315439
v -0.046635 0.104886 0.315113
v -0.048187 0.104152 0.320634
v -0.047974 0.105417 0.320751
v -0.047371 0.106475 0.321011
v -0.046497 0.105513 0.315246
v -0.046666 0.104889 0.315187
v -0.047714 0.105980 0.320867
v -0.048142 0.104770 0.320676
v -0.048563 0.104608 0.322215
v -0.048424 0.105208 0.322293
v -0.046466 0.099255 0.314230
v -0.042729 0.099436 0.303421
v -0.042889 0.099213 0.303798
v -0.043815 0.099255 0.306100
v -0.042659 0.103943 0.303319
v -0.042650 0.100000 0.303250
v -0.042377 0.105349 0.303372
v -0.038857 0.105635 0.296569
v -0.039272 0.103877 0.296341
v -0.042597 0.104462 0.303213
v -0.042489 0.104970 0.303253
v -0.042309 0.105459 0.303319
v -0.039220 0.104520 0.296369
v -0.039058 0.105162 0.296459
v -0.035581 0.105635 0.291089
v -0.026800 0.105635 0.279647
v -0.019167 0.105635 0.272147
v 0.012325 0.105635 0.254333
v 0.035441 0.105635 0.250089
v 0.052946 0.105635 0.250909
v 0.064847 0.105223 0.253258
v 0.064897 0.104787 0.253117
v 0.064927 0.104336 0.253032
v 0.058953 0.104520 0.251568
v 0.035420 0.104520 0.249676
v 0.012198 0.104520 0.253939
v -0.009129 0.104520 0.264067
v -0.027108 0.104520 0.279370
v 0.064994 0.103877 0.253027
v 0.064778 0.105635 0.253451
v 0.074355 0.110231 0.264055
v 0.075295 0.108934 0.261478
v 0.076723 0.105223 0.257580
v 0.076775 0.104787 0.257441
v 0.076806 0.104336 0.257356
v 0.076744 0.103877 0.257306
v 0.076768 0.100000 0.257311
v 0.076652 0.105635 0.257773
v 0.098879 0.105635 0.271897
v 0.100353 0.105635 0.273200
v 0.115585 0.105635 0.291096
v 0.115966 0.105635 0.291690
v 0.126370 0.105635 0.314606
v 0.130157 0.105095 0.335275
v 0.130337 0.104396 0.335265
v 0.126118 0.103877 0.312180
v 0.100670 0.103877 0.272848
v 0.081223 0.103877 0.259434
v 0.081195 0.104520 0.259487
v 0.100630 0.104520 0.272892
v 0.115933 0.104520 0.290871
v 0.126061 0.104520 0.312198
v 0.130430 0.103934 0.342432
v 0.130484 0.103892 0.338941
v 0.129960 0.105743 0.339565
v 0.129837 0.105887 0.342363
v 0.130351 0.104679 0.342402
v 0.130433 0.104483 0.338846
v 0.062544 0.110229 0.259757
v 0.072826 0.111288 0.266424
v 0.073680 0.110824 0.265395
v 0.073848 0.110705 0.265126
v 0.062181 0.111081 0.261960
v 0.063453 0.112158 0.265768
v 0.068230 0.112366 0.268209
v 0.064678 0.106080 0.253728
v 0.063520 0.108796 0.256927
v 0.064589 0.106703 0.254284
v -0.046723 0.104243 0.315168
v -0.058500 0.103500 0.613000
v 0.064994 -0.103877 0.253027
v 0.065562 -0.099213 0.253185
v 0.076480 -0.099329 0.257178
v 0.076768 -0.100000 0.257311
v 0.076759 -0.103877 0.257308
v -0.043815 -0.099255 0.306100
v -0.046466 -0.099255 0.314230
v 0.025419 -0.120000 0.337685
v 0.025530 -0.120000 0.336870
v 0.026438 -0.120000 0.334949
v 0.027052 -0.120000 0.334294
v 0.027776 -0.120000 0.333764
v 0.029452 -0.120000 0.333142
v 0.034783 -0.120000 0.333883
v 0.046840 -0.120000 0.336442
v 0.051464 -0.120000 0.337528
v 0.053480 -0.120000 0.338980
v 0.053983 -0.120000 0.339724
v 0.054342 -0.120000 0.340547
v 0.054543 -0.120000 0.341421
v 0.054580 -0.120000 0.342318
v 0.050781 -0.120000 0.337322
v 0.052848 -0.120000 0.338343
v 0.052110 -0.120000 0.337832
v 0.042039 -0.120000 0.335389
v 0.031240 -0.120000 0.333168
v 0.030347 -0.120000 0.333073
v 0.028586 -0.120000 0.333375
v 0.025954 -0.120000 0.335705
vt 0.215686 0.976471
vt 0.215686 1.000000
vt 0.349020 0.976471
vt 0.349020 1.000000
vt 0.482353 0.976471
vt 0.474510 1.000000
vt 0.486275 1.000000
vt 0.349020 0.247059
vt 0.349020 0.341176
vt 0.482353 0.341176
vt 0.482353 0.247059
vt 0.611765 0.341176
vt 0.611765 0.247059
vt 0.745098 0.247059
vt 0.745098 0.341176
vt 0.811765 0.341176
vt 0.811765 0.247059
vt 0.945098 0.247059
vt 0.945098 0.341176
vt 0.992157 0.341176
vt 0.992157 0.247059
vt 0.611765 0.886275
vt 0.745098 0.886275
vt 0.611765 0.796079
vt 0.745098 0.796079
vt 0.611765 0.611765
vt 0.745098 0.611765
vt 0.611765 0.521569
vt 0.745098 0.521569
vt 0.611765 0.431373
vt 0.745098 0.431373
vt 0.482353 0.431373
vt 0.482353 0.521569
vt 0.482353 0.611765
vt 0.611765 0.705882
vt 0.482353 0.705882
vt 0.482353 0.796079
vt 0.611765 0.976471
vt 0.349020 0.886275
vt 0.482353 0.886275
vt 0.349020 0.705882
vt 0.349020 0.611765
vt 0.349020 0.521569
vt 0.349020 0.431373
vt 0.215686 0.886275
vt 0.215686 0.796079
vt 0.349020 0.796079
vt 0.215686 0.705882
vt 0.215686 0.611765
vt 0.215686 0.521569
vt 0.878431 0.521569
vt 0.811765 0.521569
vt 0.878431 0.611765
vt 0.811765 0.611765
vt 0.878431 0.796079
vt 0.811765 0.796079
vt 0.878431 0.886275
vt 0.811765 0.886275
vt 0.858824 0.933333
vt 0.909804 0.933333
vt 0.945098 0.886275
vt 0.945098 0.796079
vt 0.878431 0.705882
vt 0.945098 0.705882
vt 0.945098 0.611765
vt 0.945098 0.521569
vt 0.745098 0.705882
vt 0.811765 0.705882
vt 0.945098 0.160784
vt 0.878431 0.160784
vt 0.878431 0.070588
vt 0.811765 0.070588
vt 0.611765 0.160784
vt 0.745098 0.160784
vt 0.215686 0.160784
vt 0.349020 0.160784
vt 0.215686 0.070588
vt 0.349020 0.070588
vt 0.482353 0.160784
vt 0.992157 0.070588
vt 1.000000 0.086275
vt 1.000000 0.074510
vt 0.745098 0.070588
vt 0.811765 0.160784
vt 0.878431 0.247059
vt 0.992157 0.521569
vt 0.984314 0.478431
vt 0.972549 0.478431
vt 0.925490 0.478431
vt 0.937255 0.478431
vt 0.992157 0.611765
vt 1.000000 0.666667
vt 1.000000 0.611765
vt 1.000000 0.584314
vt 1.000000 0.521569
vt 1.000000 0.501961
vt 1.000000 0.905882
vt 1.000000 0.886275
vt 0.992157 0.886275
vt 0.486275 0.992157
vt 0.486275 0.007843
vt 0.741176 0.011765
vt 0.694118 0.996078
vt 0.164706 0.756863
vt 0.003922 0.756863
vt 0.000000 1.000000
vt 0.749020 0.501961
vt 0.749020 1.000000
vt 0.490196 0.501961
vt 0.490196 0.000000
vt 0.231373 0.000000
vt 0.000000 0.529412
vt 0.000000 0.635294
vt 0.647059 0.635294
vt 1.000000 0.235294
vt 0.717647 0.000000
vt 0.647059 0.235294
vt 1.000000 0.474510
vt 0.647059 0.474510
vt 1.000000 0.713726
vt 0.647059 0.713726
vt 0.000000 0.466667
vt 0.490196 0.803922
vt 0.490196 0.603922
vt 1.000000 0.737255
vt 0.117647 0.882353
vt 0.125490 1.000000
vt 0.188235 1.000000
vt 0.247059 0.882353
vt 0.247059 1.000000
vt 0.250980 1.000000
vt 0.807843 0.462745
vt 0.231373 0.501961
vt 1.000000 0.070588
vt 0.611765 1.000000
vt 0.388235 0.070588
vt 0.388235 0.164706
vt 0.254902 0.164706
vt 0.254902 0.258824
vt 0.188235 0.258824
vt 0.188235 0.352941
vt 0.121569 0.352941
vt 0.133333 0.431373
vt 0.023529 0.258824
vt 0.000000 0.282353
vt 0.000000 0.258824
vt 0.054902 0.545098
vt 0.047059 0.482353
vt 0.054902 0.482353
vt 0.058824 0.482353
vt 0.070588 0.482353
vt 0.254902 0.545098
vt 0.254902 0.450980
vt 0.388235 0.450980
vt 0.388235 0.545098
vt 0.784314 0.450980
vt 0.784314 0.545098
vt 0.784314 0.352941
vt 0.388235 0.352941
vt 0.784314 0.258824
vt 0.388235 0.258824
vt 0.784314 0.164706
vt 0.188235 0.164706
vt 0.121569 0.258824
vt 0.121569 0.164706
vt 0.054902 0.164706
vt 0.054902 0.070588
vt 0.121569 0.070588
vt 0.000000 0.164706
vt 0.000000 0.109804
vt 0.023529 0.164706
vt 0.254902 0.070588
vt 0.188235 0.070588
vt 0.188235 0.545098
vt 0.145098 0.482353
vt 0.160784 0.478431
vt 0.098039 0.482353
vt 0.121569 0.545098
vt 0.482353 1.000000
vt 0.549020 1.000000
vt 0.482353 0.917647
vt 0.000000 0.545098
vt 0.482353 0.670588
vt 1.000000 0.670588
vt 0.000000 0.423529
vt 0.482353 0.423529
vt 0.000000 0.298039
vt 0.000000 0.090196
vt 1.000000 0.086275
vt 1.000000 0.137255
vt 0.254902 0.352941
vt 0.000000 0.352941
vt 0.023529 0.352941
vt 0.784314 0.737255
vt 0.784314 0.831373
vt 0.388235 0.831373
vt 0.188235 0.925490
vt 0.160784 0.937255
vt 0.145098 0.933333
vt 0.121569 0.925490
vt 0.254902 0.925490
vt 0.196078 0.952941
vt 0.188235 0.945098
vt 0.388235 0.737255
vt 0.254902 0.831373
vt 0.023529 0.933333
vt 0.023529 0.925490
vt 0.054902 0.933333
vt 0.054902 0.639216
vt 0.121569 0.639216
vt 0.188235 0.639216
vt 0.254902 0.639216
vt 0.388235 0.639216
vt 0.254902 0.737255
vt 0.188235 0.831373
vt 0.054902 0.925490
vt 0.121569 0.831373
vt 0.054902 0.831373
vt 0.121569 0.737255
vt 0.188235 0.737255
vt 0.101961 0.929412
vt 0.054902 0.737255
vt 0.807843 0.498039
vt 0.501961 0.498039
vt 0.501961 0.000000
vt 0.000000 0.250980
vt 0.000000 0.572549
vt 1.000000 0.474510
vt 0.482353 0.474510
vt 0.000000 0.474510
vt 1.000000 0.435294
vt 0.149020 0.003922
vt 0.121569 0.972549
vt 0.196078 0.003922
vt 1.000000 0.592157
vt 1.000000 0.643137
vt 0.000000 0.635294
vt 0.031373 0.376471
vt 0.039216 0.415686
vt 0.031373 0.415686
vt 0.062745 0.125490
vt 0.098039 0.023529
vt 0.125490 0.125490
vt 0.498039 0.250980
vt 0.250980 0.250980
vt 0.250980 0.125490
vt 0.247059 0.917647
vt 0.137255 0.411765
vt 0.125490 0.411765
vt 0.125490 0.376471
vt 0.113725 0.411765
vt 0.000000 0.188235
vt 0.482353 0.090196
vt 0.000000 0.090196
vt 0.054902 0.694118
vt 0.054902 0.596078
vt 0.121569 0.596078
vt 0.000000 0.803922
vt 0.023529 0.788235
vt 0.023529 0.882353
vt 0.054902 0.882353
vt 0.054902 0.788235
vt 0.121569 0.788235
vt 0.121569 0.882353
vt 0.254902 0.882353
vt 0.254902 0.788235
vt 0.388235 0.788235
vt 0.388235 0.882353
vt 0.121569 0.694118
vt 0.188235 0.694118
vt 0.188235 0.788235
vt 0.254902 0.694118
vt 0.388235 0.694118
vt 0.784314 0.694118
vt 0.784314 0.788235
vt 0.000000 0.694118
vt 0.000000 0.627451
vt 0.023529 0.694118
vt 0.023529 0.596078
vt 0.043137 0.568627
vt 0.188235 0.596078
vt 0.254902 0.596078
vt 0.254902 0.501961
vt 0.388235 0.501961
vt 0.388235 0.596078
vt 0.254902 0.407843
vt 0.188235 0.501961
vt 0.517647 0.858824
vt 0.000000 0.858824
vt 0.000000 0.964706
vt 0.145098 0.517647
vt 0.121569 0.501961
vt 0.054902 0.501961
vt 0.035294 0.517647
vt 0.023529 0.501961
vt 0.027451 0.517647
vt 0.011765 0.517647
vt 0.019608 0.517647
vt 0.000000 0.082353
vt 0.517647 0.176471
vt 1.000000 0.176471
vt 1.000000 0.000000
vt 0.498039 0.000000
vt 0.517647 0.670588
vt 1.000000 0.792157
vt 1.000000 0.670588
vt 0.450980 1.000000
vt 0.517647 1.000000
vt 0.517647 0.917647
vt 0.000000 1.000000
vt 0.000000 0.917647
vt 1.000000 0.298039
vt 0.188235 0.407843
vt 0.121569 0.407843
vt 0.054902 0.407843
vt 0.498039 0.501961
vt 0.000000 1.000000
vt 0.192157 0.501961
vt 0.125490 0.376471
vt 0.125490 0.411765
vt 0.137255 0.411765
vt 0.031373 0.376471
vt 0.047059 0.415686
vt 0.062745 0.376471
vt 0.254902 0.027451
vt 0.388235 0.027451
vt 0.254902 0.121569
vt 0.388235 0.121569
vt 0.254902 0.313726
vt 0.388235 0.313726
vt 0.388235 0.407843
vt 0.784314 0.407843
vt 0.784314 0.313726
vt 0.784314 0.215686
vt 0.388235 0.215686
vt 0.784314 0.121569
vt 0.254902 0.215686
vt 0.188235 0.215686
vt 0.188235 0.121569
vt 0.121569 0.313726
vt 0.054902 0.313726
vt 0.121569 0.215686
vt 0.054902 0.215686
vt 0.121569 0.121569
vt 0.054902 0.121569
vt 0.101961 0.070588
vt 0.054902 0.066667
vt 0.023529 0.066667
vt 0.023529 0.121569
vt 0.000000 0.333333
vt 0.517647 0.282353
vt 0.000000 0.282353
vt 1.000000 0.188235
vt 0.517647 0.090196
vt 1.000000 0.090196
vt 0.501961 0.000000
vt 0.517647 0.474510
vt 1.000000 0.474510
vt 1.000000 0.380392
vt 0.000000 0.474510
vt 0.000000 0.105882
vt 0.011765 0.066667
vt 0.000000 0.368627
vt 0.000000 0.313726
vt 0.023529 0.313726
vt 0.188235 0.054902
vt 0.196078 0.047059
vt 0.000000 0.121569
vt 0.007843 0.290196
vt 0.031373 0.250980
vt 0.003922 0.250980
vt 1.000000 0.572549
vt 0.517647 0.666667
vt 1.000000 0.666667
vt 0.988235 0.556863
vt 0.498039 0.972549
vt 0.498039 0.556863
vt 0.498039 0.086275
vt 1.000000 0.141176
vt 0.498039 0.419608
vt 0.576471 0.007843
vt 0.498039 0.007843
vt 0.003922 0.419608
vt 0.501961 0.419608
vt 0.501961 0.556863
vt 0.345098 0.007843
vt 0.423529 0.007843
vt 0.501961 0.086275
vt 1.000000 0.380392
vt 0.984314 0.713726
vt 0.501961 0.380392
vt 0.501961 0.713726
vt 0.054902 0.388235
vt 0.952941 0.368627
vt 0.956863 0.415686
vt 0.003922 0.780392
vt 0.003922 0.752941
vt 0.992157 0.752941
vt 0.992157 0.733333
vt 0.039216 0.498039
vt 0.968628 0.498039
vt 0.039216 0.517647
vt 0.023529 0.756863
vt 0.035294 0.662745
vt 0.043137 0.662745
vt 0.054902 0.756863
vt 0.007843 0.713726
vt 0.003922 0.756863
vt 0.501961 1.000000
vt 0.254902 1.000000
vt 0.501961 0.831373
vt 0.752941 1.000000
vt 0.498039 0.556863
vt 0.000000 0.282353
vt 0.498039 0.098039
vt 0.000000 0.098039
vt 0.007843 0.662745
vt 0.019608 0.662745
vt 0.007843 0.756863
vt 0.992157 0.749020
vt 0.007843 0.749020
vt 0.992157 0.733333
vt 0.054902 0.756863
vt 0.094118 0.662745
vt 0.082353 0.662745
vt 0.501961 0.098039
vt 0.745098 0.000000
vt 1.000000 0.098039
vt 1.000000 0.286275
vt 0.501961 0.556863
vt 0.117647 0.756863
vt 0.117647 0.666667
vt 0.109804 0.666667
vt 1.000000 0.831373
vt 0.501961 0.831373
vt 1.000000 0.694118
vt 0.247059 0.882353
vt 0.247059 0.756863
vt 0.498039 0.756863
vt 0.000000 0.882353
vt 0.023529 0.882353
vt 0.996078 0.917647
vt 1.000000 0.474510
vt 1.000000 0.466667
vt 0.352941 0.474510
vt 0.352941 0.235294
vt 0.000000 0.235294
vt 0.282353 0.000000
vt 1.000000 0.713726
vt 0.352941 0.713726
vt 1.000000 0.733333
vt 0.352941 0.949020
vt 0.000000 0.949020
vt 0.000000 0.713726
vt 0.513726 0.992157
vt 0.513726 0.007843
vt 0.752941 0.003922
vt 0.537255 1.000000
vt 0.752941 0.003922
vt 0.780392 1.000000
vt 1.000000 0.949020
vt 1.000000 0.827451
vt 0.352941 0.827451
vt 1.000000 0.741176
vt 1.000000 0.243137
vt 1.000000 0.101961
vt 0.352941 0.243137
vt 0.250980 0.000000
vt 0.352941 0.050980
vt 0.501961 0.000000
vt 0.749020 0.000000
vt 0.976471 0.000000
vt 0.964706 0.019608
vt 0.976471 0.023529
vt 0.349020 0.388235
vt 0.215686 0.388235
vt 0.349020 0.478431
vt 0.482353 0.478431
vt 0.482353 0.568627
vt 0.611765 0.568627
vt 0.611765 0.658824
vt 0.745098 0.658824
vt 0.745098 0.752941
vt 0.811765 0.752941
vt 0.811765 0.843137
vt 0.878431 0.843137
vt 0.878431 0.929412
vt 0.945098 0.929412
vt 0.349020 0.929412
vt 0.482353 0.929412
vt 0.349020 0.843137
vt 0.482353 0.843137
vt 0.349020 0.568627
vt 0.945098 0.478431
vt 0.949020 0.521569
vt 0.960784 0.521569
vt 0.482353 0.023529
vt 0.482353 0.113725
vt 0.611765 0.113725
vt 0.611765 0.203922
vt 0.745098 0.203922
vt 0.745098 0.294118
vt 0.811765 0.294118
vt 0.811765 0.388235
vt 0.878431 0.388235
vt 0.878431 0.478431
vt 0.811765 0.478431
vt 0.745098 0.388235
vt 0.611765 0.294118
vt 0.482353 0.203922
vt 0.349020 0.113725
vt 0.349020 0.023529
vt 0.215686 0.023529
vt 0.215686 0.000000
vt 1.000000 0.925490
vt 1.000000 0.913726
vt 0.992157 0.929412
vt 0.878431 0.752941
vt 0.945098 0.752941
vt 0.878431 0.658824
vt 0.811765 0.658824
vt 0.811765 0.568627
vt 0.745098 0.568627
vt 0.945098 0.568627
vt 0.956863 0.564706
vt 0.945098 0.564706
vt 0.945098 0.843137
vt 0.215686 0.113725
vt 0.349020 0.203922
vt 0.482353 0.294118
vt 0.611765 0.388235
vt 0.745098 0.478431
vt 0.482353 0.388235
vt 0.945098 0.388235
vt 0.878431 0.294118
vt 0.811765 0.203922
vt 0.745098 0.113725
vt 0.611765 0.023529
vt 0.945098 0.294118
vt 0.878431 0.203922
vt 0.811765 0.113725
vt 0.611765 0.478431
vt 0.349020 0.294118
vt 0.215686 0.203922
vt 0.215686 0.294118
vt 0.945098 0.113725
vt 0.909804 0.066667
vt 0.878431 0.113725
vt 0.945098 0.203922
vt 0.992157 0.294118
vt 1.000000 0.294118
vt 1.000000 0.250980
vt 0.482353 0.658824
vt 0.611765 0.752941
vt 0.745098 0.843137
vt 0.482353 0.752941
vt 0.611765 0.843137
vt 0.611765 0.929412
vt 0.745098 0.929412
vt 0.945098 0.658824
vt 0.349020 0.752941
vt 0.215686 0.752941
vt 0.215686 0.658824
vt 0.250980 1.000000
vt 0.247059 1.000000
vt 0.188235 1.000000
vt 0.117647 0.882353
vt 0.125490 1.000000
vt 0.368627 1.000000
vt 0.509804 0.501961
vt 0.250980 1.000000
vt 0.250980 0.501961
vt 1.000000 0.192157
vt 0.000000 0.188235
vt 0.000000 0.125490
vt 0.509804 0.803922
vt 0.000000 0.760784
vt 0.509804 0.603922
vt 0.984314 0.521569
vt 0.992157 0.478431
vt 0.972549 0.521569
vt 0.215686 0.843137
vt 0.349020 0.658824
vt 0.215686 0.568627
vt 0.215686 0.478431
vt 0.000000 0.886275
vt 0.745098 0.023529
vt 0.000000 0.882353
vt 0.023529 0.882353
vt 0.023529 0.756863
vt 0.247059 0.756863
vt 0.498039 0.756863
vt 0.000000 0.000000
vt 0.882353 1.000000
vt 0.000000 0.000000
vt 0.000000 0.000000
vt 0.000000 0.000000
vt 0.000000 0.000000
vt 0.000000 0.000000
vt 0.000000 0.000000
vt 0.000000 0.000000
vt 0.000000 0.000000
vt 0.000000 0.000000
vt 1.000000 0.305882
vt 0.000000 0.000000
vt 0.980392 0.521569
vt 0.992157 0.462745
vt 1.000000 0.396078
vt 1.000000 0.333333
vt 0.000000 0.000000
vt 0.000000 0.000000
vt 0.000000 0.000000
vt 0.000000 0.000000
vt 0.949020 0.400000
vt 0.000000 0.000000
vt 0.000000 0.000000
vt 0.000000 0.000000
vt 0.000000 0.000000
vt 0.000000 0.000000
vt 1.000000 0.000000
vt 0.000000 0.000000
vt 1.000000 0.282353
vt 1.000000 0.403922
vt 1.000000 0.521569
vt 1.000000 0.643137
vt 0.000000 0.000000
vt 0.000000 0.000000
vt 0.000000 0.000000
vt 0.000000 0.000000
vt 0.000000 0.000000
vt 0.003922 0.725490
vt 0.000000 0.000000
vt 0.000000 0.000000
vt 0.054902 0.913726
vt 0.082353 0.949020
vt 0.000000 0.000000
vt 0.000000 0.000000
vt 1.000000 0.882353
vt 0.000000 0.000000
vt 0.000000 0.000000
vt 0.000000 0.000000
vt 0.000000 0.000000
vt 0.647059 0.827451
vt 0.000000 0.000000
vt 0.000000 0.000000
vt 1.000000 0.800000
vt 0.000000 0.000000
vt 0.000000 0.000000
vt 0.000000 0.000000
vt 0.000000 0.000000
vt 0.215686 0.247059
vt 0.172549 1.000000
vt 0.200000 0.992157
vt 0.215686 0.431373
vt 0.000000 0.000000
vt 0.000000 0.000000
vt 0.000000 0.000000
vt 0.000000 0.176471
vt 0.215686 0.929412
vt 0.215686 0.341176
vt 0.929412 0.639216
vt 0.000000 0.000000
vt 1.000000 0.188235
vt 0.000000 0.000000
vt 0.000000 0.592157
vt 0.188235 0.313726
vt 0.611765 0.070588
vt 0.482353 0.070588
vt 0.000000 0.000000
vt 0.000000 0.000000
vt 0.713726 1.000000
vt 0.254902 0.988235
vt 0.396078 0.000000
vt 0.501961 0.000000
vt 0.501961 0.992157
vt 0.000000 0.000000
vt 0.745098 0.976471
vt 0.000000 0.000000
vt 0.000000 0.000000
vt 0.000000 0.000000
vt 0.000000 0.000000
vt 0.000000 0.000000
vt 0.000000 0.000000
vt 0.811765 0.431373
vt 0.000000 0.000000
vt 0.000000 0.000000
vt 0.000000 0.000000
vt 0.000000 0.666667
vt 0.000000 0.000000
vt 0.584314 1.000000
vt 0.000000 0.000000
vt 0.725490 0.000000
vt 0.498039 0.000000
vt 0.000000 0.000000
vt 0.250980 1.000000
vt 0.501961 1.000000
vt 0.000000 0.000000
vt 1.000000 0.501961
vt 0.000000 0.000000
vt 0.223529 0.666667
vt 0.223529 0.733333
vt 0.000000 0.000000
vt 0.811765 0.976471
vt 0.000000 0.000000
vt 0.000000 0.000000
vt 0.223529 0.498039
vt 0.200000 0.529412
vt 0.000000 0.000000
vt 0.000000 0.000000
vt 0.835294 0.474510
vt 0.000000 0.000000
vt 0.000000 0.000000
vt 0.000000 0.000000
vt 0.823529 0.443137
vt 0.839216 0.435294
vt 0.000000 0.000000
vt 0.000000 0.000000
vt 0.878431 0.568627
vt 0.811765 0.929412
vt 0.000000 0.000000
vt 0.000000 0.650980
vt 0.000000 0.709804
vt 0.000000 0.760784
vt 0.023529 0.407843
vt 0.000000 0.000000
vt 0.094118 0.654902
vt 0.000000 0.000000
vt 0.000000 0.000000
vt 0.000000 0.000000
vt 0.000000 0.000000
vt 0.784314 0.027451
vt 0.388235 0.000000
vt 0.498039 0.250980
vt 0.945098 0.070588
vt 0.000000 0.000000
vt 0.000000 0.000000
vt 0.000000 0.000000
vt 0.164706 0.290196
vt 0.141176 0.235294
vt 0.000000 0.000000
vt 0.219608 0.466667
vt 0.000000 0.000000
vt 0.000000 0.000000
vt 0.219608 0.537255
vt 0.000000 0.000000
vt 0.000000 0.000000
vt 0.000000 0.000000
vt 0.000000 0.000000
vt 0.000000 0.000000
vt 0.223529 0.325490
vt 0.000000 0.000000
vt 0.000000 0.000000
vt 0.000000 0.000000
vt 0.000000 0.000000
vt 0.858824 0.478431
vt 0.223529 0.117647
vt 0.223529 0.188235
vt 0.007843 0.074510
vt 0.784314 0.639216
vt 0.000000 0.000000
vt 0.027451 0.415686
vt 0.031373 0.415686
vt 0.000000 0.000000
vt 0.000000 0.000000
vt 0.000000 0.000000
vt 0.050980 0.062745
vt 0.000000 0.000000
vt 0.000000 0.000000
vt 0.878431 0.431373
vt 0.000000 0.000000
vt 0.878431 0.341176
vt 0.000000 0.000000
vt 0.000000 0.000000
vt 0.003922 0.498039
vt 0.164706 0.623529
vt 0.988235 0.533333
vt 0.000000 0.000000
vt 0.960784 0.098039
vt 0.219608 0.400000
vt 0.019608 0.282353
vt 0.000000 0.000000
vt 0.054902 0.568627
vt 0.784314 0.882353
vt 0.000000 0.000000
vt 0.000000 0.686275
vt 0.000000 0.000000
vt 0.000000 0.819608
vt 0.000000 0.000000
vt 0.000000 0.000000
vt 0.000000 0.000000
vt 0.000000 0.000000
vt 0.000000 0.000000
vt 0.956863 0.980392
vt 0.945098 0.980392
vt 0.000000 0.000000
vt 0.058824 1.000000
vt 0.000000 0.000000
vt 1.000000 0.494118
vt 0.266667 0.000000
vt 0.000000 0.000000
vt 0.250980 0.125490
vt 0.000000 0.000000
vt 0.000000 0.000000
vt 0.000000 0.000000
vt 0.000000 0.000000
vt 0.000000 0.000000
vt 0.000000 0.000000
vt 0.000000 0.000000
vt 0.000000 0.000000
vt 0.062745 0.250980
vt 0.250980 0.250980
vt 0.000000 0.000000
vt 0.015686 0.384314
vt 0.227451 0.384314
vt 0.015686 0.509804
vt 0.952941 0.933333
vt 1.000000 0.250980
vt 1.000000 0.498039
vt 0.992157 0.796079
vt 0.000000 0.000000
vt 0.992157 0.705882
vt 0.019608 0.070588
vt 0.000000 0.000000
vt 0.023529 0.662745
vt 0.019608 0.094118
vt 0.000000 0.000000
vt 0.000000 0.000000
vt 0.000000 0.000000
vt 0.223529 0.117647
vt 0.223529 0.188235
vt 0.000000 0.000000
vt 0.000000 0.000000
vt 0.000000 0.000000
vt 0.000000 0.000000
vt 0.066667 0.431373
vt 0.015686 1.000000
vt 0.125490 1.000000
vt 0.000000 0.000000
vt 0.000000 0.000000
vt 0.000000 0.000000
vt 0.000000 0.000000
vt 0.882353 0.000000
vt 0.941177 0.000000
vt 0.054902 0.882353
vt 0.000000 0.000000
vt 0.000000 0.000000
vt 0.219608 0.678431
vt 0.219608 0.607843
vt 0.000000 0.000000
vt 0.000000 0.000000
vt 0.000000 0.000000
vt 0.000000 0.250980
vt 0.960784 0.478431
vt 0.000000 0.000000
vt 0.000000 0.000000
vt 0.031373 0.023529
vt 0.000000 0.000000
vt 0.000000 0.000000
vt 0.878431 0.435294
vt 0.000000 0.000000
vt 0.000000 0.000000
vt 0.933333 0.435294
vt 0.945098 0.431373
vt 0.956863 0.435294
vt 0.000000 0.000000
vt 0.000000 0.000000
vt 0.388235 0.113725
vt 0.454902 0.047059
vt 0.000000 0.000000
vt 1.000000 0.168627
vt 0.992157 0.160784
vt 0.101961 0.929412
vt 0.101961 0.929412
vt 0.000000 0.000000
vt 0.000000 0.000000
vt 0.000000 0.000000
vt 0.000000 0.000000
vt 0.000000 0.000000
vt 0.000000 0.000000
vt 0.000000 0.000000
vt 0.000000 0.000000
vt 0.760784 0.992157
vt 0.000000 0.000000
vt 0.196078 0.003922
vt 0.125490 0.250980
vt 0.000000 0.000000
vt 0.125490 0.125490
vt 0.250980 0.376471
vt 0.200000 0.423529
vt 0.000000 0.000000
vt 0.000000 0.000000
vt 0.031373 0.250980
vt 0.000000 0.000000
vt 0.000000 0.000000
vt 0.149020 0.666667
vt 0.000000 0.000000
vt 0.000000 0.000000
vt 0.000000 0.000000
vt 0.423529 0.000000
vt 1.000000 1.000000
vt 0.972549 0.933333
vt 0.984314 0.498039
vt 0.968628 0.443137
vt 0.000000 0.000000
vt 0.000000 0.000000
vt 0.000000 0.000000
vt 0.003922 0.266667
vt 0.117647 0.756863
vt 0.000000 0.000000
vt 0.000000 0.000000
vt 0.000000 0.000000
vt 0.227451 0.776471
vt 0.003922 0.831373
vt 0.968628 0.980392
vt 0.000000 0.000000
vt 0.000000 0.678431
vt 1.000000 0.439216
vt 0.352941 0.439216
vt 0.000000 0.000000
vt 0.011765 0.654902
vt 0.000000 0.000000
vt 0.000000 0.000000
vt 0.941177 1.000000
vt 0.933333 0.980392
vt 0.000000 0.000000
vt 0.000000 0.000000
vt 0.000000 0.000000
vt 0.000000 0.000000
vt 0.000000 0.000000
vt 0.000000 0.000000
vt 0.054902 0.882353
vt 0.992157 0.415686
vt 0.000000 0.000000
vt 0.945098 0.000000
vt 0.000000 0.000000
vt 0.000000 0.000000
vt 0.000000 0.000000
vt 0.000000 0.000000
vt 0.000000 0.000000
vt 0.000000 0.000000
vt 0.188235 0.882353
vt 0.000000 0.000000
vt 1.000000 0.796079
vt 0.000000 0.827451
vt 0.000000 0.000000
vt 0.000000 0.000000
vt 0.000000 0.000000
vt 0.984314 0.435294
vt 0.992157 0.431373
vt 0.000000 0.000000
vt 0.003922 1.000000
vt 0.003922 0.749020
vt 0.996078 0.749020
vt 0.000000 0.000000
vt 1.000000 0.250980
vt 0.000000 0.000000
vt 0.000000 0.000000
vt 0.000000 0.000000
vt 0.000000 0.000000
vt 0.000000 0.000000
vt 0.000000 0.000000
vt 0.000000 0.000000
vt 0.000000 0.000000
vt 0.000000 0.000000
vt 0.674510 0.000000
vt 1.000000 0.211765
vt 0.992157 0.843137
vt 0.000000 0.000000
vt 1.000000 0.603922
vt 0.000000 0.000000
vt 0.000000 0.000000
vt 0.000000 0.000000
vt 0.003922 0.933333
vt 0.023529 0.737255
vt 0.023529 0.639216
vt 0.784314 0.596078
vt 0.000000 0.000000
vt 0.000000 0.000000
vt 0.000000 0.000000
vt 0.000000 0.000000
vt 0.839216 0.000000
vt 0.000000 0.000000
vt 0.145098 0.066667
vt 0.000000 0.000000
vt 0.933333 0.443137
vt 0.964706 0.588235
vt 0.000000 0.000000
vt 0.062745 0.250980
vt 0.031373 0.623529
vt 0.054902 0.482353
vt 0.090196 0.341176
vt 0.125490 0.019608
vt 0.000000 0.000000
vt 0.000000 0.000000
vt 0.000000 0.000000
vt 0.125490 0.000000
vt 0.027451 0.000000
vt 0.000000 0.000000
vt 0.000000 0.000000
vt 0.000000 0.000000
vt 0.498039 0.000000
vt 0.000000 0.000000
vt 0.000000 0.000000
vt 0.003922 0.737255
vt 0.000000 0.000000
vt 1.000000 0.000000
vt 1.000000 0.266667
vt 0.501961 0.266667
vt 0.000000 0.000000
vt 0.054902 0.662745
vt 0.000000 0.000000
vt 0.756863 0.176471
vt 0.756863 0.239216
vt 0.000000 0.000000
vt 0.125490 0.250980
vt 0.000000 0.000000
vt 0.000000 0.000000
vt 0.000000 0.000000
vt 0.000000 0.000000
vt 0.000000 0.000000
vt 0.000000 0.000000
vt 0.000000 0.000000
vt 0.000000 0.000000
vt 0.000000 0.000000
vt 0.000000 0.000000
vt 0.000000 0.000000
vt 0.000000 0.000000
vt 1.000000 0.827451
vt 0.000000 0.000000
vt 0.000000 0.000000
vt 0.011765 0.788235
vt 0.031373 0.603922
vt 1.000000 0.635294
vt 0.243137 0.176471
vt 0.027451 0.090196
vt 0.023529 1.000000
vt 0.976471 0.976471
vt 0.000000 0.000000
vt 0.000000 0.000000
vt 0.992157 0.388235
vt 0.000000 0.000000
vt 0.000000 0.000000
vt 0.000000 0.000000
vt 0.647059 0.439216
vt 0.000000 0.000000
vt 0.000000 0.000000
vt 0.000000 0.000000
vt 0.000000 0.290196
vt 1.000000 0.301961
vt 0.000000 0.000000
vt 0.000000 0.000000
vt 0.000000 0.000000
vt 0.000000 0.000000
vt 0.000000 0.392157
vt 1.000000 0.400000
vt 0.000000 0.000000
vt 0.176471 0.560784
vt 0.000000 0.000000
vt 0.000000 0.000000
vt 0.000000 0.000000
vt 1.000000 0.000000
vt 0.000000 0.000000
vt 0.000000 0.000000
vt 0.000000 0.000000
vt 0.925490 0.521569
vt 0.000000 0.000000
vt 0.000000 0.000000
vt 0.000000 0.000000
vt 0.231373 0.850980
vt 0.000000 0.000000
vt 0.000000 0.000000
vt 0.000000 1.000000
vt 0.011765 1.000000
vt 0.003922 0.250980
vt 0.003922 0.000000
vt 0.000000 0.000000
vt 0.003922 0.062745
vt 0.003922 0.074510
vt 0.647059 0.949020
vt 1.000000 0.341176
vt 0.000000 0.000000
vt 0.000000 0.000000
vt 0.992157 0.435294
vt 0.000000 0.000000
vt 0.000000 0.000000
vt 0.000000 0.000000
vt 0.000000 0.000000
vt 0.000000 0.000000
vt 0.960784 1.000000
vt 0.000000 0.000000
vt 0.000000 0.000000
vt 0.000000 0.498039
vt 0.000000 0.000000
vt 0.000000 0.000000
vt 0.000000 0.000000
vt 0.000000 0.000000
vt 0.000000 0.000000
vt 0.960784 0.796079
vt 0.737255 0.803922
vt 0.800000 0.603922
vt 0.000000 0.211765
vt 0.000000 0.000000
vt 0.980392 0.807843
vt 0.325490 0.000000
vt 0.000000 0.000000
vt 0.000000 0.000000
vt 0.000000 0.882353
vt 0.000000 0.000000
vt 0.000000 0.000000
vt 0.000000 0.000000
vt 0.000000 0.000000
vt 0.000000 0.000000
vt 0.196078 0.549020
vt 0.000000 0.827451
vt 0.000000 0.886275
vt 0.352941 0.635294
vt 0.000000 0.000000
vt 0.000000 0.000000
vt 0.000000 0.156863
vt 0.000000 0.000000
vt 0.000000 0.000000
vt 0.000000 0.000000
vt 1.000000 0.686275
vt 0.000000 0.000000
vt 0.031373 0.125490
vt 0.019608 0.498039
vt 0.000000 0.000000
vt 0.000000 0.000000
vt 0.000000 0.000000
vt 0.000000 0.000000
vt 0.000000 0.000000
vt 0.996078 0.290196
vt 0.000000 0.000000
vt 0.000000 0.000000
vt 0.976471 0.282353
vt 0.976471 0.403922
vt 0.996078 0.556863
vt 0.996078 0.654902
vt 0.862745 1.000000
vt 0.019608 0.784314
vt 0.498039 0.784314
vt 0.000000 0.000000
vt 0.000000 0.000000
vt 0.000000 0.000000
vt 0.000000 0.000000
vt 0.000000 0.000000
vt 0.000000 0.000000
vt 0.000000 0.000000
vt 0.000000 0.000000
vt 0.972549 0.341176
vt 0.964706 0.000000
vt 0.149020 0.690196
vt 0.000000 0.749020
vt 0.000000 0.000000
vt 0.972549 0.047059
vt 0.972549 0.145098
vt 0.000000 0.000000
vt 0.749020 1.000000
vt 0.000000 0.000000
vt 0.000000 0.000000
vt 0.000000 0.000000
vt 0.000000 0.000000
vt 0.000000 0.000000
vt 0.000000 0.000000
vt 0.000000 0.000000
vt 0.000000 0.000000
vt 0.000000 0.000000
vt 0.000000 0.062745
vt 0.000000 0.000000
vt 1.000000 0.090196
vt 0.000000 0.000000
vt 0.023529 0.000000
vt 0.129412 0.000000
vt 0.000000 0.000000
vt 0.000000 0.000000
vt 0.000000 0.000000
vt 0.000000 0.000000
vt 0.000000 0.000000
vt 0.784314 0.501961
vt 0.000000 0.000000
vt 0.000000 0.000000
vt 0.000000 0.000000
vt 1.000000 1.000000
vt 0.000000 0.000000
vt 0.000000 0.000000
vt 0.000000 0.000000
vt 0.000000 0.000000
vt 1.000000 0.392157
vt 0.000000 0.000000
vt 0.000000 0.439216
vt 0.000000 0.000000
vt 0.000000 0.000000
vt 0.000000 0.000000
vt 0.250980 0.000000
vt 0.000000 0.000000
vt 0.000000 0.000000
vt 0.000000 0.000000
vt 0.000000 0.000000
vt 0.000000 0.000000
vt 0.000000 0.000000
vt 0.992157 0.752941
vt 0.992157 0.658824
vt 0.000000 0.000000
vt 0.000000 0.000000
vt 0.000000 0.000000
vt 0.000000 0.000000
vt 1.000000 0.949020
vt 0.000000 0.000000
vt 0.000000 0.000000
vt 0.000000 0.000000
vt 0.000000 0.000000
vt 0.000000 0.000000
vt 0.498039 1.000000
vt 0.000000 0.000000
vt 0.000000 0.000000
vt 0.000000 0.000000
vt 0.000000 0.000000
vt 0.000000 0.000000
vt 0.968628 0.603922
vt 0.000000 0.000000
vt 0.000000 0.000000
vt 0.000000 0.000000
vt 0.000000 0.000000
vt 0.000000 0.000000
vt 0.396078 0.000000
vt 0.278431 0.203922
vt 0.000000 0.000000
vt 0.000000 0.000000
vt 0.000000 0.000000
vt 1.000000 0.180392
vt 0.000000 0.188235
vt 0.000000 0.000000
vt 1.000000 0.423529
vt 0.517647 0.423529
vt 0.000000 0.423529
vt 0.000000 0.000000
vt 0.000000 0.000000
vt 0.000000 0.000000
vt 0.000000 0.000000
vt 0.039216 0.043137
vt 0.000000 0.000000
vt 0.070588 0.082353
vt 0.101961 0.121569
vt 0.882353 1.000000
vt 0.000000 0.000000
vt 0.152941 0.564706
vt 0.000000 0.000000
vt 0.000000 0.000000
vt 0.341176 0.568627
vt 0.227451 0.552941
vt 0.196078 0.533333
vt 0.000000 0.000000
vt 0.000000 0.000000
vt 0.023529 0.215686
vt 0.000000 0.000000
vt 0.000000 0.000000
vt 0.011765 0.313726
vt 0.015686 0.250980
vt 0.031373 0.125490
vt 0.031373 0.023529
vt 0.000000 0.000000
vt 1.000000 1.000000
vt 0.796079 0.000000
vt 1.000000 0.819608
vt 0.000000 0.000000
vt 0.000000 0.000000
vt 0.000000 0.000000
vt 0.000000 0.000000
vt 0.000000 0.000000
vt 0.000000 0.000000
vt 0.000000 0.000000
vt 0.031373 0.545098
vt 0.023529 0.545098
vt 0.000000 0.000000
vt 0.000000 0.000000
vt 0.000000 0.000000
vt 0.000000 0.000000
vt 0.000000 0.000000
vt 0.000000 0.000000
vt 0.000000 0.000000
vt 0.000000 0.000000
vt 0.023529 0.501961
vt 0.054902 0.501961
vt 0.058824 0.603922
vt 0.043137 0.603922
vt 0.000000 0.000000
vt 0.000000 0.000000
vt 0.000000 0.000000
vt 0.015686 1.000000
vt 0.011765 0.749020
vt 0.000000 0.000000
vt 0.000000 0.000000
vt 0.000000 0.000000
vt 0.062745 0.125490
vt 0.000000 0.000000
vt 0.000000 0.000000
vt 0.000000 0.000000
vt 0.000000 0.000000
vt 0.000000 0.000000
vt 0.000000 0.000000
vt 0.352941 1.000000
vt 0.431373 0.000000
vt 0.250980 1.000000
vt 0.000000 0.000000
vt 0.839216 0.062745
vt 0.000000 0.000000
vt 0.952941 0.592157
vt 0.000000 0.000000
vt 0.000000 0.000000
vt 1.000000 0.388235
vt 0.000000 0.000000
vt 0.992157 0.113725
vt 0.976471 0.066667
vt 0.000000 0.000000
vt 0.000000 0.000000
vt 0.000000 0.000000
vt 0.996078 0.917647
vt 0.000000 0.000000
vt 0.000000 0.000000
vt 0.000000 0.000000
vt 0.988235 0.682353
vt 0.000000 0.000000
vt 0.000000 0.000000
vt 0.113725 0.431373
vt 1.000000 0.164706
vt 0.000000 0.000000
vt 0.000000 0.000000
vt 1.000000 0.105882
vt 1.000000 0.349020
vt 0.000000 0.000000
vt 0.000000 0.000000
vt 0.000000 0.000000
vt 0.000000 0.000000
vt 0.000000 0.811765
vt 0.035294 0.862745
vt 0.000000 0.937255
vt 0.000000 0.000000
vt 0.000000 0.000000
vt 0.000000 0.000000
vt 0.913726 1.000000
vt 0.000000 0.000000
vt 0.000000 0.000000
vt 0.000000 0.000000
vt 0.000000 0.917647
vt 0.000000 0.035294
vt 1.000000 0.000000
vt 0.000000 0.000000
vt 0.000000 0.000000
vt 0.000000 0.000000
vt 0.000000 0.000000
vt 0.000000 0.000000
vt 0.000000 0.000000
vt 0.019608 0.568627
vt 0.023529 0.568627
vt 0.000000 0.000000
vt 0.000000 0.000000
vt 1.000000 0.541176
vt 0.000000 0.000000
vt 0.498039 1.000000
vt 0.000000 0.000000
vt 0.000000 0.000000
vt 0.023529 0.603922
vt 0.000000 0.000000
vt 0.000000 0.000000
vt 0.019608 0.176471
vt 0.000000 0.000000
vt 0.000000 0.000000
vt 0.000000 0.000000
vt 0.023529 0.000000
vt 0.000000 0.000000
vt 0.121569 0.517647
vt 0.000000 0.000000
vt 0.925490 0.356863
vt 0.898039 0.325490
vt 0.000000 0.000000
vt 0.000000 0.000000
vt 0.000000 0.000000
vt 0.878431 0.070588
vt 0.000000 0.000000
vt 0.000000 0.000000
vt 0.000000 0.000000
vt 0.490196 1.000000
vt 0.000000 0.000000
vt 1.000000 0.666667
vt 0.000000 0.000000
vt 0.000000 0.000000
vt 0.000000 0.000000
vt 0.000000 0.000000
vt 0.749020 1.000000
vt 1.000000 0.972549
vt 0.501961 0.972549
vt 0.054902 0.352941
vt 0.054902 0.258824
vt 0.000000 0.000000
vt 0.000000 0.000000
vt 0.000000 0.000000
vt 0.501961 0.678431
vt 0.000000 0.000000
vt 0.000000 0.000000
vt 0.956863 0.415686
vt 0.968628 0.498039
vt 0.000000 0.000000
vt 0.000000 0.000000
vt 0.000000 0.000000
vt 0.133333 0.000000
vt 0.007843 0.498039
vt 0.000000 0.000000
vt 0.000000 0.000000
vt 0.000000 0.000000
vt 0.000000 0.000000
vt 0.000000 0.113725
vt 0.000000 0.000000
vt 0.000000 0.000000
vt 0.000000 0.000000
vt 0.000000 0.000000
vt 0.000000 0.000000
vt 0.000000 0.000000
vt 0.000000 0.000000
vt 0.952941 0.066667
vt 0.000000 0.000000
vt 0.000000 0.000000
vt 0.000000 0.000000
vt 0.000000 0.000000
vt 0.000000 0.000000
vt 0.000000 0.000000
vt 0.992157 0.203922
vt 0.000000 0.000000
vt 0.490196 1.000000
vt 0.000000 0.000000
vt 1.000000 0.501961
vt 0.000000 0.000000
vt 0.125490 0.678431
vt 1.000000 0.498039
vt 0.992157 0.521569
vt 0.000000 0.000000
vt 0.000000 0.000000
vt 0.509804 1.000000
vt 0.768628 0.501961
vt 0.000000 0.000000
vt 0.000000 0.000000
vt 0.752941 0.298039
vt 0.984314 0.423529
vt 0.000000 0.000000
vt 0.000000 0.000000
vt 0.000000 0.000000
vt 0.043137 0.603922
vt 0.992157 0.317647
vt 0.000000 0.000000
vt 0.000000 0.000000
vt 0.086275 1.000000
vt 0.000000 0.000000
vt 0.000000 0.000000
vt 0.858824 0.560784
vt 0.023529 0.070588
vt 0.000000 0.000000
vt 0.000000 0.000000
vt 0.000000 0.000000
vt 0.000000 0.000000
vt 0.882353 0.858824
vt 0.000000 0.000000
vt 0.866667 0.000000
vt 0.984314 0.254902
vt 0.000000 0.000000
vt 0.000000 0.000000
vt 0.992157 0.294118
vt 0.000000 0.000000
vt 0.000000 0.000000
vt 0.000000 0.000000
vt 0.000000 0.000000
vt 0.000000 0.000000
vt 0.000000 0.000000
vt 0.000000 0.000000
vt 0.000000 0.000000
vt 0.000000 0.000000
vt 0.000000 0.000000
vt 0.000000 0.000000
vt 1.000000 0.819608
vt 0.000000 0.847059
vt 0.000000 0.000000
vt 0.180392 0.411765
vt 0.000000 0.000000
vt 0.196078 0.003922
vt 0.000000 0.000000
vt 0.000000 0.000000
vt 0.000000 0.000000
vt 0.000000 0.000000
vt 1.000000 0.250980
vt 0.023529 0.545098
vt 1.000000 0.862745
vt 0.000000 0.000000
vt 0.011765 0.411765
vt 0.000000 0.000000
vt 0.000000 0.000000
vt 0.180392 1.000000
vt 0.301961 0.827451
vt 0.521569 0.011765
vt 0.592157 0.000000
vt 0.023529 0.501961
vt 0.054902 0.501961
vt 0.000000 0.000000
vt 0.000000 0.000000
vt 0.498039 0.784314
vt 0.525490 0.784314
vt 0.000000 0.000000
vt 0.000000 0.000000
vt 0.121569 0.972549
vt 0.000000 0.000000
vt 0.000000 0.000000
vt 0.000000 0.000000
vt 0.000000 0.000000
vt 0.878431 0.517647
vt 0.843137 0.521569
vt 0.000000 0.000000
vt 0.000000 0.000000
vt 0.000000 0.000000
vt 0.000000 0.000000
vt 0.000000 0.000000
vt 0.000000 0.000000
vt 0.976471 0.592157
vt 0.000000 0.000000
vt 0.105882 0.705882
vt 0.011765 0.749020
vt 0.000000 0.000000
vt 0.000000 0.000000
vt 0.000000 0.000000
vt 0.000000 0.000000
vt 0.000000 0.000000
vt 0.000000 0.000000
vt 0.894118 0.113725
vt 0.000000 0.000000
vt 0.062745 0.376471
vt 0.000000 0.000000
vt 0.984314 0.509804
vt 0.984314 0.384314
vt 0.000000 0.000000
vt 0.000000 0.000000
vt 0.874510 0.000000
vt 1.000000 0.498039
vt 0.000000 0.000000
vt 0.000000 0.000000
vt 0.000000 0.000000
vt 0.992157 0.568627
vt 1.000000 0.584314
vt 0.984314 0.564706
vt 0.976471 0.564706
vt 0.964706 0.564706
vt 0.000000 0.000000
vt 1.000000 0.831373
vt 0.000000 0.188235
vt 0.000000 0.000000
vt 0.000000 0.000000
vt 0.482353 0.176471
vt 0.000000 0.000000
vt 0.156863 0.011765
vt 0.000000 0.000000
vt 0.000000 0.000000
vt 0.000000 0.000000
vt 0.000000 0.000000
vt 0.000000 0.000000
vt 0.000000 0.000000
vt 0.000000 0.000000
vt 0.000000 0.000000
vt 0.000000 0.000000
vt 0.498039 1.000000
vt 0.000000 0.000000
vt 0.000000 0.000000
vt 0.000000 0.541176
vt 0.000000 0.592157
vt 0.000000 0.282353
vt 1.000000 0.227451
vt 0.000000 0.000000
vt 0.482353 0.282353
vt 0.000000 0.000000
vt 0.000000 0.000000
vt 0.000000 0.000000
vt 0.000000 0.000000
vt 0.458824 0.031373
vt 0.513726 0.007843
vt 0.333333 0.588235
vt 0.333333 0.396078
vt 0.000000 0.000000
vt 0.305882 1.000000
vt 0.254902 0.760784
vt 0.254902 0.498039
vt 0.254902 0.239216
vt 0.254902 0.000000
vt 0.000000 0.000000
vt 0.000000 0.000000
vt 0.000000 0.000000
vt 0.000000 0.639216
vt 1.000000 0.023529
vt 0.000000 0.894118
vt 0.000000 0.000000
vt 0.000000 0.000000
vt 0.000000 0.000000
vt 0.000000 0.000000
vt 0.372549 1.000000
vt 0.501961 1.000000
vt 0.019608 0.023529
vt 0.000000 0.000000
vt 0.000000 0.000000
vt 0.000000 0.000000
vt 0.000000 0.000000
vt 0.000000 0.000000
vt 1.000000 1.000000
vt 0.000000 0.000000
vt 0.000000 0.000000
vt 0.000000 0.000000
vt 0.000000 0.000000
vt 0.035294 0.482353
vt 0.000000 0.000000
vt 0.000000 0.000000
vt 0.000000 0.000000
vt 0.784314 0.070588
vt 1.000000 1.000000
vt 0.521569 0.623529
vt 0.000000 0.000000
vt 0.000000 0.000000
vt 0.000000 0.000000
vt 0.000000 0.000000
vt 0.772549 0.121569
vt 0.000000 0.000000
vt 0.368627 0.850980
vt 0.000000 0.000000
vt 0.000000 0.000000
vt 0.384314 0.372549
vt 0.470588 0.007843
vt 0.501961 0.372549
vt 0.000000 0.000000
vt 0.000000 0.000000
vt 0.000000 0.000000
vt 0.011765 0.533333
vt 0.000000 0.000000
vt 0.000000 0.000000
vt 0.000000 0.000000
vt 0.000000 0.000000
vt 0.000000 0.000000
vt 0.498039 0.678431
vt 0.000000 0.000000
vt 0.992157 0.564706
vt 0.000000 0.000000
vt 0.000000 0.000000
vt 0.501961 0.988235
vt 0.000000 0.000000
vt 0.000000 0.000000
vt 0.000000 0.000000
vt 0.000000 0.000000
vt 0.243137 0.239216
vt 0.000000 0.000000
vt 0.000000 0.603922
vt 0.000000 0.000000
vt 0.000000 0.000000
vt 0.000000 0.000000
vt 0.992157 0.227451
vt 0.000000 0.000000
vt 0.000000 0.000000
vt 0.000000 0.000000
vt 0.019608 0.603922
vt 0.000000 0.000000
vt 0.000000 0.000000
vt 0.000000 0.000000
vt 0.000000 0.000000
vt 0.250980 0.243137
vt 0.250980 0.498039
vt 0.250980 0.756863
vt 1.000000 0.176471
vt 0.305882 0.000000
vt 0.023529 0.831373
vt 0.000000 0.000000
vt 0.000000 0.000000
vt 0.000000 0.000000
vt 0.000000 0.000000
vt 0.000000 0.803922
vt 0.909804 0.564706
vt 0.000000 0.588235
vt 0.000000 0.000000
vt 0.003922 0.050980
vt 0.007843 0.047059
vt 0.000000 0.000000
vt 0.000000 0.000000
vt 0.000000 0.000000
vt 0.000000 0.000000
vt 0.000000 0.000000
vt 0.086275 0.847059
vt 0.117647 0.000000
vt 0.878431 0.992157
vt 0.000000 0.000000
vt 0.000000 0.000000
vt 0.725490 0.000000
vt 0.015686 0.705882
vt 0.000000 0.000000
vt 0.000000 0.000000
vt 0.000000 0.356863
vt 0.011765 0.533333
vt 0.000000 0.000000
vt 0.000000 0.000000
vt 0.000000 0.000000
vt 0.000000 0.000000
vt 0.000000 0.000000
vt 0.545098 0.000000
vt 0.933333 0.019608
vt 0.482353 0.858824
vt 0.000000 0.000000
vt 0.000000 0.000000
vt 0.827451 0.525490
vt 0.976471 1.000000
vt 0.176471 0.439216
vt 0.000000 0.000000
vt 0.854902 0.192157
vt 0.960784 0.572549
vt 0.000000 0.000000
vt 1.000000 1.000000
vt 0.000000 0.000000
vt 0.000000 0.000000
vt 0.360784 0.000000
vt 0.266667 1.000000
vt 0.388235 0.925490
vt 0.000000 0.000000
vt 0.000000 0.000000
vt 0.498039 0.000000
vt 0.000000 0.000000
vt 0.003922 0.274510
vt 0.784314 1.000000
vt 0.784314 0.925490
vt 0.000000 0.000000
vt 0.000000 0.000000
vt 0.000000 0.501961
vt 1.000000 0.666667
vt 0.098039 0.627451
vt 0.000000 0.000000
vt 0.000000 0.000000
vt 0.000000 0.000000
vt 0.000000 0.000000
vt 0.003922 0.101961
vt 0.011765 0.301961
vt 0.000000 0.000000
vt 0.000000 0.000000
vt 0.000000 0.000000
vt 0.027451 0.407843
vt 0.027451 0.341176
vt 0.000000 0.000000
vt 0.992157 0.450980
vt 0.992157 0.341176
vt 0.000000 0.000000
vt 0.000000 0.000000
vt 0.250980 1.000000
vt 0.027451 0.431373
vt 0.000000 0.000000
vt 0.000000 0.000000
vt 0.000000 0.000000
vt 0.000000 0.000000
vt 0.000000 0.000000
vt 0.811765 0.023529
vt 0.827451 0.027451
vt 0.000000 0.000000
vt 0.000000 0.000000
vt 0.839216 0.564706
vt 0.000000 0.000000
vt 0.941177 0.921569
vt 0.952941 0.937255
vt 0.000000 0.000000
vt 0.188235 0.447059
vt 0.000000 0.000000
vt 0.000000 0.000000
vt 0.000000 0.000000
vt 0.980392 0.513726
vt 0.984314 0.615686
vt 0.756863 0.282353
vt 0.000000 0.000000
vt 0.000000 0.000000
vt 0.000000 0.713726
vt 0.000000 0.949020
vt 0.000000 0.811765
vt 0.972549 0.000000
vt 0.772549 0.427451
vt 0.772549 0.498039
vt 0.772549 0.564706
vt 0.772549 0.600000
vt 0.000000 0.000000
vt 0.000000 0.000000
vt 0.823529 0.556863
vt 0.807843 0.545098
vt 0.000000 0.000000
vt 0.000000 0.000000
vt 0.000000 0.000000
vt 0.000000 0.000000
vt 0.000000 0.000000
vt 0.000000 0.000000
vt 0.000000 0.000000
vt 0.184314 0.400000
vt 0.000000 0.000000
vt 0.250980 0.376471
vt 0.000000 0.000000
vt 0.000000 0.000000
vt 0.474510 0.000000
vt 0.000000 0.000000
vt 0.000000 0.000000
vt 0.000000 0.000000
vt 1.000000 0.000000
vt 1.000000 1.000000
vt 0.000000 0.000000
vt 0.000000 0.000000
vt 0.000000 0.000000
vt 0.196078 0.996078
vt 0.000000 0.000000
vt 0.000000 0.000000
vt 0.498039 0.000000
vt 0.000000 0.000000
vt 1.000000 0.341176
vt 0.996078 0.411765
vt 0.000000 0.000000
vt 0.000000 0.000000
vt 0.000000 0.000000
vt 0.000000 0.000000
vt 0.000000 0.470588
vt 0.000000 0.000000
vt 0.000000 0.000000
vt 0.050980 0.098039
vt 0.074510 0.054902
vt 0.000000 0.000000
vt 0.000000 0.000000
vt 0.000000 0.000000
vt 1.000000 0.196078
vt 0.027451 0.152941
vt 0.000000 0.000000
vt 0.000000 0.501961
vt 0.000000 0.325490
vt 0.337255 0.933333
vt 1.000000 0.400000
vn -0.0499 -0.9986 -0.0147
vn -0.0509 -0.9986 -0.0110
vn -0.0772 -0.9968 -0.0227
vn -0.0508 -0.9986 -0.0110
vn -0.0786 -0.9968 -0.0170
vn -0.0786 -0.9968 -0.0169
vn -0.1096 -0.9935 -0.0322
vn -0.1095 -0.9935 -0.0322
vn -0.1104 -0.9936 -0.0239
vn -0.1104 -0.9936 -0.0240
vn -0.1130 -0.9933 -0.0245
vn 0.0677 -0.9968 -0.0435
vn 0.0527 -0.9968 -0.0608
vn 0.0748 -0.9935 -0.0863
vn 0.0960 -0.9935 -0.0617
vn 0.0961 -0.9935 -0.0617
vn 0.1037 -0.9874 -0.1197
vn 0.1332 -0.9874 -0.0856
vn 0.1889 -0.9745 -0.1214
vn 0.1470 -0.9745 -0.1697
vn 0.1815 -0.9608 -0.2094
vn 0.2331 -0.9608 -0.1498
vn 0.4388 -0.8532 -0.2820
vn 0.3416 -0.8532 -0.3942
vn 0.5265 -0.5947 -0.6076
vn 0.4389 -0.8531 -0.2820
vn 0.6763 -0.5947 -0.4347
vn -0.1332 -0.9874 -0.0856
vn -0.1889 -0.9745 -0.1214
vn -0.1037 -0.9874 -0.1197
vn -0.1470 -0.9745 -0.1697
vn -0.0225 -0.9874 -0.1567
vn -0.0320 -0.9745 -0.2222
vn 0.0225 -0.9874 -0.1567
vn 0.0320 -0.9745 -0.2222
vn 0.0319 -0.9745 -0.2223
vn 0.0658 -0.9874 -0.1440
vn 0.0933 -0.9745 -0.2042
vn 0.0933 -0.9745 -0.2043
vn 0.0474 -0.9935 -0.1039
vn 0.0163 -0.9935 -0.1130
vn 0.0162 -0.9935 -0.1130
vn -0.0162 -0.9935 -0.1130
vn -0.0658 -0.9874 -0.1440
vn -0.0474 -0.9935 -0.1039
vn -0.0748 -0.9935 -0.0863
vn -0.1519 -0.9874 -0.0446
vn -0.0677 -0.9968 -0.0435
vn -0.0961 -0.9935 -0.0618
vn -0.0334 -0.9968 -0.0732
vn -0.0115 -0.9968 -0.0796
vn -0.0114 -0.9968 -0.0796
vn -0.0163 -0.9935 -0.1130
vn 0.0114 -0.9968 -0.0796
vn 0.0334 -0.9968 -0.0732
vn -0.0438 -0.9986 -0.0282
vn -0.0676 -0.9968 -0.0435
vn -0.0341 -0.9986 -0.0393
vn -0.0527 -0.9968 -0.0608
vn -0.0216 -0.9986 -0.0474
vn -0.0334 -0.9968 -0.0731
vn -0.0074 -0.9986 -0.0515
vn 0.0074 -0.9986 -0.0515
vn 0.0505 -0.9349 -0.3512
vn 0.0394 -0.9608 -0.2743
vn -0.0505 -0.9349 -0.3512
vn -0.0394 -0.9608 -0.2743
vn -0.2324 -0.9349 -0.2681
vn -0.1815 -0.9608 -0.2094
vn -0.2985 -0.9349 -0.1918
vn -0.2331 -0.9608 -0.1498
vn -0.3000 -0.9447 -0.1323
vn -0.3839 -0.9074 -0.1709
vn -0.4389 -0.8531 -0.2820
vn -0.4388 -0.8532 -0.2820
vn -0.2324 -0.9349 -0.2682
vn -0.3416 -0.8532 -0.3942
vn -0.1474 -0.9349 -0.3228
vn -0.2167 -0.8532 -0.4745
vn -0.0742 -0.8532 -0.5163
vn -0.0742 -0.8532 -0.5164
vn 0.0742 -0.8532 -0.5163
vn -0.0933 -0.9745 -0.2042
vn -0.0932 -0.9745 -0.2042
vn -0.1151 -0.9608 -0.2521
vn -0.0319 -0.9745 -0.2222
vn -0.0395 -0.9608 -0.2743
vn 0.0395 -0.9608 -0.2743
vn 0.5005 -0.8532 -0.1470
vn 0.3405 -0.9349 -0.1000
vn 0.3404 -0.9349 -0.1000
vn 0.3548 -0.9349 0.0000
vn 0.2771 -0.9608 -0.0000
vn 0.1519 -0.9874 -0.0446
vn 0.2154 -0.9745 -0.0632
vn 0.0499 -0.9986 -0.0147
vn 0.0771 -0.9968 -0.0226
vn 0.0520 -0.9986 0.0000
vn 0.0804 -0.9968 -0.0000
vn 0.0676 -0.9968 -0.0435
vn 0.0961 -0.9935 -0.0618
vn 0.0772 -0.9968 -0.0227
vn 0.1096 -0.9935 -0.0322
vn 0.8040 -0.5947 0.0000
vn 0.8743 -0.4832 -0.0458
vn 0.8640 -0.5033 -0.0112
vn 0.2245 -0.9745 -0.0000
vn 0.2659 -0.9608 -0.0781
vn 0.2985 -0.9349 -0.1918
vn 0.1144 -0.5947 -0.7958
vn 0.1930 -0.7156 -0.6713
vn 0.1763 -0.7691 -0.6144
vn 0.1259 -0.8876 -0.4430
vn 0.0742 -0.8532 -0.5164
vn 0.1358 -0.8685 -0.4767
vn -0.1144 -0.5947 -0.7958
vn -0.2696 -0.4832 -0.8330
vn -0.1246 -0.4832 -0.8666
vn -0.0485 -0.4832 -0.8742
vn 0.1246 -0.4832 -0.8666
vn 0.1835 -0.4832 -0.8560
vn -0.7669 -0.4832 -0.4224
vn -0.7365 -0.4832 -0.4733
vn -0.6763 -0.5947 -0.4347
vn -0.9053 -0.3618 -0.2225
vn -0.8986 -0.3623 -0.2476
vn -0.8132 -0.5356 -0.2277
vn -0.8404 -0.5048 -0.1971
vn -0.8450 -0.1811 -0.5031
vn -0.9485 -0.1841 -0.2577
vn -0.9659 -0.0004 -0.2588
vn -0.8972 -0.3974 -0.1927
vn -0.9280 -0.3236 -0.1848
vn -0.9500 -0.2287 -0.2124
vn -0.9500 -0.2288 -0.2124
vn -0.9176 -0.3286 -0.2238
vn -0.9566 -0.1566 -0.2458
vn -0.3620 -0.5024 -0.7852
vn -0.4697 -0.5024 -0.7259
vn -0.5340 -0.1838 -0.8253
vn 0.9516 -0.0000 -0.3074
vn 0.9876 -0.1485 -0.0517
vn 0.9354 -0.1837 -0.3022
vn 0.8396 -0.0000 -0.5432
vn 0.8253 -0.1838 -0.5340
vn 0.6704 -0.0000 -0.7420
vn 0.6590 -0.1837 -0.7294
vn 0.9354 -0.1838 -0.3022
vn 0.7296 -0.5024 -0.4640
vn 0.8253 -0.1837 -0.5340
vn 0.9856 -0.1688 -0.0089
vn 0.9766 -0.2127 0.0328
vn 0.8472 -0.5313 0.0000
vn -0.3674 -0.9290 -0.0446
vn -0.3498 -0.9337 -0.0759
vn -0.2704 -0.9610 -0.0587
vn -0.3675 -0.9290 -0.0446
vn -0.2704 -0.9610 -0.0586
vn -0.2303 -0.9729 -0.0221
vn -0.2231 -0.9736 -0.0484
vn -0.2198 -0.9744 -0.0477
vn 0.0319 -0.9745 -0.2222
vn 0.0901 -0.9614 -0.2601
vn -0.9500 -0.2287 -0.2123
vn -0.9729 -0.0529 -0.2253
vn 0.8594 -0.5112 -0.0042
vn -0.1548 -0.9874 -0.0334
vn 0.3404 -0.9349 -0.0999
vn 0.1827 0.9832 0.0000
vn 0.1746 0.9832 0.0539
vn 0.2488 0.9655 0.0768
vn 0.2488 0.9655 0.0767
vn 0.2151 0.9655 0.1467
vn 0.2659 0.9468 0.1813
vn 0.2007 0.9468 0.2516
vn 0.2580 0.9104 0.3235
vn 0.1653 0.9178 0.3611
vn 0.6265 0.6520 0.4271
vn 0.7257 0.3555 0.5891
vn 0.7723 0.3555 0.5265
vn 0.0452 0.7965 0.6030
vn 0.1691 0.7742 0.6099
vn 0.1614 0.7965 0.5827
vn 0.1568 0.8088 0.5668
vn 0.1469 0.8339 0.5320
vn 0.0194 0.9655 0.2597
vn 0.0951 0.9655 0.2424
vn 0.0667 0.9832 0.1701
vn 0.0137 0.9832 0.1822
vn 0.0220 0.9982 0.0562
vn 0.0045 0.9982 0.0602
vn 0.0376 0.9982 0.0472
vn 0.0221 0.9982 0.0562
vn 0.0668 0.9832 0.1701
vn 0.1139 0.9832 0.1428
vn 0.0499 0.9982 0.0340
vn 0.1509 0.9832 0.1029
vn 0.0577 0.9982 0.0178
vn 0.3075 0.9468 0.0949
vn 0.3419 0.9104 0.2331
vn 0.3954 0.9104 0.1220
vn 0.1746 0.9832 0.0538
vn 0.5778 0.7965 0.1782
vn 0.6047 0.7965 0.0000
vn 0.4138 0.9104 0.0000
vn 0.8932 0.3554 0.2755
vn 0.9271 0.3554 0.1190
vn 0.7245 0.6520 0.2235
vn 0.2604 0.9655 -0.0000
vn 0.3075 0.9468 0.0948
vn 0.3218 0.9468 0.0000
vn 0.0240 0.9468 0.3209
vn 0.1022 0.9250 0.3660
vn 0.0985 0.9344 0.3422
vn 0.1222 0.8857 0.4478
vn 0.0309 0.9104 0.4126
vn 0.9822 0.1838 0.0388
vn 0.9775 0.2074 0.0386
vn 0.9745 0.1838 0.1286
vn 0.8572 0.0000 0.5150
vn 0.9037 0.1837 0.3868
vn 0.8531 0.3726 0.3652
vn 0.7791 0.0000 0.6269
vn 0.7658 0.1837 0.6163
vn 0.6864 0.0000 0.7272
vn 0.9601 0.0000 0.2797
vn 0.9643 0.0000 0.2646
vn 0.9193 -0.0000 0.3935
vn 0.1623 0.9655 0.2036
vn 0.5828 0.3555 0.7308
vn 0.4727 0.6520 0.5928
vn -0.0302 0.9982 0.0523
vn -0.0442 0.9982 0.0410
vn -0.1339 0.9832 0.1243
vn -0.2900 0.9468 0.1396
vn -0.3245 0.9354 0.1403
vn -0.3467 0.9253 0.1537
vn -0.2899 0.9468 0.1396
vn -0.3728 0.9104 0.1795
vn -0.2346 0.9655 0.1130
vn -0.2946 0.9492 0.1107
vn -0.2967 0.9476 0.1179
vn -0.0913 0.9832 0.1582
vn -0.0914 0.9832 0.1582
vn -0.1909 0.9655 0.1771
vn -0.6927 0.6520 0.3084
vn -0.6831 0.6520 0.3290
vn -0.5520 0.7965 0.2468
vn -0.1345 0.7965 0.5895
vn 0.0309 0.9104 0.4127
vn -0.0921 0.9104 0.4034
vn -0.0716 0.9468 0.3137
vn 0.0241 0.9468 0.3209
vn 0.0195 0.9655 0.2597
vn -0.0579 0.9655 0.2539
vn -0.0407 0.9832 0.1781
vn -0.1302 0.9655 0.2255
vn -0.2359 0.9468 0.2189
vn -0.5448 0.7965 0.2624
vn -0.3033 0.9104 0.2815
vn -0.4433 0.7965 0.4113
vn -0.2069 0.9104 0.3584
vn -0.1609 0.9468 0.2787
vn -0.0716 0.9468 0.3138
vn -0.4162 0.8893 0.1898
vn -0.4432 0.7965 0.4113
vn -0.3023 0.7965 0.5237
vn -0.9783 -0.0000 0.2070
vn -0.9684 0.1513 0.1983
vn -0.9783 0.0882 0.1876
vn -0.9197 0.3511 0.1760
vn -0.9684 0.1514 0.1983
vn -0.3299 0.0000 0.9440
vn -0.4225 0.3727 0.8262
vn -0.4476 0.1838 0.8752
vn -0.3298 -0.0000 0.9440
vn -0.4553 -0.0000 0.8903
vn -0.4476 0.1837 0.8752
vn -0.4678 0.3727 0.8014
vn -0.9899 -0.0001 0.1416
vn -0.9886 -0.0001 0.1504
vn -0.9916 -0.0001 0.1292
vn -0.0629 -0.0000 0.9980
vn -0.1982 -0.0000 0.9802
vn -0.1757 0.0000 0.9844
vn -0.7547 0.6539 0.0526
vn -0.7014 0.7117 0.0389
vn -0.7605 0.6477 0.0464
vn -0.5699 0.8174 0.0840
vn -0.4490 0.8890 0.0905
vn -0.4014 0.9143 0.0537
vn -0.1328 0.9910 -0.0142
vn -0.2611 0.9653 0.0066
vn -0.2527 0.9672 0.0270
vn -0.9931 -0.0001 0.1169
vn -0.4083 0.9128 0.0048
vn -0.4343 0.9007 0.0078
vn -0.4295 0.9030 0.0115
vn -0.4596 0.8881 0.0106
vn -0.7723 -0.0000 0.6352
vn -0.8371 0.1838 0.5152
vn -0.8516 -0.0000 0.5241
vn 0.4432 -0.7965 0.4113
vn 0.3023 -0.7965 0.5236
vn 0.2069 -0.9104 0.3584
vn 0.8585 -0.3555 0.3696
vn 0.6831 -0.6520 0.3290
vn 0.7497 -0.6520 0.1130
vn 0.5979 -0.7965 0.0901
vn 0.5448 -0.7965 0.2623
vn 0.3728 -0.9104 0.1795
vn 0.4092 -0.9104 0.0617
vn 0.2575 -0.9655 0.0388
vn 0.2346 -0.9655 0.1130
vn 0.1646 -0.9832 0.0793
vn 0.1807 -0.9832 0.0272
vn 0.3033 -0.9104 0.2815
vn 0.4433 -0.7965 0.4113
vn 0.2359 -0.9468 0.2189
vn 0.2900 -0.9468 0.1396
vn 0.2899 -0.9468 0.1396
vn 0.1909 -0.9655 0.1771
vn 0.1339 -0.9832 0.1243
vn 0.0442 -0.9982 0.0410
vn 0.0544 -0.9982 0.0262
vn 0.6852 -0.3555 0.6357
vn 0.5459 -0.3555 0.7587
vn 0.5558 -0.6520 0.5157
vn 0.3023 -0.7965 0.5237
vn 0.3791 -0.6520 0.6566
vn 0.2789 -0.7468 0.6037
vn 0.1609 -0.9468 0.2787
vn 0.1302 -0.9655 0.2255
vn 0.0579 -0.9655 0.2539
vn 0.0407 -0.9832 0.1781
vn 0.0913 -0.9832 0.1582
vn 0.0914 -0.9832 0.1582
vn -0.0194 -0.9655 0.2597
vn 0.0716 -0.9468 0.3138
vn 0.0723 -0.1837 0.9803
vn 0.0683 -0.3727 0.9254
vn 0.2061 -0.3727 0.9048
vn 0.1027 -0.9250 0.3658
vn 0.0921 -0.9104 0.4034
vn 0.1346 -0.7965 0.5895
vn 0.1847 -0.7245 0.6641
vn 0.1687 -0.6520 0.7392
vn 0.1959 -0.6833 0.7033
vn 0.2233 -0.5575 0.7996
vn 0.2035 -0.6481 0.7338
vn 0.4602 -0.3727 0.8058
vn 0.5711 -0.1837 0.8000
vn 0.5810 -0.0000 0.8139
vn 0.4139 0.0000 0.9103
vn 0.4064 -0.1898 0.8938
vn 0.9037 -0.1837 0.3868
vn 0.9775 -0.2074 0.0386
vn 0.9822 -0.1838 0.0388
vn 0.9745 -0.1837 0.1286
vn 0.9272 -0.3727 0.0366
vn 0.9200 -0.3726 0.1214
vn 0.9200 -0.3727 0.1214
vn 0.9745 -0.1838 0.1286
vn 0.5711 -0.1838 0.8000
vn -0.0195 -0.9655 0.2597
vn 0.0716 -0.9468 0.3137
vn -0.0241 -0.9468 0.3209
vn -0.0240 -0.9468 0.3209
vn -0.0309 -0.9104 0.4126
vn -0.0309 -0.9104 0.4127
vn 0.1345 -0.7965 0.5895
vn -0.0452 -0.7965 0.6030
vn -0.9684 -0.1514 0.1983
vn -0.9744 0.0000 0.2250
vn -0.4291 -0.9032 0.0114
vn -0.4340 -0.9009 0.0078
vn -0.4082 -0.9129 0.0048
vn -0.7536 -0.6552 0.0525
vn -0.6806 -0.7317 0.0363
vn -0.6023 -0.7976 0.0327
vn -0.2488 -0.9655 0.0767
vn -0.1746 -0.9832 0.0539
vn -0.2151 -0.9655 0.1467
vn -0.1746 -0.9832 0.0538
vn -0.1510 -0.9832 0.1029
vn -0.0951 -0.9655 0.2424
vn -0.0667 -0.9832 0.1701
vn -0.0137 -0.9832 0.1822
vn -0.0045 -0.9982 0.0602
vn -0.0220 -0.9982 0.0562
vn -0.0221 -0.9982 0.0562
vn -0.0376 -0.9982 0.0472
vn -0.0668 -0.9832 0.1701
vn -0.1139 -0.9832 0.1428
vn -0.0499 -0.9982 0.0340
vn -0.1509 -0.9832 0.1029
vn -0.1623 -0.9655 0.2036
vn -0.2007 -0.9468 0.2516
vn -0.2659 -0.9468 0.1813
vn -0.1512 -0.9104 0.3852
vn -0.2209 -0.7965 0.5629
vn -0.2580 -0.9104 0.3235
vn -0.3770 -0.7965 0.4727
vn -0.3419 -0.9104 0.2331
vn -0.4996 -0.7965 0.3406
vn -0.4162 -0.8893 0.1898
vn -0.5520 -0.7965 0.2469
vn -0.6926 -0.6520 0.3085
vn -0.5520 -0.7965 0.2468
vn -0.6265 -0.6520 0.4271
vn -0.5812 -0.3727 0.7235
vn -0.6671 -0.1838 0.7220
vn -0.6298 -0.3727 0.6816
vn -0.6297 -0.3727 0.6816
vn -0.8371 -0.1837 0.5152
vn -0.8954 -0.1898 0.4029
vn -0.4476 -0.1837 0.8752
vn -0.5723 0.0000 0.8200
vn -0.4225 -0.3727 0.8262
vn -0.5811 -0.3727 0.7235
vn -0.7978 -0.3555 0.4870
vn -0.7688 -0.5376 0.3464
vn -0.7978 -0.3554 0.4870
vn -0.1887 -0.3555 0.9154
vn -0.3415 -0.3555 0.8701
vn -0.2770 -0.6520 0.7058
vn -0.2968 -0.9476 0.1179
vn -0.2946 -0.9492 0.1107
vn -0.2488 -0.9655 0.0768
vn -0.7723 -0.3554 0.5265
vn -0.9055 -0.4134 0.0959
vn -0.7373 -0.6711 0.0781
vn -0.9055 -0.4135 0.0959
vn -0.7373 -0.6710 0.0781
vn -0.9126 -0.3944 0.1079
vn -0.1948 -0.1837 0.9635
vn -0.9992 -0.0030 0.0405
vn -0.9614 0.2702 0.0512
vn -0.9570 0.2877 0.0367
vn -0.9498 0.3120 0.0214
vn -0.9996 0.0127 0.0255
vn -0.9547 0.2957 0.0321
vn -0.9628 0.2693 0.0195
vn -0.9490 0.3146 0.0191
vn -0.9994 -0.0014 0.0354
vn -0.9547 -0.2958 0.0321
vn -0.9570 -0.2879 0.0367
vn -0.9743 -0.2243 0.0198
vn -0.9628 -0.2693 0.0195
vn -0.9498 -0.3121 0.0214
vn -1.0000 -0.0071 0.0005
vn -1.0000 0.0040 0.0090
vn -0.9526 0.3041 0.0015
vn -0.9523 0.3049 0.0088
vn -1.0000 0.0001 -0.0048
vn -1.0000 -0.0000 -0.0026
vn -1.0000 -0.0001 -0.0080
vn -0.9949 -0.0001 -0.1010
vn -0.9958 -0.0001 -0.0910
vn -0.9958 -0.0003 -0.0910
vn -0.9964 -0.0003 -0.0843
vn -0.9998 -0.0000 -0.0219
vn -1.0000 -0.0001 -0.0081
vn -0.9998 -0.0002 -0.0219
vn -0.9998 -0.0000 -0.0220
vn -0.9997 -0.0000 -0.0256
vn -0.6960 0.7160 -0.0541
vn -0.6513 0.7585 -0.0230
vn -0.6055 0.7956 -0.0188
vn -0.6961 0.7159 -0.0541
vn -0.5429 0.8391 -0.0353
vn -0.8335 0.5495 -0.0572
vn -0.6961 0.7160 -0.0541
vn -0.8422 0.5342 -0.0733
vn -0.9532 0.2972 -0.0561
vn -0.8988 0.4357 -0.0488
vn -0.9579 0.2773 -0.0743
vn -0.9579 0.2772 -0.0744
vn -0.9872 0.1466 -0.0624
vn -0.9453 0.3263 0.0020
vn -0.7954 0.6061 -0.0015
vn -0.9533 0.3005 -0.0296
vn -0.8049 0.5932 -0.0148
vn -0.9533 0.3004 -0.0296
vn -0.8229 0.5667 -0.0402
vn -0.7539 0.6561 -0.0330
vn -0.9957 0.0000 -0.0924
vn -0.9960 0.0003 -0.0898
vn -0.9960 0.0001 -0.0897
vn -0.9960 0.0003 -0.0896
vn -0.9964 0.0003 -0.0843
vn -0.5430 -0.8390 -0.0352
vn -0.4489 -0.8936 -0.0052
vn -0.4798 -0.8774 -0.0078
vn -0.9536 -0.2997 -0.0296
vn -0.8972 -0.4404 -0.0320
vn -0.8049 -0.5932 -0.0148
vn -0.7952 -0.6063 -0.0013
vn -0.7953 -0.6063 -0.0013
vn -0.9455 -0.3255 0.0020
vn -0.3818 -0.9241 -0.0163
vn -0.3947 -0.9188 -0.0007
vn -0.4116 -0.9114 -0.0021
vn -0.8336 -0.5495 -0.0572
vn -0.9581 -0.2766 -0.0744
vn -0.8420 -0.5345 -0.0729
vn -0.2303 0.9729 -0.0221
vn -0.2397 0.9708 0.0001
vn -0.1212 0.9925 0.0157
vn -0.8601 0.4938 -0.1279
vn -0.6803 0.7265 -0.0967
vn -0.9877 -0.0001 -0.1563
vn -0.9949 -0.0000 -0.1010
vn 0.7259 0.5024 -0.4697
vn 0.7296 0.5024 -0.4640
vn 0.8253 0.1837 -0.5340
vn 0.8253 0.1838 -0.5340
vn 0.9354 0.1838 -0.3022
vn 0.9354 0.1837 -0.3022
vn 0.9876 0.1484 -0.0518
vn 0.5797 0.5024 -0.6416
vn 0.5796 0.5024 -0.6416
vn 0.6590 0.1838 -0.7294
vn 0.5655 0.5024 -0.6541
vn 0.6590 0.1837 -0.7294
vn 0.4477 0.1838 -0.8751
vn 0.4555 -0.0000 -0.8902
vn 0.4478 0.1837 -0.8751
vn 0.4477 0.1837 -0.8751
vn -0.9053 0.3619 -0.2225
vn -0.8986 0.3624 -0.2476
vn -0.9486 0.1839 -0.2577
vn -0.9176 0.3286 -0.2238
vn -0.9530 0.1777 -0.2455
vn -0.9566 0.1567 -0.2458
vn -0.7259 0.5024 -0.4697
vn -0.6416 0.5024 -0.5796
vn -0.7294 0.1837 -0.6590
vn -0.7294 0.1838 -0.6590
vn -0.6416 0.5024 -0.5797
vn -0.5682 0.5024 -0.6517
vn -0.0438 0.5024 -0.8635
vn 0.1244 0.5024 -0.8556
vn -0.0498 0.1838 -0.9817
vn 0.2731 0.1312 -0.9530
vn 0.2060 0.1837 -0.9611
vn 0.2660 0.2602 -0.9282
vn 0.2060 0.1838 -0.9611
vn 0.2542 0.3845 -0.8874
vn -0.6520 0.7451 -0.1408
vn -0.5910 0.7889 -0.1683
vn -0.6326 0.7532 -0.1805
vn -0.0114 0.9968 -0.0796
vn -0.0074 0.9986 -0.0515
vn 0.0114 0.9968 -0.0796
vn 0.0163 0.9935 -0.1130
vn 0.0162 0.9935 -0.1130
vn 0.0115 0.9968 -0.0796
vn 0.0474 0.9935 -0.1039
vn 0.0658 0.9874 -0.1440
vn 0.1037 0.9874 -0.1197
vn 0.1470 0.9745 -0.1697
vn 0.1889 0.9745 -0.1214
vn 0.2331 0.9608 -0.1498
vn 0.2659 0.9608 -0.0781
vn 0.3405 0.9349 -0.1000
vn 0.3548 0.9349 0.0000
vn 0.5216 0.8532 -0.0000
vn 0.0804 0.9968 -0.0000
vn 0.1142 0.9935 0.0000
vn 0.0771 0.9968 -0.0227
vn 0.0772 0.9968 -0.0226
vn 0.1096 0.9935 -0.0322
vn 0.0334 0.9968 -0.0732
vn 0.0475 0.9935 -0.1039
vn 0.0742 0.8532 -0.5163
vn 0.1476 0.8432 -0.5170
vn 0.1611 0.8108 -0.5627
vn -0.1096 0.9935 -0.0322
vn -0.0961 0.9935 -0.0617
vn -0.1332 0.9874 -0.0856
vn -0.1037 0.9874 -0.1197
vn -0.1470 0.9745 -0.1697
vn -0.0933 0.9745 -0.2042
vn -0.1151 0.9608 -0.2521
vn -0.0394 0.9608 -0.2743
vn -0.0505 0.9349 -0.3512
vn 0.0505 0.9349 -0.3512
vn 0.0394 0.9608 -0.2743
vn 0.0395 0.9608 -0.2743
vn -0.0395 0.9608 -0.2743
vn -0.0320 0.9745 -0.2222
vn -0.0658 0.9874 -0.1440
vn -0.0933 0.9745 -0.2043
vn -0.0748 0.9935 -0.0863
vn -0.0677 0.9968 -0.0435
vn -0.0676 0.9968 -0.0435
vn -0.0771 0.9968 -0.0227
vn -0.0499 0.9986 -0.0146
vn -0.0499 0.9986 -0.0147
vn -0.0772 0.9968 -0.0227
vn -0.0509 0.9986 -0.0110
vn 0.8640 0.5033 -0.0112
vn 0.8745 0.4832 -0.0417
vn 0.8040 0.5947 0.0000
vn 0.2985 0.9349 -0.1918
vn 0.4388 0.8532 -0.2820
vn 0.2324 0.9349 -0.2682
vn 0.2324 0.9349 -0.2681
vn 0.1815 0.9608 -0.2094
vn 0.1151 0.9608 -0.2521
vn 0.0932 0.9745 -0.2042
vn 0.2167 0.8531 -0.4745
vn 0.2308 0.8254 -0.5152
vn 0.2165 0.8487 -0.4826
vn 0.5005 0.8532 -0.1470
vn 0.0933 0.9745 -0.2042
vn -0.0437 0.9986 -0.0281
vn -0.0527 0.9968 -0.0608
vn -0.0474 0.9935 -0.1039
vn -0.0225 0.9874 -0.1567
vn -0.0319 0.9745 -0.2223
vn 0.0320 0.9745 -0.2222
vn -0.0163 0.9935 -0.1130
vn 0.0742 0.8532 -0.5164
vn -0.0742 0.8532 -0.5164
vn -0.1474 0.9349 -0.3228
vn -0.1815 0.9608 -0.2094
vn -0.1889 0.9745 -0.1214
vn -0.1519 0.9874 -0.0446
vn -0.2167 0.8532 -0.4745
vn -0.2324 0.9349 -0.2682
vn -0.1474 0.9349 -0.3227
vn -0.2323 0.9349 -0.2682
vn -0.2331 0.9608 -0.1498
vn 0.0225 0.9874 -0.1567
vn -0.0162 0.9935 -0.1130
vn -0.0334 0.9968 -0.0732
vn -0.0334 0.9968 -0.0731
vn -0.0526 0.9968 -0.0608
vn -0.0341 0.9986 -0.0393
vn -0.0216 0.9986 -0.0473
vn -0.4389 0.8531 -0.2820
vn -0.3852 0.9068 -0.1715
vn -0.2985 0.9349 -0.1918
vn -0.3416 0.8532 -0.3942
vn -0.2167 0.8531 -0.4745
vn -0.3340 0.5947 -0.7313
vn -0.3637 0.4832 -0.7964
vn -0.4720 0.4832 -0.7374
vn 0.0748 0.9935 -0.0863
vn 0.1332 0.9874 -0.0856
vn 0.2154 0.9745 -0.0632
vn 0.0961 0.9935 -0.0617
vn 0.1519 0.9874 -0.0446
vn 0.1583 0.9874 -0.0000
vn 0.2245 0.9745 -0.0000
vn 0.3416 0.8532 -0.3942
vn 0.0676 0.9968 -0.0435
vn 0.0438 0.9986 -0.0281
vn 0.0438 0.9986 -0.0282
vn 0.0341 0.9986 -0.0393
vn -0.2198 0.9744 -0.0477
vn -0.2231 0.9736 -0.0484
vn -0.2232 0.9736 -0.0484
vn -0.2704 0.9610 -0.0586
vn -0.3674 0.9290 -0.0447
vn -0.3499 0.9337 -0.0759
vn -0.1559 0.9872 -0.0338
vn -0.9500 0.2288 -0.2123
vn -0.9280 0.3237 -0.1848
vn -0.8972 0.3974 -0.1927
vn -0.5432 0.0000 -0.8396
vn -0.5496 -0.0000 -0.8354
vn -0.6767 -0.0000 -0.7362
vn 0.9856 0.1687 -0.0088
vn 0.8499 0.5268 -0.0040
vn 0.9766 0.2126 0.0328
vn 0.1929 0.7156 -0.6713
vn 0.1144 0.5947 -0.7958
vn 0.1763 0.7691 -0.6143
vn 0.0499 0.9986 -0.0146
vn 0.0526 0.9968 -0.0608
vn 0.0216 0.9986 -0.0473
vn 0.0334 0.9968 -0.0731
vn 0.0216 0.9986 -0.0474
vn 0.0074 0.9986 -0.0515
vn -0.8604 0.4926 -0.1302
vn -0.2154 0.9745 -0.0632
vn 0.0527 0.9968 -0.0608
vn -0.8601 -0.4939 -0.1277
vn -0.6803 -0.7265 -0.0966
vn -0.6961 -0.7159 -0.0539
vn -0.2398 -0.9708 0.0002
vn -0.1212 -0.9925 0.0157
vn 0.3963 0.0000 0.9181
vn 0.4031 -0.0870 0.9110
vn 0.0000 -1.0000 0.0000
vn 0.0000 -1.0000 -0.0002
vn 0.0000 -1.0000 0.0001
vn 0.0000 -1.0000 -0.0001
vn -0.0140 -0.9982 0.0576
vn 0.0582 -0.9982 -0.0112
vn -0.1245 -0.9913 -0.0419
vn -0.0416 -0.9913 0.1246
vn -0.1285 -0.9904 -0.0510
vn -0.0761 -0.9904 0.1154
vn -0.1377 -0.9904 -0.0119
vn -0.0426 -0.9904 0.1315
vn -0.1228 -0.9904 -0.0634
vn -0.1044 -0.9904 0.0906
vn -0.1350 -0.9904 -0.0291
vn -0.0730 -0.9904 0.1173
vn -0.0446 -0.9981 -0.0436
vn -0.9749 0.0000 0.2228
vn -0.7452 -0.3851 -0.5444
vn -0.6370 -0.3421 -0.6908
vn -0.7231 -0.4113 -0.5549
vn -0.8245 -0.4566 -0.3344
vn 0.0028 -0.9986 -0.0521
vn 0.0063 -0.9995 -0.0310
vn -0.0107 -0.9992 -0.0396
vn -0.0057 0.9971 -0.0754
vn -0.0344 0.9981 -0.0510
vn 0.8765 0.0816 -0.4744
vn 0.8584 0.2282 -0.4594
vn 0.9005 0.0785 -0.4277
vn 0.0068 -0.9995 -0.0309
vn 0.0195 -0.9986 -0.0483
vn 0.0064 -0.9995 -0.0310
vn -0.0018 -0.9987 -0.0506
vn 0.3477 -0.0000 0.9376
vn 0.0771 -0.9968 -0.0227
vn 0.0563 -0.9984 -0.0114
vn 0.0439 -0.9986 -0.0296
vn 0.0631 -0.9970 -0.0448
vn 0.0667 0.9968 -0.0438
vn 0.0957 0.9936 -0.0596
vn 0.0528 0.9963 -0.0681
vn 0.0764 0.9968 -0.0232
vn 0.1087 0.9936 -0.0302
vn 0.0681 0.9970 -0.0356
vn -0.0355 -0.9986 -0.0392
vn -0.0533 -0.9970 -0.0561
vn -0.0193 -0.9983 -0.0541
vn 0.0004 0.9994 -0.0351
vn 0.0106 0.9985 -0.0538
vn -0.0033 0.9984 -0.0561
vn 0.0096 -0.9995 -0.0317
vn -0.0039 -0.9988 -0.0485
vn -0.0291 -0.9988 -0.0397
vn -0.0248 -0.9981 -0.0569
vn 0.4912 0.0319 0.8705
vn 0.5321 0.1041 0.8403
vn 0.0585 0.9981 -0.0193
vn 0.0520 0.9986 0.0000
vn 0.0754 0.9971 0.0050
vn 0.0663 0.9973 -0.0309
vn 0.0684 0.9884 -0.1359
vn 0.0190 0.9926 -0.1197
vn -0.0780 0.9926 -0.0927
vn -0.0579 0.9884 -0.1407
vn -0.1102 0.9892 -0.0962
vn 0.0518 -0.9967 -0.0630
vn 0.0426 -0.9983 -0.0405
vn 0.0209 -0.9986 -0.0486
vn 0.0288 -0.9970 -0.0718
vn 0.0205 0.9993 -0.0323
vn 0.0346 0.9983 -0.0476
vn 0.0015 0.9991 -0.0424
vn -0.0214 -0.9997 0.0083
vn 0.0114 -0.9996 0.0263
vn 0.0141 -0.9986 -0.0512
vn -0.0550 0.9982 -0.0251
vn 0.0416 0.9914 -0.1242
vn -0.0603 0.9975 -0.0356
vn -0.0665 0.9975 -0.0228
vn -0.1176 -0.9468 0.2996
vn -0.0995 -0.9643 0.2456
vn -0.0308 -0.9687 0.2464
vn -0.0234 -0.9401 0.3402
vn 0.1583 -0.9874 -0.0000
vn 0.1206 -0.9927 0.0052
vn 0.1087 -0.9936 -0.0303
vn 0.1506 -0.9876 -0.0455
vn 0.1482 0.9762 -0.1586
vn 0.0972 0.9740 -0.2049
vn 0.0627 0.9860 -0.1543
vn 0.1660 -0.9861 0.0068
vn 0.1521 -0.9873 -0.0451
vn 0.2094 -0.9755 -0.0672
vn -0.1406 0.9855 -0.0946
vn -0.1359 0.9762 -0.1693
vn -0.1786 0.9790 -0.0982
vn -0.0632 -0.9979 -0.0138
vn -0.0743 -0.9970 -0.0224
vn -0.0455 -0.9983 -0.0350
vn -0.7583 0.4684 -0.4533
vn -0.5917 0.5752 -0.5648
vn -0.8108 0.4284 -0.3989
vn -0.9377 -0.2517 0.2395
vn -0.9675 -0.2374 0.0874
vn -0.9392 -0.2790 0.2003
vn -0.9254 -0.3188 0.2049
vn 0.0941 0.9936 -0.0623
vn 0.1330 0.9876 -0.0840
vn 0.1106 0.9868 -0.1186
vn 0.0807 0.9926 -0.0904
vn 0.2314 0.9620 -0.1452
vn 0.1451 0.9749 -0.1687
vn 0.0920 0.9607 0.2619
vn 0.1445 0.9580 0.2478
vn 0.1974 0.9485 0.2476
vn 0.1645 0.9655 0.2017
vn -0.2274 -0.9723 -0.0540
vn -0.2043 -0.9745 -0.0933
vn -0.1811 -0.9745 -0.1326
vn -0.2227 -0.9682 -0.1138
vn -0.1889 -0.9745 -0.1213
vn -0.3971 0.9095 0.1227
vn -0.3622 0.9237 0.1251
vn 0.0585 -0.9685 -0.2422
vn 0.1095 -0.9698 -0.2179
vn 0.0265 -0.9696 -0.2431
vn 0.0972 -0.9685 -0.2294
vn 0.1150 -0.9608 -0.2521
vn 0.0930 -0.9745 -0.2043
vn -0.1463 0.9749 -0.1676
vn -0.0932 0.9745 -0.2042
vn -0.1107 0.9620 -0.2497
vn -0.1890 0.9642 -0.1861
vn 0.0697 -0.9736 -0.2172
vn 0.0921 -0.9692 -0.2283
vn 0.0993 -0.9740 -0.2036
vn 0.1771 -0.9571 -0.2293
vn 0.1383 -0.9759 -0.1686
vn 0.1107 -0.9722 -0.2061
vn 0.1376 -0.9568 -0.2563
vn -0.1395 -0.9868 -0.0827
vn -0.0978 -0.9929 -0.0677
vn -0.1582 -0.9868 -0.0345
vn 0.0517 0.9968 -0.0608
vn 0.0751 0.9936 -0.0842
vn 0.0380 0.9970 -0.0668
vn 0.0223 0.9457 0.3243
vn 0.0559 0.9552 0.2906
vn 0.0208 0.9643 0.2641
vn 0.0480 -0.9986 -0.0209
vn 0.0554 -0.9979 -0.0342
vn -0.0601 -0.9982 -0.0082
vn -0.0652 -0.9977 -0.0172
vn -0.0625 -0.9980 0.0000
vn -0.0625 -0.9980 -0.0104
vn -0.0740 0.9973 0.0003
vn -0.0712 0.9974 -0.0135
vn -0.0916 0.9954 -0.0269
vn -0.0646 -0.9976 0.0266
vn -0.1244 -0.9919 0.0268
vn -0.0768 -0.9970 -0.0029
vn -0.1110 -0.9930 0.0407
vn -0.1009 -0.9949 0.0009
vn -0.0847 -0.9964 -0.0009
vn -0.1022 -0.9948 0.0004
vn -0.1038 -0.9945 -0.0137
vn -0.0840 -0.9964 -0.0081
vn -0.8371 0.4348 -0.3320
vn -0.7999 0.4272 -0.4215
vn -0.8259 0.3287 -0.4581
vn -0.8633 0.3319 -0.3801
vn -0.1164 -0.9932 -0.0025
vn -0.1202 -0.9927 -0.0043
vn -0.1123 -0.9937 -0.0029
vn -0.1366 -0.9906 -0.0062
vn -0.1400 -0.9897 -0.0308
vn -0.1182 -0.9929 -0.0153
vn -0.8750 -0.4364 -0.2099
vn -0.8764 -0.4394 -0.1971
vn -0.8395 -0.5124 -0.1808
vn -0.9128 -0.3612 -0.1906
vn -0.1821 0.9624 -0.2015
vn -0.2423 0.9325 -0.2679
vn -0.2826 0.9409 -0.1867
vn -0.2036 0.9653 -0.1632
vn -0.2159 -0.9701 -0.1104
vn -0.1991 -0.9693 -0.1446
vn -0.0766 -0.9969 0.0175
vn -0.2996 -0.9117 -0.2813
vn -0.2195 -0.9630 -0.1567
vn -0.4219 -0.9027 -0.0847
vn -0.2922 -0.9443 -0.1512
vn -0.2281 -0.9594 -0.1658
vn -0.2068 -0.9771 -0.0510
vn -0.2332 -0.9707 -0.0577
vn -0.2362 -0.9677 -0.0885
vn -0.2639 0.9637 -0.0414
vn -0.2347 0.9714 -0.0365
vn -0.2164 0.9743 -0.0627
vn -0.2420 0.9683 -0.0622
vn -0.2616 -0.9635 -0.0578
vn -0.2375 -0.9685 -0.0752
vn -0.2262 -0.9727 -0.0517
vn -0.2361 -0.9687 -0.0766
vn -0.2348 -0.9707 -0.0503
vn -0.2394 -0.9654 -0.1033
vn -0.2279 -0.9694 -0.0909
vn -0.2287 -0.9718 -0.0570
vn -0.2142 -0.9727 -0.0894
vn -0.2065 -0.9741 -0.0925
vn -0.2140 -0.9757 -0.0475
vn -0.2708 -0.9573 -0.1009
vn -0.3021 -0.9472 -0.1078
vn -0.2789 -0.9550 -0.1012
vn -0.2777 -0.9553 -0.1010
vn -0.2863 -0.9525 -0.1042
vn -0.1376 -0.9789 -0.1514
vn -0.1523 -0.9546 -0.2558
vn -0.3037 -0.9475 -0.0999
vn 0.0626 -0.9541 -0.2928
vn 0.0870 -0.9526 -0.2915
vn 0.0396 -0.9598 -0.2778
vn 0.3816 -0.4655 0.7985
vn 0.3056 -0.4646 0.8311
vn 0.4833 -0.4433 0.7549
vn 0.5420 -0.3587 0.7600
vn 0.0823 -0.9527 -0.2924
vn 0.1067 -0.9505 -0.2919
vn 0.1073 -0.9496 -0.2947
vn 0.1030 -0.9535 -0.2833
vn 0.1022 -0.9540 -0.2820
vn 0.0698 -0.9687 -0.2381
vn 0.1007 -0.9556 -0.2768
vn 0.1078 -0.9403 -0.3229
vn 0.1122 -0.9575 -0.2658
vn 0.1136 -0.9613 -0.2508
vn 0.1079 -0.9612 -0.2540
vn 0.1221 -0.9561 -0.2664
vn 0.1066 -0.9650 -0.2396
vn 0.1247 -0.9513 -0.2820
vn 0.1423 -0.9530 -0.2674
vn 0.1151 -0.9608 -0.2521
vn 0.1687 -0.9501 -0.2625
vn 0.1993 -0.9530 -0.2280
vn 0.1235 -0.9582 -0.2581
vn 0.1729 0.9478 -0.2679
vn 0.1707 0.9625 -0.2108
vn 0.2691 0.9274 -0.2598
vn 0.1032 0.9360 -0.3364
vn 0.2808 0.9597 -0.0078
vn 0.3496 0.9369 -0.0056
vn 0.3534 0.9311 -0.0901
vn 0.2727 0.9600 -0.0638
vn -0.0933 -0.9745 -0.2043
vn -0.0628 -0.9861 -0.1538
vn -0.1042 -0.9873 -0.1197
vn -0.1403 -0.9727 -0.1848
vn -0.0289 -0.9868 -0.1596
vn -0.0129 -0.9929 -0.1183
vn -0.0776 -0.9868 -0.1422
vn 0.1562 -0.9875 -0.0202
vn 0.1350 -0.9908 0.0015
vn 0.1117 -0.9936 -0.0147
vn 0.0833 0.9962 0.0239
vn 0.0427 0.9964 0.0733
vn -0.0444 0.9978 -0.0495
vn -0.0545 0.9977 -0.0396
vn 0.1605 -0.5293 0.8331
vn -0.2103 -0.3744 0.9031
vn -0.3087 -0.4113 0.8576
vn -0.0649 -0.5862 0.8076
vn 0.0587 -0.9983 -0.0024
vn 0.0698 -0.9975 -0.0077
vn 0.0592 -0.9982 0.0000
vn 0.0648 -0.9978 -0.0110
vn -0.0760 -0.9970 0.0115
vn -0.7418 0.5295 0.4115
vn -0.9917 0.1148 0.0572
vn -0.0877 -0.9959 0.0236
vn -0.1284 -0.9915 0.0195
vn -0.0654 -0.9978 -0.0072
vn -0.0333 -0.9992 0.0208
vn -0.0294 -0.9987 0.0416
vn -0.1250 -0.9917 0.0296
vn -0.0363 -0.9978 0.0546
vn -0.0925 -0.9857 0.1405
vn -0.1074 -0.9937 0.0317
vn -0.1161 -0.9872 0.1095
vn -0.1630 -0.9863 0.0265
vn -0.1015 -0.9942 0.0342
vn -0.1786 -0.9832 0.0386
vn -0.1067 -0.9938 0.0323
vn -0.1575 -0.9867 0.0415
vn -0.1858 -0.9825 -0.0146
vn -0.1240 -0.9915 0.0386
vn -0.1469 -0.9888 0.0244
vn -0.1133 -0.9936 0.0013
vn -0.1188 -0.9920 0.0420
vn -0.2381 -0.9712 -0.0060
vn -0.1399 -0.9900 -0.0203
vn -0.1597 -0.9871 -0.0057
vn -0.1371 -0.9902 0.0261
vn -0.2388 -0.9710 -0.0076
vn -0.1251 -0.9919 -0.0238
vn -0.1708 -0.9840 -0.0512
vn 0.5216 -0.8532 -0.0000
vn 0.3614 -0.9324 0.0080
vn 0.3516 -0.9282 -0.1217
vn 0.5277 -0.8435 -0.0998
vn -0.2976 -0.9460 -0.1284
vn -0.2967 -0.9412 -0.1613
vn -0.2905 -0.9339 -0.2083
vn -0.3270 -0.9281 -0.1778
vn -0.3154 -0.9222 -0.2239
vn -0.3547 -0.9139 -0.1973
vn -0.2840 -0.9532 -0.1039
vn -0.2843 -0.9558 -0.0752
vn -0.2820 -0.9560 -0.0808
vn -0.2927 -0.9502 -0.1066
vn -0.2773 -0.9542 -0.1120
vn -0.3046 -0.9459 -0.1116
vn -0.2380 0.9515 0.1950
vn -0.3352 0.9421 0.0067
vn -0.1937 0.9735 0.1213
vn -0.9811 -0.1927 0.0176
vn -0.9839 -0.1644 0.0696
vn -0.3388 -0.9404 -0.0305
vn -0.3061 -0.9496 -0.0675
vn -0.2863 -0.9576 -0.0311
vn -0.3051 -0.9499 -0.0678
vn -0.3105 -0.9502 -0.0259
vn -0.2893 -0.9546 -0.0708
vn -0.2977 -0.9542 -0.0294
vn -0.2818 -0.9568 -0.0715
vn -0.2570 -0.9624 -0.0876
vn -0.2775 -0.9598 -0.0414
vn -0.2906 -0.9555 -0.0503
vn -0.2535 -0.9625 -0.0962
vn -0.2555 -0.9649 -0.0603
vn -0.2994 -0.9518 -0.0668
vn -0.3019 -0.9474 -0.1061
vn -0.2575 -0.9647 -0.0559
vn -0.2939 -0.9542 -0.0561
vn -0.2644 -0.9608 -0.0833
vn -0.2627 -0.9634 -0.0534
vn -0.2539 -0.9605 -0.1137
vn -0.2940 -0.9523 -0.0821
vn -0.2930 -0.9492 -0.1149
vn 0.2796 0.0000 -0.9601
vn 0.1717 -0.9333 -0.3155
vn 0.3038 -0.9005 -0.3112
vn 0.2386 -0.9146 -0.3265
vn 0.0140 0.9995 -0.0283
vn -0.0086 0.9978 0.0664
vn 0.0223 0.9988 0.0432
vn -0.0195 0.9993 -0.0304
vn -0.8290 -0.5592 0.0074
vn -0.8125 -0.5830 0.0021
vn -0.7877 -0.5928 0.1678
vn -0.8131 -0.5790 0.0605
vn 0.0777 -0.9265 -0.3682
vn -0.0182 -0.9204 -0.3905
vn 0.0577 -0.9080 -0.4151
vn 0.1431 -0.9589 -0.2451
vn -0.0234 -0.9322 -0.3611
vn 0.1644 -0.9466 -0.2772
vn 0.0931 -0.9417 -0.3234
vn 0.0545 -0.9314 -0.3598
vn 0.1615 -0.9450 -0.2845
vn -0.3289 0.8569 -0.3970
vn -0.4134 0.8842 -0.2175
vn -0.2573 0.9409 -0.2202
vn 0.1475 -0.9338 -0.3259
vn 0.2092 -0.9221 -0.3255
vn 0.2570 -0.9235 -0.2849
vn -0.9466 0.3161 0.0630
vn -0.8902 0.0920 0.4462
vn -0.8943 0.3460 0.2838
vn 0.3083 -0.9324 -0.1887
vn 0.2324 -0.9349 -0.2682
vn 0.3900 -0.8436 -0.3692
vn -0.5316 0.7012 -0.4750
vn -0.9845 0.1716 -0.0357
vn -0.9818 0.1510 0.1147
vn -0.9765 0.1801 0.1184
vn 0.2185 -0.7299 0.6477
vn 0.0654 -0.7873 0.6131
vn 0.1919 -0.8293 0.5248
vn 0.2293 -0.8134 0.5346
vn 0.1953 -0.9794 0.0506
vn 0.1568 -0.9874 -0.0230
vn 0.2180 -0.9754 -0.0320
vn 0.1656 -0.9851 0.0456
vn 0.1443 -0.9895 0.0019
vn 0.1439 -0.9892 -0.0287
vn 0.1758 -0.9829 0.0555
vn 0.0756 -0.9947 0.0703
vn 0.1111 -0.9935 0.0265
vn 0.0283 0.9969 0.0738
vn 0.0493 0.9888 0.1407
vn 0.0909 0.9942 0.0573
vn -0.9017 0.4096 0.1386
vn -0.8107 0.5798 0.0806
vn -0.8346 0.4651 0.2953
vn 0.0710 -0.9974 0.0106
vn 0.4774 -0.0098 0.8787
vn 0.4468 -0.1442 0.8829
vn 0.6283 -0.4038 0.6650
vn -0.0536 -0.9976 0.0436
vn 0.0503 -0.9896 0.1348
vn -0.0478 -0.9939 0.0995
vn 0.0084 0.9995 -0.0314
vn 0.0180 0.9986 -0.0507
vn -0.0120 0.9992 -0.0375
vn -0.5443 -0.8244 -0.1549
vn -0.5025 -0.8527 -0.1432
vn -0.5231 -0.8421 -0.1312
vn -0.6006 -0.7834 -0.1601
vn 0.2471 0.1258 -0.9608
vn 0.2415 0.0729 -0.9677
vn 0.1628 0.0248 -0.9863
vn 0.2084 0.1642 -0.9642
vn -0.2045 -0.9667 0.1536
vn -0.2123 -0.9767 0.0320
vn -0.1818 -0.9830 0.0246
vn -0.2621 -0.9650 0.0046
vn -0.1368 -0.9905 -0.0126
vn -0.1542 -0.9877 0.0268
vn -0.2133 -0.9735 0.0827
vn -0.2408 -0.9698 -0.0392
vn -0.1466 -0.9892 -0.0083
vn -0.2723 -0.9622 0.0020
vn -0.2981 -0.9545 -0.0073
vn -0.9997 0.0000 0.0242
vn -0.6777 -0.7329 -0.0607
vn -0.5941 -0.8038 0.0304
vn -0.5846 -0.8113 0.0076
vn -0.6649 -0.7275 0.1694
vn -0.1151 -0.9932 0.0185
vn -0.2500 -0.9680 -0.0202
vn -0.1843 -0.9801 0.0737
vn -0.2647 -0.9622 -0.0646
vn -0.2632 -0.9647 0.0045
vn -0.6990 -0.6044 -0.3822
vn -0.5003 -0.7690 -0.3979
vn -0.4277 -0.8606 -0.2763
vn -0.4367 -0.8162 -0.3784
vn -0.2947 -0.8954 -0.3337
vn -0.4744 -0.8529 -0.2181
vn -0.3734 -0.9090 -0.1851
vn -0.3947 -0.8925 -0.2182
vn -0.4066 -0.8550 -0.3219
vn -0.9363 0.0586 -0.3464
vn -0.9463 0.1104 -0.3039
vn -0.9291 0.2117 -0.3033
vn -0.4564 -0.8871 -0.0693
vn -0.5237 -0.7860 -0.3286
vn -0.4233 -0.8423 -0.3337
vn -0.5612 -0.8198 -0.1140
vn -0.5111 -0.8211 -0.2539
vn -0.4085 -0.8730 -0.2664
vn 0.4848 -0.3411 -0.8054
vn 0.0849 0.4520 -0.8880
vn 0.4475 0.2260 -0.8652
vn 0.4533 0.0448 -0.8902
vn -0.4584 -0.7694 -0.4448
vn -0.3402 -0.6752 -0.6545
vn -0.3026 -0.8292 -0.4700
vn -0.5679 -0.6049 -0.5582
vn -0.3723 -0.7692 -0.5193
vn -0.3320 -0.8616 -0.3839
vn -0.3115 -0.8174 -0.4846
vn -0.1853 -0.8956 -0.4044
vn -0.3894 -0.8560 -0.3400
vn -0.3416 -0.7152 -0.6098
vn -0.1711 -0.7599 -0.6271
vn -0.2081 -0.8627 -0.4609
vn -0.1788 -0.7842 -0.5942
vn -0.0625 -0.8934 -0.4450
vn -0.2750 -0.8568 -0.4363
vn -0.3190 -0.7692 -0.5537
vn -0.1480 -0.6747 -0.7231
vn -0.1612 -0.8271 -0.5385
vn -0.0577 -0.9982 -0.0172
vn -0.0680 -0.9975 -0.0178
vn -0.0613 -0.9977 -0.0283
vn -0.7332 -0.6613 0.1585
vn -0.7323 -0.6805 -0.0238
vn -0.7238 -0.6891 -0.0359
vn -0.7530 -0.6394 0.1556
vn 0.2217 -0.6929 0.6861
vn 0.2422 -0.7085 0.6629
vn 0.2761 -0.7178 0.6392
vn -0.5223 -0.8446 0.1183
vn -0.4402 -0.8760 -0.1971
vn -0.4245 -0.9052 -0.0197
vn -0.7470 -0.5387 -0.3896
vn -0.3411 -0.3186 -0.8844
vn -0.0069 -0.8256 -0.5642
vn -0.1163 -0.7558 -0.6444
vn -0.0235 -0.7222 -0.6912
vn -0.0639 -0.8640 -0.4994
vn -0.0538 -0.7777 -0.6263
vn 0.0676 -0.8884 -0.4541
vn -0.1368 -0.8553 -0.4997
vn -0.3135 -0.9364 -0.1577
vn -0.3128 -0.9315 -0.1858
vn -0.3044 -0.9524 -0.0144
vn -0.3026 -0.9509 -0.0646
vn -0.3198 -0.9285 -0.1885
vn -0.3114 -0.9007 -0.3029
vn -0.3264 -0.9149 -0.2376
vn -0.3356 -0.9382 -0.0851
vn -0.3327 -0.9424 -0.0351
vn -0.2664 -0.9468 -0.1803
vn -0.3197 -0.9470 -0.0325
vn -0.3288 -0.9409 -0.0815
vn -0.2487 -0.9686 0.0006
vn 0.1967 0.8168 0.5423
vn 0.2500 0.8296 0.4993
vn -0.4266 -0.8869 -0.1773
vn -0.3810 -0.8912 -0.2462
vn -0.3328 -0.9235 -0.1907
vn -0.3565 -0.9324 -0.0594
vn -0.3305 -0.9383 -0.1020
vn -0.9568 -0.1770 -0.2306
vn -0.9634 -0.0861 -0.2540
vn -0.4182 0.9083 0.0051
vn -0.3946 0.9085 -0.1374
vn -0.4236 0.9015 -0.0883
vn -0.5080 0.8591 -0.0624
vn -0.3598 0.9330 0.0072
vn -0.2372 0.9606 0.1445
vn -0.2861 0.9333 0.2169
vn 0.3414 -0.0616 -0.9379
vn 0.1948 -0.5064 -0.8400
vn 0.1984 -0.8228 -0.5325
vn 0.1152 -0.8292 -0.5470
vn -0.0047 -0.8771 -0.4803
vn 0.1072 -0.8581 -0.5022
vn 0.1226 -0.8755 -0.4674
vn 0.0797 -0.8310 -0.5506
vn -0.0675 -0.7516 -0.6561
vn 0.1348 -0.7042 -0.6971
vn 0.1512 -0.7966 -0.5853
vn 0.1279 -0.9273 -0.3518
vn -0.6858 0.6934 0.2211
vn -0.6020 0.7387 0.3031
vn -0.5573 0.8105 0.1803
vn -0.6329 0.7491 0.1957
vn -0.3518 -0.9273 -0.1279
vn 0.1462 -0.9349 -0.3233
vn 0.1473 -0.9349 -0.3228
vn 0.1483 -0.9349 -0.3224
vn 0.1554 -0.9283 -0.3378
vn 0.1595 -0.9472 -0.2781
vn 0.2475 -0.8893 -0.3845
vn 0.3463 -0.8858 -0.3088
vn 0.1676 -0.8976 -0.4078
vn 0.1660 -0.8721 -0.4604
vn 0.2502 -0.9401 -0.2317
vn 0.1073 -0.8269 -0.5521
vn 0.1582 -0.7841 -0.6001
vn 0.3188 -0.8816 -0.3481
vn 0.1764 -0.8936 -0.4127
vn 0.3219 -0.8035 -0.5008
vn 0.3154 -0.8815 -0.3514
vn 0.3426 -0.7772 -0.5279
vn 0.3266 -0.8637 -0.3839
vn 0.3515 -0.7678 -0.5357
vn 0.5795 -0.6743 -0.4577
vn 0.4148 -0.8225 -0.3892
vn -0.7803 0.4984 0.3779
vn -0.7734 0.5034 0.3851
vn -0.7769 0.5003 0.3822
vn -0.6733 0.5667 0.4749
vn 0.6606 -0.5031 -0.5572
vn 0.7604 -0.5559 -0.3359
vn 0.4547 -0.8644 -0.2148
vn 0.8993 -0.4310 -0.0748
vn 0.6165 -0.6523 0.4408
vn 0.5184 -0.8297 -0.2068
vn 0.9262 -0.3698 0.0736
vn 0.6010 -0.7984 0.0370
vn 0.6514 -0.7349 -0.1888
vn 0.7290 -0.4626 -0.5046
vn 0.8892 -0.4335 -0.1459
vn 0.5014 -0.8650 -0.0212
vn 0.0595 -0.9965 0.0588
vn 0.0597 -0.9982 0.0090
vn 0.1474 -0.9891 0.0028
vn -0.9983 0.0045 0.0587
vn -0.9988 -0.0418 0.0262
vn -0.9984 -0.0000 0.0568
vn -0.1789 0.9533 0.2435
vn -0.2260 0.9491 0.2193
vn -0.3024 0.9068 0.2937
vn -0.1333 0.9242 0.3579
vn -0.9117 -0.4069 0.0575
vn 0.1139 0.9831 0.1430
vn 0.1552 0.9667 0.2034
vn 0.1850 0.9793 0.0823
vn 0.0526 -0.9982 0.0300
vn 0.0336 -0.9990 -0.0296
vn -0.0121 -0.9977 -0.0672
vn 0.0395 -0.9981 -0.0478
vn 0.0505 -0.9980 -0.0387
vn -0.1650 -0.9859 0.0278
vn 0.0254 -0.9975 0.0653
vn -0.0832 -0.9959 0.0351
vn 0.0667 0.9831 0.1702
vn 0.0884 0.9667 0.2401
vn 0.1624 0.9655 0.2036
vn 0.1525 0.9793 0.1332
vn -0.2776 -0.9426 0.1859
vn -0.2875 -0.9547 0.0772
vn -0.2194 -0.9647 0.1456
vn -0.2542 -0.9549 0.1536
vn -0.2689 -0.9586 0.0938
vn -0.2647 -0.9626 0.0575
vn -0.9871 0.1561 0.0353
vn -0.9866 0.1626 0.0105
vn -0.9758 0.1665 -0.1420
vn -0.9781 0.1523 -0.1417
vn -0.2752 -0.9579 0.0815
vn -0.2805 -0.9587 0.0462
vn -0.1622 -0.9862 0.0323
vn -0.2583 0.9661 0.0045
vn -0.4083 0.9128 0.0023
vn -0.3144 0.9416 0.1204
vn -0.3127 0.9447 0.0992
vn -0.2543 -0.9651 0.0619
vn -0.2853 -0.9573 0.0459
vn -0.3148 -0.9482 0.0419
vn -0.4006 -0.9144 0.0578
vn -0.2545 -0.9669 0.0199
vn -0.2786 -0.9583 -0.0641
vn -0.2769 -0.9609 0.0049
vn -0.3576 -0.9319 0.0601
vn -0.3645 -0.9291 0.0629
vn -0.3066 -0.9518 0.0060
vn -0.3092 -0.9478 -0.0782
vn -0.3076 -0.9515 0.0060
vn -0.2780 -0.9605 0.0097
vn -0.3327 -0.9430 0.0061
vn -0.3137 -0.9495 0.0062
vn -0.2992 -0.9540 0.0186
vn -0.3144 -0.9493 0.0062
vn -0.3198 -0.9475 0.0064
vn -0.8480 0.5217 0.0936
vn -0.9100 0.4020 0.1019
vn -0.9165 0.3858 0.1058
vn -0.3563 -0.9344 0.0024
vn -0.3655 -0.9308 -0.0059
vn -0.4066 -0.9134 -0.0198
vn -0.3907 -0.9205 -0.0085
vn -0.9760 -0.0658 -0.2075
vn -0.9866 -0.0905 -0.1358
vn -0.9802 -0.0655 -0.1868
vn 0.4706 0.0000 0.8823
vn -0.3177 -0.9482 0.0083
vn -0.2701 -0.9611 0.0573
vn -0.3153 -0.9490 0.0075
vn -0.2798 -0.9576 -0.0684
vn -0.3586 -0.9310 0.0686
vn -0.5995 -0.7544 -0.2673
vn -0.8046 -0.4348 -0.4044
vn -0.7063 -0.5476 -0.4487
vn 0.0571 0.9980 0.0282
vn 0.0647 0.9970 0.0433
vn 0.0740 0.9968 0.0291
vn 0.4014 0.0000 0.9159
vn -0.9903 -0.1178 -0.0740
vn -0.9661 -0.1338 -0.2208
vn -0.7693 -0.4990 0.3991
vn -0.3763 0.9264 -0.0145
vn -0.3684 0.9296 -0.0072
vn -0.4048 0.9044 -0.1349
vn -0.4711 0.8800 0.0609
vn -0.4944 0.8555 0.1536
vn -0.4677 0.8486 0.2472
vn -0.4754 0.8649 0.1610
vn 0.3351 -0.0136 -0.9421
vn 0.3545 -0.0570 -0.9333
vn -0.7480 -0.6625 -0.0408
vn -0.7531 -0.6212 -0.2166
vn -0.6488 -0.7491 -0.1334
vn -0.7112 -0.6629 -0.2340
vn -0.4323 -0.6325 -0.6427
vn -0.5398 -0.7903 -0.2898
vn -0.5732 -0.7922 -0.2093
vn -0.5842 -0.7936 -0.1699
vn -0.6577 -0.6995 -0.2797
vn -0.6383 -0.6616 -0.3936
vn -0.6711 -0.7011 -0.2410
vn -1.0000 0.0006 -0.0053
vn -1.0000 0.0015 -0.0077
vn -1.0000 -0.0000 -0.0055
vn -0.9871 -0.0083 0.1599
vn -0.2543 -0.4987 -0.8286
vn -0.1951 -0.6906 -0.6965
vn -0.4046 -0.5441 -0.7351
vn -0.1547 0.4546 -0.8771
vn -0.1946 0.2968 -0.9349
vn -0.3815 0.3904 -0.8379
vn -0.3545 0.5033 -0.7880
vn -0.2095 -0.3469 -0.9142
vn -0.1600 -0.4046 -0.9004
vn -0.2412 -0.4130 -0.8782
vn -0.4590 -0.8867 -0.0551
vn -0.5157 -0.8487 -0.1171
vn -0.3690 -0.9070 -0.2029
vn -0.3552 0.9328 -0.0612
vn -0.4170 0.9044 -0.0905
vn -0.5022 0.8575 -0.1112
vn -0.4797 -0.8715 -0.1021
vn -0.4654 -0.8758 -0.1275
vn -0.4568 -0.8827 -0.1105
vn 0.0439 -0.3463 -0.9371
vn 0.1090 -0.3944 -0.9124
vn -0.0242 -0.4011 -0.9157
vn -0.1625 -0.3643 -0.9170
vn -0.0883 -0.3474 -0.9335
vn -0.0278 -0.4103 -0.9115
vn -0.4982 -0.8522 -0.1600
vn -0.5307 -0.8322 -0.1604
vn -0.5038 -0.8324 -0.2308
vn -0.3824 -0.9191 -0.0949
vn -0.9278 0.0000 -0.3732
vn -0.4690 -0.8646 -0.1802
vn -0.5087 -0.8564 -0.0882
vn -0.4857 -0.8527 -0.1921
vn -0.5286 0.8410 -0.1156
vn -0.3573 0.9272 -0.1124
vn -0.5234 0.8419 -0.1312
vn -0.5499 0.8336 -0.0519
vn -0.4868 -0.8648 -0.1228
vn -0.5082 -0.8541 -0.1105
vn 0.3401 -0.7817 -0.5228
vn 0.2986 -0.8234 -0.4826
vn 0.3739 -0.7388 -0.5606
vn 0.3456 -0.6921 -0.6336
vn 0.3540 -0.7268 -0.5886
vn 0.3304 -0.7780 -0.5343
vn -0.3647 0.9311 0.0055
vn 0.2249 -0.7560 -0.6148
vn 0.1504 -0.7547 -0.6386
vn 0.4520 -0.8903 0.0555
vn 0.3471 -0.9364 0.0512
vn 0.3380 -0.9385 -0.0696
vn 0.4587 -0.8835 -0.0955
vn 0.3344 -0.8214 -0.4620
vn 0.3383 -0.7755 -0.5331
vn 0.1939 -0.8213 -0.5365
vn 0.3771 0.9257 -0.0305
vn 0.3051 0.9518 -0.0316
vn 0.2829 0.9579 0.0490
vn 0.3907 0.9189 0.0544
vn 0.1301 -0.6694 -0.7314
vn 0.2258 -0.7284 -0.6469
vn 0.0952 -0.6498 -0.7542
vn 0.1062 -0.7629 -0.6377
vn 0.2474 -0.9253 -0.2875
vn 0.1142 -0.8917 -0.4379
vn -0.6118 -0.3518 -0.7085
vn -0.5835 -0.4696 -0.6626
vn -0.6203 -0.5602 -0.5490
vn -0.7178 -0.2521 -0.6490
vn 0.5008 -0.7489 -0.4340
vn 0.6997 -0.6461 -0.3048
vn 0.4745 -0.6003 -0.6438
vn 0.2413 -0.8683 0.4334
vn 0.2744 -0.9050 0.3250
vn 0.3788 -0.8112 0.4455
vn 0.3331 -0.7407 -0.5834
vn 0.3331 -0.7398 -0.5846
vn 0.2905 -0.7556 -0.5870
vn 0.2924 -0.6762 -0.6762
vn 0.3370 -0.7072 -0.6216
vn 0.3814 -0.5497 -0.7432
vn 0.3767 -0.4872 -0.7879
vn 0.3052 -0.5429 -0.7823
vn 0.4093 -0.3210 -0.8541
vn 0.3862 -0.4450 -0.8079
vn 0.3628 0.3906 -0.8461
vn 0.4136 0.3401 -0.8446
vn 0.4976 0.3121 -0.8093
vn 0.3842 0.2871 -0.8775
vn 0.7235 -0.4066 -0.5579
vn 0.7228 -0.5124 -0.4637
vn 0.6713 -0.6099 -0.4212
vn -0.9990 0.0000 -0.0454
vn 0.6319 -0.5580 -0.5379
vn 0.7351 -0.4832 -0.4756
vn 0.6764 -0.5947 -0.4347
vn -0.9138 0.0000 0.4061
vn 0.5992 0.7656 0.2341
vn 0.9309 0.3587 -0.0695
vn 0.9438 0.3049 -0.1277
vn 0.7484 0.3779 -0.5450
vn -0.0115 0.9968 -0.0796
vn -0.0105 0.9941 -0.1083
vn -0.0256 0.9970 -0.0724
vn 0.8582 -0.5134 -0.0019
vn 0.8327 -0.5355 -0.1410
vn 0.7637 -0.6336 0.1235
vn 0.8315 -0.5508 -0.0725
vn 0.9250 -0.3671 0.0979
vn 0.8540 -0.5201 0.0145
vn 0.8707 -0.4859 -0.0755
vn 0.7134 -0.7007 0.0124
vn 0.7084 -0.6972 0.1099
vn 0.6462 -0.7631 0.0113
vn 0.6203 -0.7375 0.2672
vn 0.6723 -0.7400 0.0193
vn 0.8799 -0.4727 0.0488
vn 0.7330 -0.6773 0.0628
vn 0.5887 -0.8017 0.1035
vn -0.3023 0.7965 0.5236
vn -0.3818 0.6557 0.6514
vn -0.1746 0.6484 0.7410
vn -0.1125 0.7830 0.6117
vn -0.4684 0.8631 0.1888
vn -0.5059 0.8441 0.1776
vn -0.4432 0.7965 0.4112
vn -0.3244 0.9190 0.2242
vn -0.0134 0.9982 0.0588
vn -0.0705 0.9861 0.1502
vn 0.0362 0.9848 0.1701
vn 0.0144 0.9941 0.1077
vn -0.0244 -0.9984 0.0511
vn 0.0305 -0.9988 0.0383
vn 0.0855 -0.9960 0.0259
vn 0.0139 -0.9965 -0.0819
vn 0.0176 -0.9965 0.0823
vn -0.1572 -0.9826 0.0987
vn 0.0010 -0.9960 -0.0897
vn -0.0336 -0.9954 -0.0897
vn 0.0280 -0.9962 0.0821
vn -0.3436 -0.9391 0.0069
vn -0.3521 -0.9360 -0.0024
vn 0.2604 0.9483 0.1815
vn 0.2456 0.9664 0.0759
vn 0.3053 0.4437 0.8426
vn 0.4180 0.3406 0.8422
vn -0.0647 -0.9015 0.4280
vn -0.1235 -0.9449 0.3031
vn -0.0649 -0.9311 -0.3589
vn -0.0404 -0.9612 -0.2729
vn -0.1296 -0.9287 -0.3474
vn -0.3474 -0.9189 0.1867
vn -0.3062 -0.9364 0.1717
vn -0.2350 -0.9585 0.1616
vn -0.1915 -0.9562 0.2214
vn -0.1965 -0.9540 0.2266
vn -0.2088 -0.9665 0.1495
vn -0.2570 -0.9662 0.0215
vn -0.2532 -0.9651 0.0672
vn -0.2350 -0.9539 0.1868
vn -0.3845 -0.8970 0.2182
vn -0.3187 -0.9478 0.0091
vn -0.3398 -0.9392 0.0498
vn -0.3153 -0.9490 0.0091
vn -0.3603 -0.9310 0.0576
vn -0.3051 -0.9374 0.1677
vn -0.3258 -0.9454 0.0063
vn -0.3437 -0.9317 0.1176
vn -0.2874 -0.9522 0.1034
vn -0.3692 -0.9218 0.1185
vn -0.3666 -0.9156 0.1652
vn -0.3585 -0.9200 0.1585
vn -0.3817 -0.9168 0.1175
vn -0.3559 -0.9292 0.0994
vn -0.3474 -0.9328 0.0956
vn -0.3290 -0.9420 0.0664
vn -0.4093 0.9120 0.0272
vn -0.5798 0.8139 0.0372
vn -0.4780 0.8625 0.1665
vn -0.4530 0.8801 0.1424
vn -0.3207 -0.9446 -0.0699
vn -0.3162 -0.9462 -0.0688
vn -0.3961 -0.9182 0.0090
vn -0.3414 -0.9380 -0.0608
vn -0.3349 -0.9405 -0.0583
vn -0.4236 -0.9057 0.0150
vn -0.4709 -0.8819 0.0238
vn -0.3932 -0.9160 0.0791
vn -0.4011 -0.9145 0.0536
vn -0.3878 -0.9177 0.0860
vn -0.4058 -0.9114 0.0678
vn -0.4306 -0.9007 0.0579
vn -0.4355 -0.8973 0.0718
vn -0.4594 -0.8862 0.0603
vn 0.3426 -0.0079 -0.9394
vn -0.2736 -0.9452 0.1781
vn -0.4600 -0.8851 0.0713
vn -0.4361 -0.8987 0.0457
vn -0.3141 -0.9494 0.0066
vn -0.3055 -0.9521 -0.0114
vn -0.2801 -0.9600 -0.0054
vn -0.4335 -0.8968 0.0883
vn -0.4472 -0.8916 0.0717
vn -0.3615 -0.9290 0.0792
vn -0.3530 -0.9356 0.0071
vn -0.3550 -0.9348 -0.0056
vn 0.2705 -0.9619 0.0388
vn 0.1976 -0.9795 0.0390
vn 0.1942 -0.9807 -0.0207
vn 0.2667 -0.9635 -0.0228
vn -0.3813 -0.9127 0.1467
vn -0.3967 -0.9141 0.0841
vn -0.3892 -0.9176 0.0809
vn -0.3865 0.9117 -0.1393
vn -0.3947 0.8994 -0.1878
vn 0.2398 -0.1351 -0.9614
vn 0.3005 -0.1705 -0.9384
vn -0.2967 -0.9480 0.1148
vn -0.4430 -0.8963 -0.0209
vn -0.4112 -0.9114 -0.0172
vn -0.9146 -0.3718 -0.1590
vn -0.8753 -0.4518 -0.1723
vn -0.8524 -0.5075 -0.1257
vn -0.9618 -0.2292 -0.1498
vn -0.4865 -0.8737 -0.0021
vn -0.4967 -0.8677 -0.0202
vn -0.5734 -0.8183 -0.0396
vn -0.5364 -0.8437 -0.0228
vn -0.5587 -0.8292 -0.0146
vn -0.5429 -0.8390 -0.0351
vn -0.5746 -0.8184 -0.0018
vn -0.5814 -0.8131 -0.0282
vn -0.5873 -0.8083 -0.0408
vn -0.7047 -0.6854 -0.1834
vn -0.7209 -0.6696 -0.1785
vn -0.6844 -0.7279 0.0431
vn -0.6921 -0.7212 0.0281
vn -0.5856 -0.8094 0.0431
vn -0.5807 -0.8141 0.0064
vn -0.4654 -0.8764 0.1233
vn -0.4511 -0.8885 0.0846
vn -0.3767 -0.9262 0.0127
vn -0.4385 -0.8952 0.0792
vn -0.6182 0.0797 -0.7820
vn -0.6224 -0.0010 -0.7827
vn -0.7726 -0.4357 -0.4618
vn -0.7550 -0.4343 -0.4913
vn -0.7839 -0.4483 -0.4295
vn -0.5806 -0.7936 -0.1819
vn -0.6281 -0.7022 -0.3354
vn -0.4609 -0.6084 -0.6461
vn -0.6906 -0.6321 -0.3514
vn -0.5001 -0.5657 -0.6556
vn -0.7651 -0.5214 -0.3778
vn -0.8175 -0.2768 -0.5050
vn -0.7986 -0.2782 -0.5336
vn -0.8288 -0.0911 -0.5520
vn -0.8091 -0.0959 -0.5797
vn -0.8185 -0.0020 -0.5745
vn -0.8053 -0.0284 -0.5921
vn -0.8126 -0.0024 -0.5828
vn -0.8247 -0.0290 -0.5648
vn -0.7570 0.0084 -0.6534
vn -0.7313 -0.1694 -0.6607
vn -0.8219 -0.0976 -0.5613
vn -0.7420 0.0000 -0.6704
vn -0.6770 -0.0918 -0.7302
vn -0.7854 -0.1513 -0.6002
vn -0.7429 -0.1006 -0.6618
vn -0.6720 -0.0292 -0.7399
vn -0.6496 -0.0021 -0.7603
vn -0.6914 -0.7222 -0.0199
vn -0.6999 -0.7135 -0.0321
vn -0.6060 -0.7955 0.0007
vn -0.6601 -0.7511 -0.0057
vn -0.5552 0.0461 -0.8305
vn -0.5259 -0.2146 -0.8230
vn -0.6805 -0.0799 -0.7284
vn -0.7289 0.6801 0.0789
vn -0.7233 0.6866 0.0736
vn -0.6870 0.7267 -0.0014
vn -0.8384 0.5101 -0.1923
vn -0.5908 -0.8051 -0.0523
vn -0.6327 -0.7531 -0.1805
vn -0.5910 -0.7889 -0.1683
vn -0.1286 0.9912 0.0306
vn -0.1328 0.9909 -0.0232
vn -0.1866 0.9806 -0.0593
vn -0.2515 0.9677 0.0163
vn -0.5355 -0.8445 -0.0068
vn -0.5428 -0.8392 -0.0331
vn -0.5687 0.0063 -0.8225
vn 0.3483 -0.1375 -0.9272
vn -0.3026 -0.5570 -0.7734
vn -0.2655 0.5348 -0.8022
vn -0.1474 0.4286 -0.8914
vn -0.2065 0.3818 -0.9009
vn -0.3887 -0.0922 -0.9167
vn -0.2259 -0.1521 -0.9622
vn -0.4097 -0.2650 -0.8729
vn -0.5481 -0.1372 -0.8251
vn -0.4528 -0.0279 -0.8912
vn 0.3032 -0.3176 -0.8984
vn -0.4332 -0.0022 -0.9013
vn -0.0605 -0.1367 -0.9888
vn 0.1688 -0.0581 -0.9839
vn 0.1100 -0.2488 -0.9623
vn -0.1328 0.0828 -0.9877
vn -0.1694 -0.1025 -0.9802
vn -0.1998 -0.0315 -0.9793
vn 0.0299 0.9078 0.4184
vn 0.0612 0.9282 0.3669
vn 0.1053 0.9308 0.3501
vn 0.0216 0.9441 0.3288
vn -0.1326 -0.0927 -0.9868
vn -0.2041 -0.1195 -0.9716
vn -0.3047 0.0324 -0.9519
vn -0.1804 -0.0014 -0.9836
vn -0.1996 -0.0760 -0.9769
vn 0.0640 -0.0924 -0.9937
vn 0.1267 -0.1478 -0.9809
vn 0.1254 -0.0916 -0.9879
vn 0.1658 -0.3480 -0.9227
vn 0.2159 -0.3518 -0.9108
vn 0.1140 -0.3492 -0.9301
vn 0.0572 -0.1377 -0.9888
vn 0.1307 0.0924 -0.9871
vn 0.1224 -0.0913 -0.9883
vn 0.1272 -0.9283 0.3493
vn 0.1142 -0.9355 0.3342
vn 0.1220 -0.9182 0.3768
vn 0.0202 -0.9993 -0.0323
vn 0.0215 -0.9984 -0.0531
vn 0.0345 -0.9983 -0.0475
vn -0.7667 -0.6319 -0.1136
vn -0.7564 -0.6409 -0.1307
vn -0.7094 -0.7043 -0.0284
vn -0.7362 -0.6624 -0.1391
vn -0.6669 -0.7258 -0.1687
vn -0.7164 -0.6977 -0.0018
vn -0.7197 -0.6664 -0.1947
vn -0.6360 -0.7603 -0.1323
vn -0.6491 -0.7554 -0.0894
vn -0.7641 -0.6336 -0.1212
vn -0.7034 -0.6969 -0.1398
vn -0.6623 -0.7426 -0.0995
vn 0.1397 0.9112 -0.3877
vn 0.1085 0.8948 -0.4331
vn 0.3801 -0.6519 -0.6562
vn 0.3272 -0.6733 -0.6631
vn 0.1286 -0.6807 -0.7211
vn 0.1709 -0.6552 -0.7359
vn 0.1769 -0.6960 -0.6959
vn 0.2526 -0.6731 -0.6951
vn 0.1278 -0.5412 -0.8311
vn 0.1142 -0.7107 -0.6942
vn -0.8315 0.5536 0.0467
vn -0.8683 0.4939 0.0461
vn -0.8231 0.5246 0.2173
vn 0.2290 -0.3180 -0.9200
vn 0.2644 -0.5439 -0.7964
vn 0.1840 -0.4811 -0.8572
vn 0.3225 -0.4933 -0.8078
vn 0.2026 -0.5499 -0.8103
vn 0.1651 -0.5824 -0.7959
vn 0.1963 -0.4422 -0.8752
vn 0.1481 -0.7470 -0.6481
vn 0.1477 -0.6357 -0.7577
vn 0.4304 -0.1157 -0.8952
vn 0.6738 -0.2010 -0.7110
vn 0.5367 -0.2683 -0.8000
vn -0.8085 0.4467 -0.3831
vn -0.9916 0.1065 0.0738
vn -0.0048 -0.3959 -0.9183
vn 0.1914 -0.4295 -0.8826
vn 0.2189 -0.5448 -0.8095
vn 0.0665 -0.7021 -0.7089
vn 0.3083 -0.6540 -0.6908
vn 0.3131 -0.6473 -0.6949
vn 0.3098 -0.5291 -0.7900
vn 0.3156 -0.5514 -0.7723
vn 0.3852 -0.5202 -0.7622
vn 0.3061 -0.4460 -0.8411
vn 0.3992 -0.4998 -0.7687
vn 0.1854 -0.5009 -0.8454
vn 0.1764 -0.4387 -0.8811
vn 0.3061 0.4460 -0.8411
vn 0.2762 0.3886 -0.8790
vn 0.9996 0.0000 -0.0294
vn 0.9986 0.0000 -0.0524
vn 0.0618 -0.5080 -0.8591
vn 0.5290 0.2639 -0.8065
vn 0.5888 -0.2302 -0.7748
vn -0.4330 0.9014 0.0007
vn 0.9999 -0.0000 0.0156
vn 1.0000 -0.0062 -0.0057
vn 0.9956 -0.0205 -0.0910
vn 0.9923 0.0210 0.1222
vn 0.8145 -0.1964 -0.5460
vn 0.8577 -0.4419 -0.2629
vn 0.6946 -0.3958 -0.6007
vn 0.9843 -0.1696 -0.0486
vn 0.8294 -0.5031 -0.2429
vn 0.9352 -0.1845 -0.3022
vn 0.1817 0.8473 0.4990
vn 0.2239 0.8108 0.5408
vn 0.1299 0.9004 0.4153
vn 0.9822 -0.1821 -0.0465
vn 0.9329 -0.3506 -0.0827
vn 0.9051 -0.3369 -0.2593
vn 0.9876 -0.1249 -0.0956
vn 0.9678 -0.2497 -0.0320
vn 0.9333 -0.3340 -0.1319
vn 0.9690 -0.2109 0.1288
vn 0.9023 -0.3827 0.1985
vn 0.9169 -0.3954 -0.0542
vn -0.3633 0.9311 0.0331
vn -0.3603 0.9323 0.0324
vn -0.3636 0.9302 0.0506
vn 0.9498 -0.2947 -0.1047
vn 0.9256 -0.3781 0.0156
vn 0.8746 -0.4573 -0.1610
vn 0.8647 -0.5022 0.0146
vn 0.7698 -0.6331 -0.0817
vn 0.7781 -0.6275 -0.0286
vn 0.7329 -0.6794 0.0355
vn 0.9123 -0.4094 -0.0043
vn 0.9203 -0.3553 0.1635
vn 0.9332 -0.3591 0.0157
vn 0.7989 -0.5687 -0.1956
vn 0.8124 -0.5827 -0.0224
vn 0.8391 -0.5204 0.1586
vn 0.8171 -0.5555 0.1540
vn 0.8925 -0.4383 0.1062
vn 0.9243 -0.3554 0.1393
vn 0.7498 -0.6520 0.1130
vn 0.8492 -0.5261 0.0459
vn 0.8135 -0.5355 0.2271
vn 0.7883 -0.6094 0.0855
vn 0.8002 -0.5536 0.2307
vn 0.5978 -0.5495 0.5837
vn 0.8422 -0.5260 0.1187
vn -0.2594 -0.9584 -0.1189
vn -0.3906 -0.9018 -0.1852
vn -0.3018 -0.9423 -0.1449
vn -0.2157 -0.9758 0.0344
vn 0.7304 -0.5067 0.4580
vn 0.6690 -0.6084 0.4270
vn 0.7276 -0.5104 0.4584
vn 0.7220 -0.5885 0.3638
vn 0.5660 -0.7297 0.3836
vn 0.5361 -0.8013 0.2654
vn 0.6832 -0.6560 0.3208
vn 0.5598 -0.7355 0.3817
vn 0.4613 -0.7371 0.4940
vn 0.6762 -0.6615 0.3241
vn 0.5611 -0.7302 0.3899
vn 0.5307 -0.6658 0.5244
vn 0.4457 -0.8109 0.3792
vn 0.5982 -0.6597 0.4549
vn 0.4511 -0.5966 0.6638
vn 0.4357 -0.8024 0.4078
vn 0.5548 -0.6273 0.5465
vn 0.2950 -0.8229 0.4857
vn 0.5048 -0.7593 0.4106
vn 0.3030 0.9491 0.0861
vn 0.4056 0.9068 0.1150
vn 0.3242 0.9458 0.0198
vn 0.1608 -0.9468 0.2789
vn 0.1276 -0.9572 0.2598
vn 0.1305 -0.9655 0.2255
vn 0.1172 -0.9605 0.2523
vn 0.1129 -0.9499 0.2916
vn 0.1264 -0.9618 0.2427
vn 0.0359 -0.9704 0.2388
vn 0.1433 -0.9643 0.2228
vn -0.1116 0.9861 0.1228
vn -0.0155 0.9848 0.1732
vn 0.0142 0.9937 0.1108
vn 0.0540 0.9948 0.0861
vn -0.0241 0.9946 0.1014
vn -0.0066 0.9982 -0.0592
vn -0.0206 0.9981 -0.0576
vn 0.0207 -0.9991 0.0381
vn 0.0591 -0.9951 0.0791
vn 0.0312 -0.9988 0.0383
vn -0.0172 -0.9976 0.0672
vn 0.0028 -0.9992 0.0402
vn 0.1338 -0.9898 0.0487
vn 0.0547 -0.9966 0.0622
vn -0.8153 -0.0798 -0.5736
vn -0.4551 0.0494 -0.8891
vn 0.3335 0.0620 -0.9407
vn 0.3415 0.0581 -0.9381
vn 0.3048 0.1201 -0.9448
vn -0.0406 0.9832 0.1781
vn -0.0650 0.9677 0.2435
vn 0.0151 0.9647 0.2630
vn 0.0220 0.9815 0.1904
vn -0.0769 0.9700 0.2304
vn -0.1134 0.9687 0.2209
vn -0.1539 0.9423 0.2972
vn -0.0437 0.9513 0.3051
vn 0.2930 -0.9449 0.1458
vn 0.3182 -0.9468 0.0480
vn 0.4331 -0.9010 0.0262
vn 0.8525 -0.4389 -0.2839
vn 0.9199 -0.3892 -0.0478
vn 0.6019 -0.7623 0.2379
vn 0.7484 -0.3779 -0.5450
vn -0.3818 -0.8989 0.2150
vn -0.9075 -0.4030 0.1189
vn -0.9704 -0.2176 0.1043
vn -0.8466 -0.5237 0.0954
vn -0.8621 -0.3978 0.3138
vn -0.4000 -0.9112 0.0989
vn -0.3812 -0.8962 0.2269
vn -0.3514 -0.9237 0.1527
vn -0.5831 0.8122 -0.0149
vn -0.5594 0.8089 -0.1811
vn -0.5898 0.8008 -0.1041
vn -0.6232 0.7820 0.0014
vn -0.6378 0.7619 0.1130
vn -0.5680 0.8188 0.0833
vn -0.6388 0.7685 0.0373
vn -0.6114 0.7685 0.1885
vn 0.2202 -0.5839 -0.7814
vn 0.1839 -0.7562 -0.6280
vn 0.1746 -0.7936 -0.5828
vn 0.0723 -0.8558 -0.5122
vn -0.9700 0.0000 -0.2433
vn -0.9737 -0.0033 -0.2277
vn -0.3994 -0.9167 0.0108
vn -0.3947 -0.9188 -0.0035
vn -0.3900 -0.9208 0.0092
vn -0.9972 -0.0012 -0.0750
vn -0.3563 -0.9343 0.0072
vn -0.4060 0.7464 -0.5273
vn -0.9426 -0.2950 0.1565
vn -0.9629 0.2686 -0.0250
vn -0.8240 0.5663 -0.0186
vn -0.4190 -0.9078 0.0187
vn -0.4296 -0.9030 0.0090
vn -0.5537 -0.8269 -0.0981
vn -0.4464 -0.8948 0.0084
vn -0.4259 -0.8884 -0.1711
vn -0.4378 0.8824 -0.1726
vn -0.4085 0.8970 -0.1687
vn -0.4022 0.8959 0.1888
vn -0.4414 0.8751 0.1983
vn -0.4912 -0.8710 0.0070
vn -0.9883 -0.0274 0.1497
vn -0.9983 0.0232 0.0532
vn -0.9675 -0.2483 0.0487
vn -0.9917 -0.1153 0.0572
vn -0.9602 -0.2386 -0.1455
vn -0.9371 -0.2592 -0.2338
vn -0.9396 -0.2617 -0.2208
vn -0.8218 -0.3990 -0.4068
vn -0.6965 -0.7137 0.0745
vn -0.6948 -0.7188 -0.0268
vn -0.6868 -0.7265 -0.0240
vn -0.7286 -0.6844 -0.0268
vn -0.7284 -0.6837 -0.0440
vn -0.7304 -0.6824 -0.0293
vn -0.6925 -0.7200 0.0459
vn -0.7225 -0.6679 -0.1786
vn -0.7753 -0.6296 -0.0491
vn -0.8318 -0.5375 -0.1386
vn -0.8159 -0.5378 -0.2125
vn -0.6840 -0.7213 -0.1087
vn 0.1726 0.8635 -0.4739
vn 0.1713 0.8446 -0.5073
vn -0.5858 -0.8104 -0.0090
vn -0.5144 -0.8570 0.0311
vn -0.4138 -0.9097 0.0358
vn -0.6273 -0.7788 0.0031
vn -0.3720 -0.9270 0.0477
vn -0.3995 -0.9158 0.0424
vn -0.3915 -0.9191 -0.0445
vn -0.4378 -0.8975 -0.0535
vn -0.5774 -0.8107 0.0973
vn -0.4415 -0.8875 -0.1316
vn -0.9083 -0.3960 -0.1350
vn -0.8643 -0.3636 -0.3476
vn -0.8244 -0.4332 -0.3642
vn 0.3503 0.0019 -0.9367
vn -0.4350 0.8872 -0.1538
vn -0.3916 0.9057 -0.1625
vn -0.3912 0.9203 0.0044
vn -0.8332 -0.3836 -0.3984
vn -0.8838 -0.2008 -0.4227
vn -0.8295 -0.4166 -0.3719
vn -0.8670 0.3242 -0.3784
vn -0.8218 0.2928 -0.4887
vn -0.8676 0.2521 -0.4285
vn -0.9008 0.1824 -0.3940
vn -0.2640 -0.9636 -0.0414
vn -0.2589 -0.9620 -0.0863
vn -0.2241 -0.9699 -0.0949
vn -0.2347 -0.9714 -0.0365
vn -0.7661 -0.5804 -0.2760
vn -0.9922 0.0847 -0.0912
vn -0.9885 0.1467 0.0365
vn -0.9722 0.1444 0.1843
vn -0.9684 0.1678 0.1844
vn -0.0186 0.9986 0.0489
vn -0.0748 0.9958 0.0519
vn 0.0045 0.9984 0.0557
vn -0.8788 -0.0000 -0.4773
vn -0.8767 0.0000 -0.4809
vn -0.8226 -0.0015 -0.5687
vn -0.8996 -0.0057 -0.4367
vn -0.8336 -0.0000 -0.5524
vn -0.8041 0.0645 -0.5910
vn -0.8336 0.0012 -0.5524
vn -0.7863 0.0000 -0.6179
vn -0.8233 0.0360 -0.5665
vn -0.7800 0.0023 -0.6258
vn -0.9564 0.2886 -0.0454
vn -0.7358 0.3492 -0.5803
vn -0.7969 -0.0175 -0.6039
vn -0.8890 0.2954 -0.3498
vn -0.8039 0.0846 -0.5888
vn -0.8720 0.1018 -0.4789
vn -0.7617 0.0407 -0.6467
vn -0.7645 0.0000 -0.6446
vn -0.7315 -0.0408 -0.6806
vn -0.7325 0.0000 -0.6808
vn -0.7346 -0.1266 -0.6666
vn -0.8126 0.0275 -0.5822
vn -0.6349 0.0191 -0.7724
vn -0.7099 0.0004 -0.7043
vn -0.6261 0.0380 -0.7788
vn -0.5872 -0.0358 -0.8087
vn -0.6710 -0.0181 -0.7412
vn -0.6745 0.0681 -0.7351
vn -0.8392 0.1184 -0.5308
vn -0.6147 -0.0002 -0.7888
vn -0.7965 0.0320 -0.6038
vn -0.6776 0.2308 -0.6983
vn -0.6672 -0.0248 -0.7444
vn -0.5303 -0.0810 -0.8439
vn -0.5331 0.0001 -0.8461
vn -0.5142 -0.1581 -0.8430
vn -0.7383 -0.6347 -0.2282
vn -0.6277 -0.6662 -0.4026
vn -0.6150 -0.7356 -0.2838
vn -0.4768 0.0007 -0.8790
vn -0.2077 -0.3781 0.9022
vn -0.4611 -0.3853 0.7993
vn -0.3671 -0.4530 0.8124
vn -0.2044 -0.5254 0.8260
vn -0.9474 -0.0273 -0.3188
vn -0.9371 -0.1915 -0.2918
vn -0.2971 0.0000 -0.9548
vn -0.2007 -0.0888 -0.9756
vn -0.2129 -0.0714 -0.9745
vn -0.5995 0.0454 -0.7991
vn -0.5997 0.0304 -0.7997
vn -0.5452 -0.0002 -0.8383
vn -0.2815 0.0002 -0.9595
vn -0.3938 -0.0567 -0.9174
vn -0.0741 0.0000 -0.9972
vn 0.0147 -0.9992 0.0381
vn 0.0709 -0.9966 0.0415
vn -0.0417 -0.9984 0.0379
vn -0.1446 0.0407 -0.9887
vn -0.0416 0.0000 -0.9991
vn 0.0589 -0.0850 -0.9946
vn 0.0501 -0.0682 -0.9964
vn -0.1443 0.0914 -0.9853
vn 0.2167 0.0000 -0.9762
vn 0.2164 0.0000 -0.9763
vn 0.9993 0.0364 -0.0075
vn 0.9867 -0.0022 -0.1625
vn 0.2438 -0.0462 -0.9687
vn -0.7844 0.6190 0.0400
vn -0.7553 0.6542 0.0392
vn -0.0620 -0.0248 -0.9978
vn 0.0651 0.0822 -0.9945
vn 0.0686 -0.0219 -0.9974
vn 0.1123 0.0450 -0.9927
vn 0.2031 0.0283 -0.9788
vn -0.0360 0.0834 -0.9959
vn -0.9133 -0.2969 -0.2789
vn -0.8827 -0.3733 -0.2853
vn -0.9628 -0.2701 -0.0019
vn -0.9152 -0.2938 0.2759
vn -0.9245 -0.3444 -0.1635
vn -0.8793 -0.4727 -0.0581
vn -0.9444 -0.1455 0.2947
vn -0.9444 -0.2560 0.2062
vn -0.9352 -0.2511 0.2498
vn -0.9233 -0.2610 0.2818
vn -0.7980 -0.5752 -0.1796
vn -0.7570 -0.6402 -0.1309
vn -0.8813 0.4368 -0.1804
vn -0.8607 0.4326 -0.2683
vn -0.8865 0.4320 -0.1656
vn -0.8883 0.4144 -0.1982
vn -0.8764 0.4394 -0.1971
vn -0.8366 0.5101 -0.1995
vn -0.9065 0.3815 -0.1808
vn -0.8117 -0.5564 -0.1778
vn -0.7841 -0.6094 -0.1177
vn -0.8101 -0.5589 -0.1773
vn -0.7737 -0.6213 -0.1243
vn -0.8201 -0.5468 -0.1687
vn -0.7830 -0.5952 -0.1809
vn -0.8318 -0.5396 -0.1302
vn -0.7706 0.6063 -0.1964
vn -0.7172 -0.6157 -0.3262
vn -0.6953 -0.6907 -0.1986
vn 0.5066 0.8215 -0.2617
vn 0.6773 0.6850 -0.2686
vn 0.5265 0.5946 -0.6076
vn 0.3376 0.8490 -0.4065
vn 0.2428 -0.4510 -0.8589
vn 0.2853 -0.5517 -0.7837
vn 0.1887 -0.9270 -0.3242
vn 0.2300 -0.9304 -0.2853
vn 0.1773 -0.9614 -0.2102
vn 0.1724 -0.9480 -0.2674
vn 0.4597 0.0000 -0.8881
vn 0.5677 -0.0168 -0.8231
vn 0.6815 -0.0749 -0.7279
vn 0.4338 -0.0575 -0.8992
vn 0.4300 -0.0003 -0.9028
vn 0.5674 -0.0189 -0.8233
vn -0.8214 0.0000 0.5703
vn -0.8536 0.0937 0.5125
vn -0.9468 -0.3156 0.0630
vn -0.9716 -0.2116 0.1060
vn 0.6610 0.0000 -0.7503
vn 0.6729 0.0000 -0.7397
vn 0.7615 -0.0116 -0.6481
vn 0.8470 -0.0696 -0.5270
vn 0.6527 -0.0563 -0.7555
vn 0.9413 0.0000 -0.3377
vn 0.9654 0.0000 -0.2607
vn -0.4172 -0.9083 0.0299
vn -0.3299 -0.9439 0.0114
vn -0.2645 -0.9641 0.0230
vn 0.9807 -0.0743 -0.1809
vn 0.9876 -0.1485 -0.0518
vn 0.8265 -0.0545 -0.5603
vn 0.9033 -0.0063 -0.4290
vn 0.9551 -0.0637 -0.2893
vn 0.2326 -0.9050 -0.3563
vn 0.3503 -0.8650 -0.3594
vn 0.2377 -0.9249 -0.2969
vn 0.3468 -0.9373 0.0355
vn 0.2609 -0.9648 0.0337
vn 0.2583 -0.9655 -0.0320
vn 0.3482 -0.9368 -0.0353
vn 0.9977 -0.0669 0.0098
vn 0.9973 -0.0693 0.0245
vn 0.9960 -0.0884 0.0146
vn 0.9963 -0.0856 0.0042
vn 0.9945 -0.1029 0.0168
vn 0.9938 -0.1099 0.0168
vn 0.9768 -0.2037 -0.0658
vn 0.9852 -0.1645 -0.0477
vn 0.9892 -0.1448 0.0227
vn 0.9718 -0.2333 0.0344
vn 0.9719 -0.1877 0.1423
vn 0.9646 -0.2438 0.1004
vn 0.9380 -0.3313 0.1025
vn 0.9435 -0.2878 0.1640
vn 0.9740 -0.2213 0.0487
vn 0.9541 -0.1445 0.2624
vn 0.9605 -0.2753 0.0395
vn 0.9824 -0.1600 0.0964
vn 0.9715 -0.1296 0.1987
vn 0.9163 -0.2864 0.2798
vn 0.9621 0.0000 0.2726
vn 0.9440 -0.0108 0.3298
vn 0.9002 -0.0275 0.4345
vn 0.9756 -0.0092 0.2196
vn 0.6746 -0.5627 0.4777
vn 0.9102 -0.2785 0.3064
vn 0.9695 -0.1902 0.1546
vn 0.9760 -0.0920 0.1974
vn -0.9268 0.0000 0.3757
vn -0.9267 0.0002 0.3759
vn -0.9268 -0.0003 0.3756
vn 0.9243 0.0034 0.3817
vn 0.8897 -0.0582 0.4528
vn 0.9201 0.0072 0.3916
vn 0.8902 0.0157 0.4553
vn 0.8879 -0.0556 0.4566
vn 0.8603 0.0000 0.5098
vn 0.8852 -0.0443 0.4630
vn 0.8608 0.0000 0.5089
vn 0.8590 0.0690 0.5073
vn 0.9802 0.0000 0.1982
vn 0.7658 -0.1838 0.6163
vn 0.8408 -0.0346 0.5403
vn 0.7658 -0.1838 0.6162
vn 0.7230 -0.3727 0.5818
vn 0.7938 -0.2787 0.5406
vn 0.0382 0.9986 0.0367
vn 0.0436 0.9974 0.0579
vn 0.0573 0.9972 0.0475
vn 0.0707 -0.9975 0.0004
vn 0.0570 -0.9983 -0.0094
vn 0.0826 -0.9964 -0.0174
vn 0.3480 -0.6623 0.6635
vn 0.3000 -0.8080 0.5071
vn 0.4801 -0.7922 0.3767
vn 0.7366 -0.3729 0.5642
vn 0.5947 -0.4383 0.6739
vn 0.5449 -0.2922 0.7860
vn 0.6185 -0.2789 0.7346
vn 0.2588 -0.7664 0.5879
vn 0.2507 -0.7946 0.5530
vn 0.3281 -0.7563 0.5660
vn 0.2409 -0.8144 0.5279
vn 0.2549 -0.8320 0.4928
vn 0.2925 -0.8107 0.5072
vn 0.0784 -0.1414 0.9868
vn -0.0008 -0.2382 0.9712
vn -0.0679 -0.3925 0.9172
vn -0.0141 -0.4016 0.9157
vn 0.3079 -0.8284 0.4678
vn 0.1625 -0.9450 0.2839
vn 0.3109 -0.8889 0.3364
vn 0.0685 -0.9012 0.4280
vn 0.1943 -0.9060 0.3761
vn 0.3014 -0.8965 0.3247
vn 0.2160 -0.8578 0.4663
vn 0.1706 -0.9567 0.2360
vn 0.2958 -0.9014 0.3161
vn -0.3552 -0.9328 -0.0612
vn -0.5022 -0.8576 -0.1113
vn -0.5408 -0.8194 -0.1903
vn -0.4170 -0.9044 -0.0905
vn 0.1613 -0.9307 0.3282
vn 0.1389 -0.9379 0.3179
vn 0.1675 -0.9424 0.2894
vn 0.1513 -0.9452 0.2893
vn 0.1359 -0.9515 0.2760
vn 0.1532 -0.9516 0.2665
vn 0.1312 -0.9547 0.2673
vn 0.1701 -0.9504 0.2605
vn 0.1151 -0.9341 0.3379
vn 0.0986 -0.9224 0.3735
vn 0.1167 -0.9389 0.3238
vn 0.0867 -0.9505 0.2984
vn 0.1567 -0.8864 0.4355
vn 0.0520 -0.9458 0.3206
vn 0.1227 -0.9470 0.2968
vn 0.1452 -0.9509 0.2735
vn 0.0344 -0.9729 0.2287
vn 0.1018 -0.9756 0.1946
vn 0.0809 -0.9739 0.2123
vn 0.1812 -0.9285 0.3240
vn 0.0228 -0.9615 0.2737
vn 0.1046 -0.9847 0.1394
vn 0.1037 -0.9530 0.2847
vn 0.0632 -0.9690 0.2387
vn 0.1087 -0.9601 0.2577
vn 0.0634 -0.9416 0.3307
vn 0.0465 -0.9703 0.2374
vn 0.0075 -0.9993 0.0364
vn 0.0583 -0.9965 0.0606
vn 0.0080 -0.9993 0.0363
vn 0.0442 -0.9959 0.0793
vn 0.0917 -0.9661 0.2414
vn 0.0750 -0.9583 0.2758
vn 0.0315 -0.9504 0.3095
vn 0.0819 -0.9508 0.2988
vn 0.0348 -0.9441 0.3277
vn 0.0849 -0.9427 0.3227
vn 0.0326 -0.9394 0.3412
vn 0.0812 -0.9347 0.3461
vn 0.1045 -0.9261 0.3625
vn 0.0720 -0.9479 0.3102
vn -0.4407 -0.6691 0.5984
vn -0.4957 -0.7301 0.4704
vn -0.3857 -0.8126 0.4370
vn -0.4954 -0.7371 0.4597
vn -0.6013 -0.7150 0.3566
vn -0.4326 -0.6859 0.5851
vn -0.2429 -0.6935 0.6783
vn -0.3299 -0.7514 0.5714
vn -0.4611 -0.7313 0.5026
vn -0.3489 -0.7301 0.5875
vn -0.4801 -0.6533 0.5854
vn -0.3768 -0.7997 0.4675
vn -0.5027 -0.7300 0.4631
vn -0.6069 -0.6830 0.4065
vn -0.5226 -0.7731 0.3594
vn -0.0361 -0.6974 0.7158
vn -0.1448 -0.7595 0.6342
vn -0.2901 -0.7417 0.6047
vn -0.1438 -0.5922 0.7929
vn -0.3398 -0.6714 0.6586
vn -0.2244 -0.8008 0.5553
vn -0.2401 -0.6658 0.7065
vn -0.3265 -0.7307 0.5995
vn -0.1819 -0.7606 0.6232
vn -0.1112 0.9938 0.0023
vn 0.0624 0.9978 -0.0228
vn 0.0529 0.9979 -0.0376
vn -0.1022 0.9943 0.0303
vn -0.8951 -0.4446 0.0336
vn -0.7238 -0.6808 0.1123
vn -0.7081 -0.6967 0.1147
vn -0.7586 -0.6370 0.1369
vn -0.7131 -0.6925 0.1087
vn -0.7293 -0.6604 0.1788
vn -0.7913 -0.5853 0.1769
vn -0.7319 -0.6716 0.1151
vn -0.7985 -0.5836 0.1476
vn -0.8894 -0.4049 0.2122
vn -0.8273 -0.5442 0.1393
vn -0.8664 0.4224 0.2665
vn -0.8658 0.4261 0.2622
vn -0.8648 0.4271 0.2640
vn -0.0737 -0.9971 0.0210
vn -0.5702 -0.8215 0.0012
vn -0.4467 -0.8946 0.0104
vn -0.4332 -0.9012 0.0119
vn -0.5077 -0.8471 0.1573
vn -0.5200 -0.8377 0.1669
vn -0.5007 -0.8655 0.0148
vn -0.4453 -0.8941 0.0487
vn -0.5772 -0.8164 0.0203
vn -0.6434 -0.7651 0.0248
vn -0.6867 -0.7264 0.0275
vn -0.5290 -0.8480 -0.0311
vn -0.8278 -0.5578 0.0597
vn -0.6921 -0.7213 0.0278
vn -0.7013 -0.6703 0.2425
vn -0.7301 -0.6827 0.0299
vn -0.7807 -0.6238 0.0382
vn -0.8092 -0.5862 0.0396
vn -0.7942 -0.6068 0.0332
vn -0.8296 -0.5550 0.0607
vn -0.8341 -0.5505 0.0352
vn -0.8523 -0.5218 0.0360
vn -0.9033 -0.4277 0.0333
vn -0.8463 -0.5311 0.0413
vn -0.9560 -0.2896 -0.0471
vn -0.9126 -0.4076 0.0323
vn -0.9023 -0.4294 0.0381
vn -0.9656 -0.2486 -0.0765
vn -0.9452 -0.3255 0.0265
vn -0.9841 -0.1759 0.0248
vn -0.9530 -0.3022 0.0204
vn -0.9549 -0.2963 0.0171
vn -0.9490 -0.3153 0.0060
vn -0.8790 -0.4767 0.0042
vn -0.8315 -0.5556 0.0038
vn -0.7682 -0.6402 0.0037
vn -0.7414 -0.6710 -0.0084
vn -0.5944 -0.8041 -0.0072
vn -0.6638 -0.7479 0.0040
vn -0.5368 -0.8433 0.0284
vn -0.5591 -0.8291 -0.0064
vn -0.5596 -0.8287 0.0054
vn -0.5346 -0.8451 0.0060
vn -0.5894 -0.8078 0.0104
vn -0.6106 -0.7919 -0.0071
vn -0.5871 -0.8095 0.0029
vn -0.9658 0.0000 -0.2592
vn -0.7036 -0.7085 -0.0536
vn -0.7007 -0.7112 -0.0568
vn -0.5488 -0.8352 -0.0353
vn -0.6203 -0.7837 -0.0341
vn -0.7319 -0.6800 -0.0438
vn -0.7235 -0.6895 -0.0323
vn -0.6873 -0.7057 -0.1723
vn -0.6681 -0.7207 -0.1849
vn -0.7059 -0.7011 -0.1011
vn -0.7886 -0.6133 -0.0446
vn -0.8062 -0.5910 0.0269
vn -0.9235 -0.3804 -0.0499
vn -0.8625 -0.5034 -0.0521
vn -0.8128 -0.5745 0.0965
vn -0.8318 -0.5531 0.0467
vn -0.8178 -0.5742 0.0394
vn -0.9396 -0.3343 -0.0738
vn -0.9680 -0.2283 -0.1047
vn -0.8325 -0.3052 -0.4624
vn -0.9720 -0.2061 -0.1132
vn -0.9575 -0.2468 -0.1493
vn -0.8283 -0.5594 -0.0308
vn 0.0950 -0.9955 0.0011
vn 0.0774 -0.9969 -0.0110
vn 0.1102 -0.9938 -0.0154
vn -0.6432 -0.7649 0.0355
vn -0.6563 -0.7532 0.0432
vn -0.5771 -0.8162 0.0261
vn -0.5413 -0.8315 -0.1247
vn -0.6306 -0.7710 0.0891
vn -0.8705 -0.4279 -0.2432
vn -0.8810 -0.3569 -0.3106
vn -0.7568 -0.5036 -0.4167
vn -0.9153 0.2469 -0.3182
vn -0.8768 0.2875 -0.3855
vn -0.8995 0.2012 -0.3879
vn -0.6044 -0.7727 0.1942
vn -0.6417 -0.7664 -0.0288
vn -0.5788 -0.8138 0.0528
vn -0.5730 -0.8186 0.0397
vn -0.9485 -0.1842 -0.2578
vn -0.8450 -0.1811 -0.5032
vn -0.8329 -0.3377 -0.4385
vn -0.9429 0.0768 -0.3240
vn -0.9168 0.1431 -0.3728
vn -0.9217 -0.0055 -0.3879
vn -0.9150 -0.0051 -0.4035
vn -0.9474 0.0273 -0.3188
vn -0.9277 -0.0073 -0.3733
vn -0.9078 0.0000 -0.4194
vn -0.9087 0.0000 -0.4175
vn -0.7594 0.3784 -0.5293
vn -0.3541 0.2199 -0.9090
vn -0.8288 0.0911 -0.5520
vn -0.8996 0.0056 -0.4367
vn -0.8967 -0.0585 -0.4388
vn -0.8676 -0.1502 -0.4740
vn -0.8921 -0.1331 -0.4317
vn -0.9243 0.3049 -0.2297
vn -0.8205 0.3473 -0.4541
vn -0.7347 0.4838 -0.4755
vn -0.2281 0.9666 -0.1172
vn -0.1941 0.9733 -0.1228
vn -0.2136 0.9653 -0.1504
vn -0.2505 0.9589 -0.1331
vn -0.6658 0.5436 -0.5110
vn -0.5171 0.6087 -0.6018
vn -0.7817 0.5004 -0.3721
vn -0.6470 0.6151 -0.4507
vn -0.5914 0.5366 -0.6019
vn -0.4674 0.5031 -0.7270
vn -0.6167 -0.3402 -0.7099
vn -0.4352 -0.3111 -0.8449
vn -0.5539 -0.3909 -0.7352
vn -0.6315 -0.5440 -0.5526
vn -0.5818 0.5566 -0.5930
vn -0.6379 0.0057 -0.7701
vn -0.6182 0.0915 -0.7807
vn 0.0331 0.9990 -0.0297
vn 0.0495 0.9984 -0.0266
vn 0.0184 0.9988 -0.0445
vn -0.3465 -0.1322 -0.9287
vn -0.6656 0.6948 -0.2725
vn -0.3664 0.3790 -0.8498
vn 0.0478 -0.9983 0.0334
vn 0.0001 -0.9980 0.0634
vn -0.1326 0.0927 -0.9868
vn -0.1038 0.1858 -0.9771
vn 0.1364 0.2675 -0.9538
vn 0.0788 -0.0731 -0.9942
vn -0.1144 0.5947 -0.7958
vn -0.0793 0.5398 -0.8381
vn -0.1246 0.4832 -0.8666
vn 0.0868 0.4236 -0.9017
vn 0.0671 0.2390 -0.9687
vn -0.0883 0.3474 -0.9335
vn -0.5077 0.2471 -0.8253
vn 0.0821 0.4396 -0.8944
vn 0.1604 0.0051 -0.9870
vn -0.5536 0.7721 -0.3121
vn -0.4351 0.8554 -0.2809
vn -0.6592 0.6006 -0.4525
vn -0.6094 0.7357 -0.2955
vn 0.2459 -0.0038 -0.9693
vn -0.3062 0.9454 -0.1113
vn -0.2799 0.9544 -0.1040
vn 0.2807 -0.0017 -0.9598
vn -0.4671 -0.8842 -0.0033
vn -0.5571 -0.8303 0.0142
vn -0.4277 -0.9038 -0.0134
vn -0.4321 -0.9018 0.0017
vn 0.9351 0.0233 0.3536
vn 0.9115 0.0479 0.4086
vn 0.8902 -0.0153 0.4553
vn 0.9228 -0.0862 0.3755
vn -0.1385 0.5512 -0.8228
vn 0.1238 0.5281 -0.8401
vn 0.0407 0.4940 -0.8685
vn -0.9921 -0.0665 -0.1060
vn -0.9900 -0.0618 -0.1267
vn -0.9788 -0.1618 -0.1256
vn -0.5370 0.8429 -0.0338
vn -0.5273 0.8493 -0.0261
vn -0.6850 0.7219 -0.0981
vn -0.6273 0.7776 0.0441
vn -0.9453 -0.2179 -0.2425
vn -0.9559 -0.2398 -0.1696
vn -0.9892 -0.1247 -0.0770
vn -0.9983 0.0017 -0.0580
vn -0.9982 0.0102 -0.0585
vn 0.1522 0.8948 0.4196
vn 0.1990 0.8962 0.3966
vn -0.0134 -0.9957 -0.0916
vn 0.0461 -0.9978 0.0479
vn -0.0665 -0.9966 0.0495
vn -0.1377 -0.9855 0.0996
vn 0.8401 0.0000 -0.5424
vn 0.7795 -0.1297 -0.6128
vn 0.4185 -0.0003 -0.9082
vn 0.6842 0.0298 -0.7286
vn 0.5657 0.0857 -0.8201
vn 0.4465 0.1755 -0.8774
vn 0.4889 0.0002 -0.8723
vn 0.4561 -0.0638 -0.8876
vn 0.4369 -0.0021 -0.8995
vn 0.4291 0.0015 -0.9032
vn 0.4329 0.0485 -0.9001
vn 0.4288 0.0403 -0.9025
vn -0.2484 0.0016 -0.9687
vn -0.1689 -0.0014 -0.9856
vn 0.4191 0.0000 -0.9079
vn 0.4192 0.0000 -0.9079
vn 0.5882 0.0284 -0.8082
vn 0.6251 0.2146 -0.7505
vn 0.8397 -0.0696 -0.5386
vn 0.7005 -0.0412 -0.7124
vn 0.8679 0.0052 -0.4966
vn 0.7572 0.1036 -0.6449
vn 0.6442 0.1074 -0.7572
vn 0.7196 0.0002 -0.6944
vn 0.9033 -0.0401 -0.4272
vn 0.8936 0.0962 -0.4384
vn 0.8964 0.0439 -0.4411
vn -0.0416 -0.9985 -0.0363
vn -0.0546 -0.9977 -0.0396
vn -0.0303 -0.9983 -0.0501
vn 0.9815 0.1792 -0.0668
vn 0.9788 0.0960 -0.1810
vn 0.9672 0.2119 -0.1401
vn 0.9911 -0.0754 -0.1096
vn 0.9617 0.0563 -0.2681
vn -0.9983 0.0000 -0.0580
vn 0.8652 0.0414 -0.4998
vn 0.8765 0.0632 -0.4773
vn 0.8493 0.0000 -0.5279
vn 0.8776 0.0589 -0.4758
vn 0.9380 0.0383 -0.3444
vn 0.9169 -0.2182 -0.3341
vn 0.8252 -0.1840 -0.5340
vn -0.4037 -0.9132 0.0556
vn -0.4092 -0.9102 0.0638
vn -0.2581 -0.9661 0.0045
vn -0.2547 -0.9670 0.0007
vn 0.9999 0.0001 0.0169
vn 0.9939 -0.0610 0.0914
vn 0.9838 -0.1543 0.0915
vn 0.9932 -0.1096 0.0384
vn 0.9683 0.2414 0.0646
vn 0.9551 0.2848 0.0822
vn 0.9557 0.2378 0.1732
vn 0.9402 0.0891 0.3287
vn 0.9400 0.0922 0.3284
vn 0.9346 0.0284 0.3545
vn 0.9532 0.0303 0.3008
vn 0.9422 0.0591 0.3297
vn 0.9622 -0.0000 0.2722
vn 0.9931 0.0467 0.1072
vn 0.9840 0.1417 0.1080
vn 0.9760 0.0920 0.1974
vn 0.9691 0.1921 0.1547
vn 0.9391 0.2785 0.2011
vn 0.9839 0.1407 0.1098
vn 0.8834 0.2589 0.3906
vn 0.9289 0.3098 0.2030
vn 0.4302 0.0000 -0.9027
vn 0.9207 0.0423 0.3880
vn 0.9124 -0.0925 0.3987
vn 0.9414 0.0000 0.3374
vn 0.9458 0.0509 0.3208
vn 0.9964 -0.0006 0.0850
vn 0.9877 -0.0540 0.1466
vn 0.9921 -0.1246 0.0148
vn 0.9963 0.0000 0.0857
vn -0.0253 -0.9989 -0.0406
vn -0.0386 -0.9979 -0.0524
vn 0.8563 0.4000 0.3268
vn 0.8106 0.3843 0.4418
vn 0.9353 0.1584 0.3166
vn 0.8188 0.0552 0.5714
vn 0.7791 -0.0000 0.6270
vn 0.7138 0.0734 0.6964
vn 0.7486 0.0000 0.6630
vn 0.7343 -0.0218 0.6785
vn 0.6758 -0.0341 0.7363
vn 0.7882 -0.0166 0.6152
vn 0.7336 -0.0476 0.6779
vn 0.7500 -0.2290 0.6206
vn 0.7385 -0.0923 0.6679
vn 0.7801 -0.1862 0.5973
vn 0.7955 -0.0146 0.6058
vn 0.3553 -0.2355 0.9046
vn 0.4329 -0.3003 0.8500
vn 0.4221 -0.5552 0.7167
vn 0.4125 -0.4167 0.8100
vn 0.4089 -0.6496 0.6410
vn -0.0402 0.9766 -0.2113
vn -0.0525 0.9579 -0.2824
vn -0.1053 0.9571 -0.2699
vn -0.0692 0.9776 -0.1986
vn 0.6048 -0.0660 0.7936
vn 0.5172 -0.0312 0.8553
vn 0.5527 -0.3090 0.7740
vn 0.0595 -0.9609 -0.2703
vn 0.0586 -0.9673 -0.2468
vn 0.0392 -0.9771 -0.2089
vn 0.0352 -0.9577 -0.2855
vn 0.2964 -0.6375 0.7112
vn 0.2910 -0.6486 0.7033
vn 0.4105 -0.7100 0.5722
vn 0.1848 -0.6929 0.6969
vn 0.3305 -0.6920 0.6417
vn 0.3872 -0.7642 0.5158
vn 0.3272 -0.7012 0.6335
vn 0.3056 -0.7301 0.6112
vn 0.4267 -0.6429 0.6361
vn 0.7014 0.0000 0.7128
vn 0.6611 -0.0639 0.7476
vn 0.8201 0.0000 0.5723
vn 0.8575 -0.0042 0.5144
vn 0.8637 0.0315 0.5030
vn 0.7694 0.0287 0.6381
vn 0.0015 0.1577 0.9875
vn -0.0306 0.0967 0.9948
vn 0.0004 0.0913 0.9958
vn -0.8673 -0.3234 -0.3785
vn -0.9010 -0.1818 -0.3940
vn -0.8676 -0.2522 -0.4285
vn 0.2018 -0.8056 0.5570
vn 0.2390 -0.8081 0.5384
vn -0.6947 0.7191 0.0156
vn -0.6860 0.7273 -0.0196
vn -0.6744 0.7367 -0.0495
vn 0.0434 -0.8600 0.5084
vn 0.0564 -0.8352 0.5470
vn 0.1797 -0.8505 0.4944
vn -0.9956 -0.0329 0.0883
vn -0.9988 -0.0000 0.0484
vn 0.1075 -0.8580 0.5023
vn 0.2832 -0.8797 0.3819
vn 0.2607 -0.9029 0.3418
vn 0.6297 -0.7650 0.1348
vn 0.4999 -0.8603 0.0998
vn 0.4791 -0.8673 -0.1350
vn 0.6330 -0.7430 -0.2172
vn -0.0252 0.9989 -0.0406
vn 0.1053 0.9899 -0.0945
vn -0.0129 0.9986 -0.0520
vn -0.0417 0.9984 -0.0370
vn 0.0373 -0.8903 0.4538
vn 0.1645 -0.8727 0.4598
vn 0.1616 -0.8675 0.4704
vn 0.8933 -0.0000 0.4494
vn 0.8562 0.0301 0.5157
vn 0.9025 -0.1095 0.4165
vn 0.9153 0.0431 0.4004
vn 0.1189 -0.9365 0.3300
vn 0.1295 -0.9412 0.3121
vn 0.1238 -0.9328 0.3385
vn 0.1161 -0.9403 0.3200
vn 0.1367 -0.9307 0.3393
vn 0.1037 -0.9413 0.3213
vn 0.0844 -0.9666 0.2419
vn 0.1343 -0.9316 0.3376
vn 0.1407 -0.9432 0.3009
vn 0.1048 -0.9184 0.3816
vn 0.0880 -0.9180 0.3868
vn 0.1195 -0.9231 0.3655
vn 0.1072 -0.8976 0.4275
vn 0.2010 -0.8754 0.4397
vn 0.0985 -0.8988 0.4271
vn 0.0221 0.9990 0.0387
vn 0.0215 0.9978 0.0626
vn 0.0375 0.9977 0.0570
vn 0.1731 -0.6966 0.6962
vn 0.0484 -0.7619 0.6459
vn -0.0998 -0.7468 0.6575
vn 0.0338 -0.7308 0.6817
vn -0.0829 -0.6589 0.7477
vn -0.0481 -0.8040 0.5927
vn 0.0284 -0.6794 0.7332
vn -0.1841 -0.5964 0.7813
vn 0.0127 -0.7575 0.6527
vn -0.4722 -0.5258 0.7075
vn -0.6056 -0.5649 0.5605
vn -0.4348 -0.6206 0.6526
vn -0.4131 -0.4404 0.7971
vn -0.5248 -0.4106 0.7456
vn -0.5087 -0.6040 0.6136
vn -0.5975 -0.2779 0.7522
vn -0.6591 -0.4905 0.5700
vn -0.5658 -0.5049 0.6519
vn -0.6405 -0.5318 0.5540
vn -0.0168 -0.9960 -0.0877
vn -0.0039 -0.9967 0.0806
vn -0.0921 -0.9957 0.0105
vn 0.0369 -0.9974 -0.0624
vn -0.3292 0.9366 -0.1202
vn -0.3314 0.9312 -0.1520
vn -0.2775 -0.4445 0.8517
vn -0.1224 -0.1103 0.9863
vn -0.4415 -0.2793 0.8527
vn -0.1829 -0.1826 0.9660
vn -0.8372 -0.5261 0.1492
vn -0.8625 -0.4835 0.1496
vn -0.9319 -0.3294 0.1522
vn -0.8968 -0.4132 0.1579
vn -0.9546 -0.2543 0.1552
vn -0.9580 -0.2301 0.1713
vn -0.9809 -0.1068 0.1624
vn -0.9195 -0.3630 0.1510
vn -0.9686 -0.0164 0.2480
vn -0.9799 -0.1107 0.1657
vn -0.9747 -0.2203 0.0371
vn -0.8370 -0.5199 0.1708
vn -0.8623 -0.4775 0.1685
vn -0.7946 -0.5847 0.1636
vn -0.7908 -0.5150 0.3309
vn -0.8165 -0.5197 0.2514
vn -0.8306 -0.5285 0.1754
vn -0.8957 -0.4038 0.1861
vn -0.8905 -0.4311 0.1452
vn -0.6917 -0.7207 0.0456
vn -0.1240 0.2199 0.9676
vn -0.1819 0.3149 0.9315
vn -0.1054 0.1551 0.9823
vn -0.2797 0.9475 -0.1550
vn -0.2376 0.9588 -0.1556
vn -0.2727 0.9439 -0.1864
vn -0.3104 0.9382 -0.1530
vn -0.5908 0.8041 -0.0658
vn -0.2950 0.9553 0.0178
vn -0.3773 0.9259 -0.0168
vn -0.5383 0.8419 -0.0390
vn 0.2213 -0.3410 -0.9136
vn 0.2153 -0.3889 -0.8958
vn -0.8932 -0.4479 0.0399
vn -0.9190 -0.3944 0.0025
vn -0.8536 -0.5198 0.0358
vn -0.8904 -0.4535 0.0395
vn -0.8979 -0.4399 -0.0125
vn -0.8709 -0.4901 0.0376
vn -0.8258 0.5580 0.0818
vn -0.9121 0.4097 -0.0116
vn -0.9115 0.4072 0.0575
vn -0.9373 0.1438 0.3173
vn -0.8656 -0.4912 0.0971
vn -0.9144 -0.3956 0.0858
vn -0.8920 -0.4503 0.0389
vn -0.9221 -0.3762 0.0910
vn -0.9030 -0.4278 0.0393
vn -0.9889 -0.1438 0.0369
vn -0.9987 -0.0203 -0.0476
vn -0.9636 -0.2661 -0.0272
vn -0.8993 -0.4295 0.0826
vn -0.9384 -0.3301 0.1017
vn -0.9092 -0.3720 0.1870
vn -0.9614 -0.2703 0.0512
vn -0.9883 -0.1451 0.0463
vn -0.9937 -0.0804 -0.0782
vn 0.3582 0.8937 0.2701
vn 0.3632 0.8013 0.4755
vn 0.4996 0.7965 0.3406
vn -0.9821 -0.1863 0.0279
vn -0.9838 -0.1772 0.0261
vn -0.9580 -0.2584 0.1244
vn -0.9790 -0.2023 0.0242
vn -0.9655 -0.2567 0.0445
vn -0.9393 -0.3304 0.0924
vn -0.9577 -0.2879 -0.0044
vn -0.9566 -0.2906 0.0205
vn -0.9857 -0.1647 0.0356
vn -0.5867 0.7907 -0.1748
vn -0.5921 0.7763 -0.2165
vn -0.6132 0.7629 -0.2050
vn -0.9627 -0.2705 0.0056
vn -0.9596 -0.2706 -0.0772
vn -0.9683 -0.2497 -0.0047
vn -0.9143 -0.4050 0.0071
vn 0.2083 -0.3828 0.9001
vn 0.0960 -0.5131 0.8529
vn 0.2056 -0.4939 0.8449
vn -0.9872 -0.1592 -0.0046
vn -0.9875 -0.1571 -0.0126
vn -0.9483 -0.3073 -0.0800
vn -0.9621 -0.2726 -0.0096
vn -0.9758 -0.2154 -0.0369
vn -0.9704 -0.2413 0.0015
vn -0.8790 -0.4768 0.0008
vn -0.6705 -0.7360 -0.0939
vn -0.7703 -0.6376 -0.0058
vn -0.8040 -0.5864 -0.0981
vn -0.7196 -0.6944 -0.0053
vn -0.6970 -0.7171 -0.0034
vn -0.6864 -0.7258 -0.0461
vn -0.7420 -0.6704 0.0020
vn -0.8241 -0.5630 0.0628
vn -0.8427 -0.5373 -0.0348
vn -0.6013 -0.7973 0.0520
vn -0.9744 0.0000 0.2249
vn -0.8603 -0.5060 0.0629
vn -0.8102 -0.5831 -0.0598
vn -0.6500 -0.7581 -0.0523
vn -0.6360 -0.7444 -0.2033
vn -0.9025 0.2591 0.3442
vn -0.9813 -0.1051 -0.1614
vn 0.1568 0.8894 -0.4294
vn 0.1084 0.9083 -0.4040
vn -0.9870 -0.1379 -0.0824
vn -0.9868 -0.1385 -0.0839
vn -0.9618 -0.2441 -0.1243
vn -0.6826 -0.6676 0.2974
vn -0.7704 -0.5638 0.2977
vn -0.7548 -0.6131 0.2331
vn -0.7810 -0.6044 0.1575
vn -0.8686 -0.4941 -0.0370
vn -0.8019 -0.5866 -0.1135
vn -0.8097 -0.5864 0.0245
vn -0.7838 -0.6203 -0.0281
vn -0.7476 -0.6459 0.1543
vn -0.9952 -0.0003 -0.0979
vn -0.9952 -0.0011 -0.0978
vn -0.9954 -0.0005 -0.0962
vn -0.9923 -0.0280 -0.1210
vn -0.9877 0.0001 -0.1564
vn -0.9960 0.0003 -0.0897
vn -0.9708 -0.2121 0.1117
vn -0.9854 -0.1645 -0.0441
vn -0.9690 -0.0751 0.2355
vn -0.9802 -0.1511 0.1284
vn -0.9280 -0.3098 0.2068
vn -0.9723 -0.2127 0.0972
vn -0.9323 -0.3597 0.0374
vn -0.9618 -0.2573 0.0934
vn -0.9061 -0.4110 0.1000
vn -0.8193 -0.5687 0.0733
vn -0.9054 -0.4135 0.0959
vn -0.8142 0.5774 0.0604
vn -0.9285 0.3697 -0.0359
vn -0.8168 0.5685 0.0977
vn -0.8153 0.5788 0.0155
vn -0.7305 -0.6814 0.0457
vn -0.7878 -0.6130 0.0598
vn -0.2043 0.9788 -0.0103
vn -0.1674 0.9857 -0.0177
vn -0.1563 0.9858 -0.0619
vn -0.2151 0.9746 -0.0615
vn -0.9623 0.0900 -0.2565
vn -0.9660 -0.0000 -0.2587
vn -0.9101 -0.0093 -0.4143
vn -0.9659 0.0000 -0.2588
vn -0.9645 -0.0001 -0.2639
vn -0.9655 0.0000 -0.2606
vn -0.9648 0.0002 -0.2632
vn -0.9196 -0.1113 -0.3769
vn 0.7397 0.2901 -0.6072
vn 0.8194 0.4246 -0.3852
vn 0.8958 0.3681 -0.2490
vn 0.8135 0.1939 -0.5483
vn -0.4383 -0.8862 0.1499
vn -0.5074 -0.8609 -0.0364
vn -0.5132 -0.8572 -0.0432
vn -0.4526 -0.8803 0.1421
vn -0.9507 -0.0045 -0.3100
vn -0.9459 0.0000 -0.3244
vn -0.9140 0.0050 -0.4057
vn -0.5423 0.8167 -0.1973
vn -0.5019 0.8079 -0.3090
vn -0.5782 0.7946 -0.1851
vn -0.9217 0.0055 -0.3879
vn -0.9277 0.0073 -0.3733
vn -0.9836 0.1772 -0.0339
vn -0.9991 0.0309 -0.0297
vn -0.9992 0.0290 -0.0288
vn 0.9013 -0.0023 -0.4331
vn -0.8920 0.4521 -0.0024
vn -0.8929 0.4465 -0.0584
vn -0.9311 0.3634 -0.0303
vn -0.9000 0.4356 0.0165
vn -0.8141 0.4572 -0.3581
vn -0.7653 0.5211 -0.3778
vn -0.7455 0.5250 -0.4105
vn -0.6958 0.6254 -0.3532
vn -0.6769 0.6263 -0.3867
vn -0.6426 0.6872 -0.3389
vn -0.6250 0.6858 -0.3731
vn -0.6012 0.7270 -0.3316
vn -0.5848 0.7238 -0.3663
vn -0.6402 0.7173 -0.2749
vn -0.6615 0.5984 -0.4519
vn -0.6033 0.7252 -0.3319
vn 0.4309 -0.0750 -0.8993
vn 0.5119 0.0575 -0.8571
vn 0.5015 -0.2037 -0.8408
vn -0.0328 0.0149 -0.9994
vn -0.5399 0.8010 -0.2589
vn -0.3468 0.7934 -0.5002
vn -0.5003 0.7690 -0.3979
vn -0.3326 0.8624 -0.3816
vn -0.4673 0.6053 -0.6444
vn -0.5298 0.7994 -0.2832
vn -0.3772 0.8942 -0.2412
vn -0.2819 0.8568 -0.4318
vn -0.5732 0.7062 -0.4156
vn -0.4229 0.8275 -0.3693
vn 0.1709 0.5095 -0.8433
vn -0.4503 0.3110 -0.8369
vn -0.2900 0.8958 -0.3368
vn -0.1475 0.8554 -0.4965
vn -0.5239 0.2562 -0.8123
vn -0.2115 0.8613 -0.4619
vn -0.2736 0.6048 -0.7479
vn -0.3885 0.7166 -0.5793
vn -0.3015 0.8298 -0.4696
vn -0.2152 0.7695 -0.6014
vn -0.3416 0.7152 -0.6098
vn -0.0741 0.8604 -0.5042
vn -0.0592 0.6043 -0.7945
vn -0.3174 0.7900 -0.5246
vn -0.1805 0.8949 -0.4081
vn -0.0016 0.8516 -0.5242
vn -0.2658 0.6992 -0.6637
vn -0.1548 0.8331 -0.5311
vn -0.0402 0.7697 -0.6372
vn -0.1163 0.7558 -0.6444
vn -0.0531 0.8916 -0.4496
vn 0.1477 0.8450 -0.5139
vn 0.0000 0.8096 -0.5870
vn 0.0687 0.8596 -0.5063
vn 0.1596 0.6039 -0.7809
vn -0.1684 0.7860 -0.5948
vn -0.0924 0.9956 -0.0148
vn -0.1028 0.9938 -0.0432
vn -0.1468 0.9872 -0.0621
vn -0.1677 0.9858 -0.0090
vn 0.2971 -0.2615 -0.9183
vn 0.3354 -0.1964 -0.9214
vn 0.7107 -0.2922 -0.6400
vn 0.5845 -0.4937 -0.6439
vn 0.3264 0.2959 0.8977
vn 0.4805 0.2909 0.8273
vn 0.4008 0.4064 0.8211
vn -0.0740 -0.9973 0.0003
vn -0.0681 -0.9976 -0.0149
vn -0.0668 -0.9976 -0.0191
vn 0.2806 0.0017 -0.9598
vn -0.1083 0.0263 -0.9938
vn 0.0532 -0.0017 -0.9986
vn 0.0532 -0.0855 -0.9949
vn -0.0766 0.0268 -0.9967
vn -0.3871 0.9220 0.0079
vn -0.3898 0.9207 0.0177
vn -0.3219 0.9452 0.0545
vn -0.3229 -0.9283 0.1846
vn -0.3351 -0.9319 0.1388
vn -0.2692 -0.9531 0.1384
vn -0.3422 -0.9044 0.2549
vn 0.2254 0.7278 -0.6477
vn 0.1301 0.6694 -0.7314
vn 0.0651 0.7427 -0.6664
vn 0.1954 0.7191 -0.6668
vn 0.2307 0.6166 -0.7527
vn 0.1282 0.6815 -0.7205
vn 0.2296 0.6419 -0.7316
vn 0.1887 0.6003 -0.7772
vn 0.1494 0.6301 -0.7620
vn 0.2026 0.5499 -0.8103
vn 0.1651 0.5824 -0.7959
vn 0.1195 -0.9368 -0.3289
vn 0.0228 -0.9240 -0.3818
vn 0.0275 -0.9482 -0.3166
vn 0.0709 -0.8802 0.4693
vn 0.1671 -0.8728 0.4585
vn 0.0657 -0.8772 0.4757
vn -0.9760 0.0658 -0.2075
vn -0.9802 0.0819 -0.1804
vn -0.9522 0.0698 -0.2973
vn 0.8336 0.1763 -0.5236
vn 0.7812 0.0444 -0.6227
vn 0.7639 0.0912 -0.6389
vn 0.3899 0.0000 -0.9208
vn 0.2432 0.7063 0.6648
vn 0.2478 0.5691 0.7841
vn 0.3968 0.7421 0.5402
vn 0.4418 -0.2489 -0.8619
vn 0.6108 -0.3571 -0.7067
vn 0.5662 -0.4742 -0.6742
vn 0.5111 -0.4042 -0.7585
vn 0.4164 0.0014 -0.9092
vn 0.4163 -0.0080 -0.9092
vn 0.4763 0.0282 -0.8788
vn 0.3863 0.0035 -0.9224
vn 0.3850 -0.0058 -0.9229
vn 0.9840 -0.1604 0.0772
vn 0.9432 -0.3318 -0.0161
vn 0.8756 -0.4007 -0.2698
vn 0.8493 -0.3476 -0.3974
vn 0.9253 0.2111 -0.3151
vn 0.9843 0.1696 -0.0486
vn 0.9453 0.0546 -0.3215
vn 0.7504 -0.3337 -0.5706
vn 0.9156 -0.2712 -0.2968
vn 0.7198 -0.6899 -0.0777
vn 0.7397 -0.2901 -0.6072
vn 0.8381 0.4873 -0.2454
vn 0.9421 0.3315 -0.0505
vn 0.9822 0.1821 -0.0465
vn 0.9246 0.3653 -0.1079
vn 0.9678 0.2497 -0.0320
vn 0.9875 0.1250 -0.0956
vn -0.5946 0.8038 0.0184
vn -0.4230 0.9051 -0.0430
vn -0.5865 0.8099 -0.0110
vn -0.6015 0.7987 -0.0161
vn 0.9853 0.1709 -0.0020
vn 0.9962 0.0068 0.0867
vn 0.9990 -0.0172 0.0403
vn 0.9854 0.1649 -0.0422
vn 0.9944 0.1045 0.0168
vn 0.9994 0.0085 -0.0345
vn 0.9838 0.1544 0.0915
vn 0.9939 0.0611 0.0913
vn 0.9861 0.1092 0.1255
vn 0.9947 0.0681 0.0766
vn 0.9999 0.0023 0.0169
vn 0.9950 0.0803 -0.0590
vn 0.9960 0.0885 0.0155
vn 0.9997 -0.0000 0.0233
vn 0.9991 0.0164 0.0391
vn 0.9915 0.0233 0.1277
vn 0.9755 -0.0696 0.2086
vn -0.9888 0.0866 -0.1216
vn -0.9918 0.0001 -0.1279
vn -0.9851 -0.0112 -0.1714
vn 0.9913 -0.0999 0.0855
vn 0.9727 -0.1437 0.1820
vn 0.9839 -0.1740 0.0398
vn 0.9990 -0.0257 0.0364
vn -0.6099 -0.7695 0.1893
vn -0.6377 -0.7695 0.0360
vn -0.6382 -0.7698 -0.0006
vn -0.6369 -0.7627 0.1128
vn 0.7892 0.6105 0.0675
vn 0.8801 0.4676 -0.0818
vn 0.6632 0.4763 0.5773
vn 0.7509 0.6598 -0.0293
vn 0.5932 0.8051 -0.0027
vn 0.6324 0.5153 0.5785
vn 0.6621 0.7477 -0.0508
vn 0.6851 0.6935 0.2231
vn 0.9441 0.3107 0.1101
vn 0.5681 0.8038 0.1767
vn 0.7126 0.6579 0.2437
vn 0.8070 0.5842 0.0861
vn 0.4935 0.8028 0.3346
vn 0.6129 0.6572 0.4386
vn 0.6110 0.7305 0.3051
vn 0.6247 0.5784 0.5246
vn 0.6637 0.4953 0.5606
vn 0.7909 0.5392 0.2894
vn 0.7251 0.6616 0.1914
vn 0.5633 0.8071 0.1766
vn 0.6227 0.7307 0.2798
vn 0.6498 0.7456 0.1476
vn 0.5985 0.6841 0.4170
vn 0.5918 0.7540 0.2850
vn 0.6599 0.2486 0.7091
vn 0.7727 0.2793 0.5700
vn 0.8607 0.1456 0.4878
vn 0.8125 0.0921 0.5757
vn 0.6533 0.0013 0.7571
vn 0.7343 0.0220 0.6785
vn 0.8051 0.0460 0.5914
vn 0.7488 -0.0000 0.6627
vn 0.7395 0.0872 0.6675
vn 0.7017 0.0000 0.7125
vn 0.6251 0.0541 0.7787
vn 0.5372 0.0870 0.8390
vn 0.5545 0.0000 0.8322
vn 0.5543 -0.0000 0.8323
vn 0.5883 -0.1031 0.8021
vn 0.4012 -0.0004 0.9160
vn 0.5014 -0.0767 0.8618
vn 0.4732 0.0172 0.8808
vn 0.3305 -0.0538 0.9423
vn 0.5083 -0.0541 0.8595
vn 0.2855 0.0337 0.9578
vn 0.3418 -0.0308 0.9393
vn 0.4650 -0.0050 0.8853
vn -0.7173 0.6792 -0.1552
vn -0.7354 0.6234 -0.2654
vn -0.7859 0.6060 -0.1228
vn 0.2006 0.9468 0.2516
vn 0.2509 0.9127 0.3226
vn 0.2566 0.9458 0.1990
vn -0.9546 0.2663 -0.1338
vn -0.9478 0.2891 -0.1343
vn -0.9067 0.2961 -0.3002
vn -0.9074 0.2848 -0.3092
vn 0.3022 -0.4606 0.8346
vn -0.5418 0.8405 0.0004
vn -0.5051 0.8433 -0.1836
vn -0.5979 0.7727 -0.2131
vn -0.5220 0.8529 0.0053
vn -0.0542 -0.9982 -0.0258
vn -0.0656 -0.9976 -0.0232
vn -0.0524 -0.9979 -0.0391
vn -0.9603 -0.2785 0.0171
vn -0.9669 -0.2545 0.0200
vn 0.2513 -0.6809 0.6879
vn 0.2655 -0.5598 0.7849
vn 0.6978 0.2787 0.6598
vn 0.6200 0.4424 0.6480
vn 0.6698 0.1846 0.7192
vn 0.7404 0.3441 0.5773
vn 0.4923 0.4259 0.7591
vn 0.6829 0.3952 0.6144
vn 0.5691 0.2412 0.7861
vn 0.1538 -0.7529 0.6399
vn 0.1145 -0.8458 0.5210
vn 0.1476 -0.8088 0.5693
vn 0.1014 -0.8464 0.5228
vn 0.0418 -0.8833 0.4670
vn 0.2990 -0.8036 0.5146
vn 0.0602 -0.8738 0.4825
vn 0.0293 -0.9034 0.4279
vn 0.1371 -0.7680 0.6256
vn 0.1801 -0.7234 0.6666
vn 0.0679 -0.7308 0.6792
vn 0.2042 -0.7552 0.6229
vn 0.1242 -0.6150 0.7787
vn 0.2466 -0.5115 0.8231
vn 0.0047 -0.5346 0.8451
vn -0.3033 0.9529 -0.0077
vn -0.2436 0.9699 -0.0023
vn -0.3036 0.9489 -0.0857
vn 0.0014 -0.5343 0.8453
vn -0.1653 -0.5845 0.7944
vn -0.5764 0.0167 0.8170
vn -0.7039 -0.0706 0.7068
vn -0.7437 -0.2476 0.6210
vn -0.7241 -0.0918 0.6836
vn -0.7633 0.1847 0.6191
vn -0.6467 -0.1680 0.7440
vn -0.5688 -0.0500 0.8209
vn -0.6243 -0.0919 0.7758
vn -0.6688 -0.1927 0.7181
vn -0.7804 0.0000 0.6253
vn -0.8138 -0.0159 0.5810
vn -0.8621 -0.0008 0.5068
vn -0.7588 -0.0287 0.6507
vn -0.8125 -0.0583 0.5800
vn -0.7013 -0.3158 0.6391
vn 0.6352 0.0000 0.7723
vn 0.7183 -0.0121 0.6957
vn 0.6979 0.0279 0.7156
vn 0.5684 0.0312 0.8222
vn -0.8371 -0.1838 0.5152
vn -0.8168 -0.0922 0.5696
vn -0.8641 -0.2256 0.4499
vn -0.8979 -0.2402 0.3688
vn -0.7588 -0.1415 0.6358
vn -0.4180 -0.2570 0.8714
vn -0.4476 -0.1838 0.8752
vn -0.2464 -0.2094 0.9463
vn -0.2647 0.0000 0.9643
vn -0.5948 0.0000 0.8039
vn -0.6402 -0.0972 0.7621
vn -0.5311 0.0552 0.8455
vn -0.6664 -0.0862 0.7406
vn -0.5602 -0.0321 0.8277
vn 0.2465 0.9688 -0.0253
vn 0.2239 0.9741 0.0315
vn 0.3108 0.9498 0.0355
vn 0.3033 0.9524 -0.0310
vn -0.7888 -0.4506 0.4181
vn 0.3338 0.0103 -0.9426
vn 0.3393 0.0176 -0.9405
vn -0.3696 0.0000 0.9292
vn -0.3933 -0.0239 0.9191
vn -0.4826 -0.0141 0.8757
vn -0.3013 -0.0073 0.9535
vn -0.9668 0.0000 0.2555
vn -0.9902 0.0170 0.1383
vn -0.9911 0.0214 0.1311
vn -0.9893 0.0000 0.1457
vn 0.2458 0.0037 -0.9693
vn -0.9951 0.0129 0.0980
vn -0.9911 -0.0100 0.1329
vn -0.9551 -0.0654 0.2888
vn -0.9847 -0.0442 0.1685
vn -0.9856 -0.0000 0.1692
vn -0.8839 0.0000 0.4677
vn -0.9380 -0.2773 0.2080
vn -0.8936 -0.4103 0.1820
vn -0.9350 -0.2780 0.2201
vn -0.9394 -0.2669 0.2151
vn -0.9440 -0.2725 0.1863
vn -0.9411 -0.2709 0.2025
vn -0.9823 -0.1507 0.1115
vn -0.9269 -0.3319 0.1752
vn -0.9563 -0.1426 0.2554
vn -0.9681 -0.2471 0.0421
vn -0.9581 -0.2330 0.1666
vn -0.0219 0.5835 0.8118
vn 0.2793 0.1345 0.9507
vn 0.1418 0.5462 0.8255
vn -0.8938 -0.3893 0.2229
vn -0.9015 -0.4007 0.1633
vn -0.9053 -0.3793 0.1912
vn -0.6583 -0.7209 -0.2167
vn -0.6624 -0.7093 -0.2413
vn -0.5175 -0.7936 -0.3201
vn -0.8260 -0.5604 0.0613
vn -0.8559 -0.5167 -0.0233
vn -0.7915 -0.6111 0.0013
vn -0.8811 -0.4686 0.0643
vn -0.8303 -0.5542 0.0578
vn -0.7986 -0.6002 0.0442
vn -0.9236 -0.3503 0.1559
vn -0.9072 -0.4197 -0.0291
vn -0.9477 -0.3154 0.0487
vn -0.9646 -0.2632 -0.0181
vn -0.9247 -0.3782 0.0433
vn -0.9838 -0.0767 -0.1622
vn -0.9429 -0.0768 -0.3240
vn -0.9167 -0.1438 -0.3729
vn -0.9506 -0.2080 -0.2305
vn -0.9290 -0.3583 -0.0923
vn -0.9547 -0.2942 0.0459
vn -0.9067 -0.4217 0.0011
vn -0.9517 -0.2862 0.1113
vn -0.9251 -0.3731 0.0701
vn -0.9998 -0.0000 0.0218
vn -0.9715 -0.2020 0.1238
vn -0.9918 -0.0695 0.1075
vn -0.9884 -0.1447 0.0463
vn -0.9916 -0.0491 0.1198
vn -0.9970 -0.0617 0.0470
vn -0.9857 -0.1640 0.0381
vn -0.8810 0.0966 0.4632
vn -0.8792 0.0897 0.4679
vn -0.8472 0.0072 0.5312
vn -0.8382 0.1879 0.5120
vn -0.6574 0.7535 0.0002
vn -0.7363 0.6767 0.0018
vn -0.6546 0.7560 0.0073
vn -0.6498 0.7595 -0.0293
vn -0.9837 -0.1585 -0.0847
vn -0.9966 -0.0822 0.0010
vn -0.9644 -0.2599 0.0477
vn 0.0082 0.9993 0.0368
vn 0.0047 0.9981 0.0612
vn 0.0175 0.9981 0.0596
vn -0.9997 -0.0011 0.0245
vn -0.9997 -0.0001 0.0256
vn -0.9915 -0.1276 0.0249
vn -0.9914 -0.1287 0.0241
vn -0.9945 -0.1023 0.0225
vn -0.9946 -0.1010 0.0220
vn -0.9944 -0.1040 0.0189
vn -0.9993 -0.0000 -0.0374
vn -0.9692 -0.2456 0.0176
vn -0.9681 -0.2469 0.0425
vn -0.9694 -0.2423 0.0390
vn -0.9917 0.0026 0.1286
vn -0.9910 -0.0408 0.1273
vn -0.9884 -0.0301 0.1486
vn -0.9866 -0.0021 0.1629
vn 0.1393 0.9128 0.3839
vn 0.1415 0.9336 0.3292
vn -1.0000 0.0057 -0.0048
vn -0.9999 0.0066 -0.0077
vn -1.0000 0.0000 -0.0049
vn 0.1167 0.9393 -0.3228
vn 0.1128 0.9313 -0.3463
vn 0.0888 0.9439 -0.3182
vn -0.9941 -0.1086 0.0038
vn -0.9799 -0.1058 0.1692
vn -0.9970 -0.0770 0.0034
vn -0.9829 -0.0738 0.1688
vn -1.0000 -0.0012 0.0019
vn 0.3891 -0.5407 0.7458
vn 0.3289 -0.6982 0.6359
vn 0.3974 -0.4471 0.8013
vn -0.9997 0.0019 -0.0232
vn -0.9997 0.0014 -0.0251
vn -0.9997 -0.0000 -0.0238
vn -0.9997 0.0019 -0.0238
vn -0.9997 -0.0000 -0.0240
vn -0.9995 -0.0065 -0.0303
vn -0.9991 0.0003 -0.0418
vn -0.9998 0.0002 -0.0216
vn -0.9901 -0.1376 -0.0286
vn -0.9855 -0.1408 -0.0941
vn -0.9874 -0.1565 -0.0217
vn -0.4186 0.9079 0.0220
vn -0.4223 0.9064 0.0088
vn -0.4348 0.9004 0.0124
vn -0.9303 -0.3654 -0.0317
vn -0.8681 -0.4960 -0.0224
vn -0.7893 -0.6103 0.0674
vn -0.8325 -0.5536 -0.0216
vn -0.8074 -0.5851 -0.0759
vn -0.9001 -0.4306 0.0661
vn -0.3864 -0.9117 -0.1393
vn -0.4119 -0.8960 -0.1658
vn -0.9510 -0.2764 0.1387
vn -0.9170 -0.3063 0.2555
vn -0.8160 -0.1355 0.5619
vn 0.1396 -0.9112 -0.3875
vn 0.1086 -0.8949 -0.4329
vn -0.9958 0.0089 -0.0915
vn -0.9952 0.0126 -0.0969
vn -0.9961 0.0000 -0.0885
vn -0.9973 0.0053 -0.0732
vn -0.9961 -0.0022 -0.0886
vn -0.9964 -0.0017 -0.0851
vn -0.9972 0.0000 -0.0748
vn -0.9978 0.0000 -0.0663
vn -0.9967 0.0055 -0.0816
vn -0.9966 0.0000 -0.0820
vn -0.9966 -0.0094 -0.0820
vn -0.9957 -0.0152 -0.0916
vn -0.9958 -0.0009 -0.0915
vn -0.9958 -0.0019 -0.0916
vn -0.9993 -0.0000 0.0380
vn -0.9937 -0.0125 -0.1112
vn -0.9868 0.0160 0.1612
vn -0.9924 -0.0000 0.1229
vn 0.2499 -0.5563 0.7925
vn 0.2048 -0.5901 0.7809
vn 0.2800 -0.5760 0.7680
vn -0.9831 -0.1550 0.0976
vn -0.9431 -0.3223 0.0812
vn -0.9894 -0.1183 0.0840
vn 0.1277 0.9276 -0.3511
vn 0.1028 0.9306 -0.3514
vn -0.9760 -0.2068 0.0688
vn -0.9291 -0.3623 0.0748
vn -0.8903 -0.4369 0.1285
vn -0.9837 0.0769 -0.1628
vn -0.9441 0.0701 -0.3222
vn -0.9634 0.0861 -0.2539
vn -0.9584 0.0000 -0.2855
vn -0.3841 -0.9233 0.0050
vn -0.3911 -0.9204 0.0003
vn -0.3223 -0.9466 -0.0020
vn -0.9466 0.0001 -0.3224
vn -0.9573 0.0001 -0.2891
vn -0.9507 0.0039 -0.3100
vn -0.7167 0.6732 0.1819
vn -0.8352 0.5485 -0.0408
vn -0.8990 0.4349 -0.0518
vn -0.8715 -0.0524 0.4875
vn -0.8627 0.3650 -0.3500
vn -0.8173 0.4275 -0.3863
vn -0.8731 0.2912 -0.3911
vn -0.8807 0.3578 -0.3105
vn -0.8643 0.3223 -0.3861
vn -0.9172 0.0923 -0.3877
vn -0.6696 0.7417 -0.0403
vn -0.6788 0.7318 -0.0615
vn -0.6655 0.7267 0.1702
vn -0.5855 0.8106 0.0078
vn 0.3247 0.0109 -0.9458
vn 0.3131 -0.0711 -0.9471
vn -0.8686 0.3891 -0.3067
vn -0.8317 0.4025 -0.3824
vn -0.8457 -0.4951 -0.1993
vn -0.8634 -0.4615 -0.2040
vn -0.8298 -0.4737 -0.2949
vn -0.7653 0.5816 -0.2757
vn -0.5741 -0.7995 -0.1767
vn -0.5433 -0.8160 -0.1976
vn -0.5023 -0.8407 -0.2021
vn -0.5251 -0.8342 -0.1682
vn -0.7338 0.6652 -0.1381
vn -0.6797 0.6904 -0.2476
vn -0.4938 -0.8696 -0.0035
vn -0.4777 -0.8784 -0.0149
vn -0.8943 0.3628 -0.2620
vn -0.8649 0.4489 -0.2246
vn -0.0973 0.9409 -0.3243
vn -0.0353 0.9282 -0.3704
vn -0.0317 0.8698 -0.4923
vn -0.2755 0.8973 -0.3450
vn -0.4965 0.8247 -0.2710
vn -0.4027 0.8863 -0.2288
vn -0.3667 0.8719 -0.3245
vn -0.5111 0.8477 -0.1419
vn -0.4690 0.8458 -0.2542
vn -0.3395 0.8871 -0.3128
vn -0.5538 0.7574 -0.3459
vn -0.2847 0.9455 -0.1580
vn -0.3102 0.9011 -0.3031
vn -0.4734 0.8797 -0.0454
vn -0.4388 0.8532 -0.2820
vn 0.3072 0.9409 -0.1425
vn 0.3616 0.9282 -0.0877
vn 0.4828 0.8698 -0.1014
vn 0.3022 0.8973 -0.3218
vn 0.1272 -0.8866 -0.4448
vn 0.0806 -0.9054 -0.4169
vn -0.0006 -0.9304 -0.3665
vn 0.1172 -0.8519 -0.5105
vn 0.1304 0.8969 -0.4226
vn 0.0975 0.8792 -0.4664
vn 0.0787 0.8224 -0.5634
vn 0.1072 0.8582 -0.5020
vn 0.1452 0.8520 -0.5030
vn 0.0717 0.8613 -0.5030
vn 0.2981 0.2603 -0.9183
vn 0.2593 0.3614 -0.8956
vn 0.3702 0.3645 -0.8544
vn 0.3813 0.2862 -0.8790
vn 0.3237 -0.3234 -0.8892
vn 0.3702 -0.3645 -0.8544
vn 0.3487 0.7269 -0.5916
vn 0.3407 0.6922 -0.6362
vn 0.3245 0.7786 -0.5371
vn 0.2460 -0.0184 0.9691
vn 0.3405 0.0938 0.9356
vn 0.3428 0.2604 0.9026
vn 0.0392 0.0353 0.9986
vn -0.6135 0.7897 -0.0041
vn -0.6235 0.7807 -0.0416
vn -0.6590 0.7516 -0.0302
vn -0.6364 0.7712 -0.0149
vn 0.3739 0.6531 -0.6585
vn 0.3802 0.5970 -0.7065
vn 0.2882 0.6970 -0.6566
vn 0.2519 0.6723 -0.6961
vn 0.2081 0.6358 -0.7433
vn 0.2189 -0.7687 0.6010
vn 0.2346 -0.7887 0.5683
vn 0.2451 -0.7430 0.6228
vn 0.2704 0.2291 -0.9351
vn 0.5842 0.4936 -0.6442
vn 0.3354 0.1964 -0.9214
vn 0.2762 0.1634 -0.9471
vn -0.9917 0.0705 -0.1076
vn -0.9871 0.1059 -0.1198
vn -0.9892 0.0666 -0.1305
vn -0.5954 -0.8017 0.0532
vn -0.6104 -0.7727 -0.1742
vn -0.5741 -0.8058 -0.1457
vn -0.5371 -0.8428 -0.0337
vn -0.9623 -0.0901 -0.2565
vn -0.9594 0.0748 -0.2720
vn -0.9151 -0.2234 -0.3357
vn 0.5274 0.8449 -0.0894
vn 0.4092 0.9095 -0.0735
vn 0.3856 0.9174 0.0984
vn 0.5259 0.8406 0.1299
vn -0.9678 0.0695 -0.2421
vn -0.9629 0.1593 -0.2178
vn 0.3862 0.4450 -0.8079
vn 0.3447 0.4032 -0.8477
vn 0.3767 0.4872 -0.7879
vn -0.0013 0.6045 -0.7966
vn 0.7893 0.3352 -0.5144
vn 0.2905 0.6763 -0.6770
vn 0.2933 0.7504 -0.5923
vn 0.7625 0.4889 -0.4238
vn 0.2963 0.6934 -0.6568
vn 0.2603 0.7388 -0.6216
vn 0.7594 0.4510 -0.4689
vn 0.2040 0.7127 -0.6712
vn 0.1622 0.7659 -0.6222
vn 0.7526 0.4630 -0.4682
vn 0.2876 0.6762 -0.6783
vn 0.3425 0.7773 -0.5277
vn 0.3799 0.3715 -0.8472
vn 0.4026 0.8294 -0.3872
vn 0.5779 0.6869 -0.4407
vn 0.2941 0.7256 -0.6221
vn 0.4781 0.6038 -0.6379
vn 0.6090 0.6090 -0.5081
vn 0.4205 0.5585 -0.7150
vn 0.5265 0.5947 -0.6076
vn 0.6764 0.5947 -0.4347
vn 0.6242 0.6332 -0.4576
vn 0.7868 0.4886 -0.3772
vn 0.7751 0.4202 -0.4718
vn 0.4685 0.6879 -0.5544
vn 0.7197 0.6404 -0.2682
vn 0.7450 0.5890 -0.3131
vn 0.6033 0.5475 -0.5799
vn 0.4955 0.8562 -0.1463
vn 0.7090 0.7041 -0.0393
vn 0.6137 0.7443 -0.2634
vn 0.8521 -0.5134 -0.1022
vn 0.5942 -0.7913 -0.1441
vn 0.4460 -0.8231 -0.3516
vn 0.7594 -0.5578 -0.3348
vn -0.4234 0.8964 0.1310
vn -0.4275 0.8911 0.1524
vn 0.9272 -0.3743 -0.0169
vn 0.9035 -0.4272 0.0335
vn 0.9293 -0.3523 -0.1103
vn 0.9546 -0.2765 -0.1105
vn 0.9168 0.3954 -0.0563
vn 0.8499 0.5269 -0.0041
vn 0.9856 0.1688 -0.0088
vn 0.9767 0.2043 -0.0658
vn 0.9937 0.1106 0.0168
vn 0.9851 0.1653 -0.0476
vn 0.9718 0.1879 0.1424
vn 0.9718 0.2334 0.0344
vn 0.9892 0.1450 0.0227
vn 0.9467 0.2893 0.1419
vn 0.9564 0.2915 0.0162
vn 0.9598 0.2740 0.0613
vn 0.9395 0.3117 0.1418
vn 0.9102 0.4017 0.1005
vn 0.9260 0.3683 0.0825
vn 0.8309 0.5475 -0.0989
vn 0.8417 0.5040 -0.1936
vn 0.8391 0.5433 0.0286
vn 0.9029 0.4299 -0.0069
vn 0.8415 0.5400 0.0143
vn 0.7017 0.7119 -0.0291
vn -0.8299 0.4735 -0.2949
vn -0.8469 0.4051 -0.3445
vn -0.7327 -0.6269 -0.2647
vn 0.4028 -0.8126 0.4214
vn 0.3053 -0.8966 0.3206
vn 0.3992 -0.9011 0.1693
vn 0.5299 -0.7827 0.3264
vn -0.3527 -0.9071 0.2298
vn -0.2539 -0.9011 0.3516
vn -0.4361 -0.7827 0.4440
vn 0.4613 0.6686 0.5833
vn 0.4920 0.7413 0.4565
vn 0.5821 0.7398 0.3374
vn 0.2930 0.4883 0.8220
vn 0.6181 0.6001 0.5078
vn 0.4750 0.8098 0.3443
vn 0.3777 0.8033 0.4604
vn 0.4568 0.6600 0.5964
vn 0.7891 0.6069 0.0951
vn 0.7257 0.2078 0.6559
vn 0.5349 0.1775 0.8261
vn 0.5686 -0.0200 0.8224
vn -0.4675 0.8675 -0.1702
vn -0.3828 0.8590 -0.3400
vn -0.6176 0.7603 -0.2015
vn -0.3193 0.9446 0.0761
vn -0.2332 0.9704 0.0629
vn -0.3263 0.9448 0.0304
vn -0.3179 0.9471 0.0430
vn -0.3820 -0.0012 -0.9242
vn -0.5151 0.0000 0.8572
vn -0.6096 -0.0114 0.7926
vn -0.4574 -0.4779 -0.7499
vn -0.2993 -0.2320 -0.9255
vn -0.2935 -0.4237 -0.8570
vn -0.3545 -0.5033 -0.7880
vn 0.3388 -0.0238 0.9406
vn 0.3606 0.0605 0.9308
vn 0.2895 -0.0019 0.9572
vn 0.2784 0.0000 0.9605
vn 0.2786 0.0000 0.9604
vn 0.2090 0.0000 0.9779
vn 0.2103 0.0007 0.9776
vn 0.1888 -0.0133 0.9819
vn 0.2010 -0.1774 0.9634
vn 0.2978 -0.1102 0.9482
vn 0.2097 -0.0793 0.9746
vn 0.2082 -0.4003 0.8924
vn 0.2379 -0.3100 0.9205
vn 0.1440 -0.9327 0.3306
vn 0.1384 -0.9484 0.2854
vn 0.2781 -0.8891 0.3636
vn 0.0532 -0.9285 0.3676
vn 0.2459 -0.4467 0.8602
vn 0.1768 -0.6029 0.7780
vn 0.2067 -0.6714 0.7117
vn 0.2618 -0.6395 0.7229
vn -0.8984 0.0000 -0.4393
vn 0.1660 -0.0241 0.9858
vn 0.1582 -0.0915 0.9832
vn 0.0605 -0.1641 0.9846
vn 0.2190 -0.1941 0.9562
vn 0.0041 -0.0232 0.9997
vn -0.0565 -0.0619 0.9965
vn 0.1025 -0.1676 0.9805
vn -0.5867 -0.1210 0.8007
vn -0.6135 0.0731 0.7863
vn -0.6483 0.0000 0.7614
vn -0.4782 0.4253 0.7684
vn -0.7276 0.4065 0.5527
vn -0.7316 0.3332 0.5948
vn -0.7752 0.2785 0.5669
vn -0.8371 0.1837 0.5152
vn -0.8738 0.0348 0.4851
vn -0.8138 0.0158 0.5810
vn -0.6780 0.0069 0.7350
vn -0.6790 0.1887 0.7095
vn -0.7741 0.0477 0.6313
vn -0.6581 -0.0102 0.7529
vn -0.6779 0.1264 0.7243
vn -0.7692 -0.0136 0.6389
vn 0.0660 -0.9976 0.0206
vn 0.0981 -0.9949 -0.0256
vn 0.0300 -0.9975 0.0641
vn -0.8836 0.0014 0.4682
vn -0.8796 -0.0949 0.4661
vn -0.8641 -0.2107 0.4571
vn -0.8247 -0.0699 0.5612
vn -0.4319 0.0000 0.9019
vn -0.4221 0.0248 0.9062
vn -0.3054 0.2398 0.9215
vn -0.5144 0.0527 0.8560
vn -0.5015 0.2166 0.8376
vn -0.5242 0.4729 0.7082
vn -0.5936 0.2783 0.7551
vn -0.6909 0.1471 0.7079
vn -0.6909 0.0231 0.7226
vn -0.6243 0.0919 0.7758
vn -0.6950 0.0809 0.7144
vn -0.6268 0.0245 0.7788
vn -0.6482 0.0000 0.7614
vn -0.6653 0.1058 0.7390
vn -0.7365 -0.0663 0.6732
vn -0.9238 0.2607 0.2805
vn -0.9238 0.2605 0.2806
vn -0.9231 0.2581 0.2850
vn -0.9226 0.2593 0.2856
vn -0.1879 -0.9015 0.3899
vn -0.2074 -0.9449 0.2531
vn -0.0719 0.2056 0.9760
vn 0.0107 0.2163 0.9763
vn -0.0393 -0.0803 0.9960
vn 0.2385 -0.0478 0.9700
vn -0.0005 -0.0242 0.9997
vn -0.0328 -0.0845 0.9959
vn 0.1665 0.0380 0.9853
vn 0.0924 0.1415 0.9856
vn 0.0574 0.0440 0.9974
vn 0.1317 0.1388 0.9815
vn 0.0685 0.1794 0.9814
vn -0.0168 0.0437 0.9989
vn 0.1443 0.1014 0.9843
vn 0.0987 0.1507 0.9836
vn -0.0396 0.0434 0.9983
vn -0.0856 -0.0361 0.9957
vn -0.1518 0.0433 0.9875
vn -0.1639 0.0412 0.9856
vn -0.1009 0.0382 0.9942
vn -0.2312 -0.0900 0.9687
vn -0.1308 -0.0267 0.9910
vn -0.1312 -0.0224 0.9911
vn -0.1979 0.0012 0.9802
vn -0.2420 -0.1100 0.9640
vn -0.1943 0.0000 0.9809
vn -0.3695 -0.0000 0.9292
vn -0.2635 0.0930 0.9602
vn -0.2645 0.1298 0.9556
vn -0.1812 0.3670 0.9124
vn -0.1800 0.6631 0.7266
vn -0.2825 0.5060 0.8150
vn -0.0903 0.6025 0.7930
vn -0.4243 0.3477 0.8361
vn -0.2885 -0.0218 0.9572
vn -0.4892 0.0640 0.8698
vn -0.3933 0.0240 0.9191
vn -0.4318 0.0000 0.9020
vn -0.4745 0.1031 0.8742
vn -0.8746 0.4628 0.1448
vn -0.7568 0.4018 0.5155
vn -0.6822 0.4023 0.6105
vn -0.7314 0.5811 0.3569
vn -0.3970 -0.9096 0.1227
vn -0.3534 -0.9274 0.1227
vn -0.9802 0.1511 0.1284
vn -0.9836 0.1334 0.1214
vn -0.9808 0.1348 0.1412
vn -0.9856 0.0002 0.1692
vn -0.9881 -0.0093 0.1534
vn -0.9847 0.0436 0.1685
vn -0.9873 0.0305 0.1556
vn -0.9800 0.1103 0.1657
vn -0.9748 0.2199 0.0371
vn -0.9905 0.0282 0.1347
vn -0.9923 0.0221 0.1217
vn -0.9867 -0.0142 0.1619
vn -0.9747 -0.0746 0.2106
vn -0.9802 -0.0001 0.1982
vn -0.9877 -0.0547 0.1467
vn -0.9801 0.0000 0.1986
vn -0.9803 0.0000 0.1976
vn -0.9498 0.2630 0.1693
vn -0.9585 0.2152 0.1871
vn -0.9468 0.2446 0.2092
vn -0.9463 0.2472 0.2083
vn -0.9537 -0.2071 0.2183
vn -0.9706 -0.2220 0.0931
vn -0.9603 -0.2004 0.1939
vn -0.9669 -0.1252 0.2221
vn -0.9883 0.0136 0.1516
vn -0.9737 -0.1228 0.1919
vn -0.9573 0.0155 0.2887
vn -0.9764 0.0000 0.2161
vn -0.9898 -0.0081 0.1420
vn -0.9763 0.0000 0.2163
vn -0.9734 0.0757 0.2161
vn -0.9774 -0.2046 0.0538
vn -0.9488 -0.3152 -0.0204
vn -0.9518 -0.3065 0.0066
vn -0.7830 0.5983 0.1699
vn -0.7552 0.6125 0.2332
vn -0.6805 0.6984 0.2216
vn -0.7470 0.6415 0.1744
vn -0.9732 -0.1303 0.1895
vn -0.9793 -0.1366 0.1491
vn -0.9716 -0.1443 0.1873
vn -0.7306 -0.6821 0.0329
vn -0.9924 0.1138 0.0470
vn -0.9883 0.1450 0.0463
vn -0.9702 0.2393 -0.0380
vn -0.9984 0.0299 -0.0474
vn -0.9953 -0.0505 -0.0832
vn -0.9984 -0.0572 0.0029
vn -0.9856 -0.1450 0.0868
vn -0.9966 0.0111 -0.0818
vn -0.9984 0.0075 0.0560
vn -1.0000 -0.0015 0.0050
vn 0.2503 0.0000 -0.9682
vn -0.8123 -0.5791 0.0690
vn -0.7883 -0.6151 0.0146
vn -0.7835 -0.6201 0.0398
vn -0.7452 -0.6656 0.0420
vn -0.9678 0.2513 -0.0163
vn -0.9822 0.1233 -0.1418
vn -0.9884 0.1493 0.0297
vn -0.9485 0.3006 0.1003
vn -0.9842 0.1753 0.0258
vn -0.9995 0.0219 0.0235
vn -0.9925 0.1197 0.0242
vn -0.9989 -0.0342 0.0323
vn -0.9844 0.0000 -0.1757
vn -0.9870 -0.0117 -0.1601
vn -0.9870 0.0116 -0.1600
vn -0.9805 0.0001 -0.1964
vn -0.9931 -0.1149 0.0225
vn -0.9930 -0.1162 0.0230
vn -0.9929 -0.1177 0.0189
vn -0.9957 -0.0924 0.0037
vn -0.9942 -0.1056 0.0186
vn -1.0000 -0.0008 0.0019
vn -0.9980 0.0000 0.0625
vn -0.9971 -0.0177 -0.0742
vn 0.0432 0.8009 0.5972
vn 0.0519 0.6590 0.7503
vn 0.1896 0.7108 0.6773
vn 0.1161 0.7952 0.5951
vn -1.0000 0.0001 -0.0027
vn -0.9862 -0.1654 -0.0004
vn -0.9865 -0.0812 -0.1421
vn -0.9458 -0.3241 0.0203
vn -0.9970 -0.0769 0.0036
vn -0.9994 0.0332 0.0037
vn -0.9483 0.3072 -0.0797
vn -0.9875 0.1573 -0.0122
vn -0.9872 0.1595 -0.0047
vn 0.0728 0.9973 0.0111
vn 0.0813 0.9965 0.0214
vn 0.0845 0.9964 0.0047
vn -0.9989 -0.0039 -0.0458
vn -0.9995 0.0000 -0.0331
vn -0.9995 0.0019 -0.0328
vn 0.0106 -0.9985 -0.0538
vn -0.0143 -0.9996 0.0255
vn 0.0132 -0.9996 0.0260
vn -0.0033 -0.9984 -0.0561
vn -0.3780 0.9184 0.1164
vn -0.3987 0.9067 0.1376
vn -0.3565 0.9268 0.1185
vn -0.9987 0.0090 -0.0509
vn -0.9990 -0.0015 -0.0457
vn -0.9985 0.0004 -0.0541
vn -0.9971 -0.0615 -0.0438
vn -0.9280 -0.0250 -0.3718
vn -0.9967 -0.0619 -0.0524
vn -0.9895 0.1380 0.0432
vn -0.9182 -0.3827 -0.1018
vn -0.9797 -0.1992 -0.0202
vn -0.9978 0.0002 -0.0657
vn -0.9424 -0.1711 -0.2872
vn -0.9525 -0.1872 -0.2402
vn -0.9480 -0.2527 -0.1934
vn -0.9768 -0.1181 -0.1789
vn -0.9992 0.0021 -0.0407
vn -0.9987 -0.0016 -0.0518
vn -0.9864 0.1413 -0.0836
vn -0.9867 0.1386 -0.0853
vn -0.9870 0.1381 -0.0825
vn -0.9976 0.0000 0.0686
vn -0.3515 0.9274 -0.1278
vn -0.3216 0.9371 -0.1354
vn 0.1321 0.9224 0.3630
vn 0.2222 0.8851 0.4089
vn -0.9722 0.2129 0.0972
vn -0.9701 0.2128 0.1164
vn -0.9830 0.1557 0.0976
vn -0.9850 0.1398 0.1008
vn -0.9800 0.1646 0.1114
vn -0.9891 0.1208 0.0846
vn -0.9868 0.1275 0.0993
vn -0.9960 -0.0005 0.0893
vn -0.9951 0.0134 0.0979
vn -0.9961 -0.0000 0.0887
vn -0.9963 0.0159 0.0850
vn -0.9960 -0.0000 0.0897
vn -0.9959 -0.0164 0.0895
vn -0.9961 -0.0000 0.0885
vn -0.9960 -0.0163 0.0883
vn -0.9828 -0.0363 0.1813
vn -0.9821 -0.0295 0.1859
vn -0.9968 -0.0018 0.0796
vn -0.9973 0.0018 0.0740
vn -0.9976 0.0019 0.0695
vn -0.9970 -0.0073 0.0773
vn -0.9966 0.0017 0.0825
vn -0.9970 -0.0089 0.0769
vn -0.9961 0.0048 0.0877
vn -0.9947 -0.0000 0.1033
vn -0.9939 0.0157 0.1089
vn -0.9183 0.2640 -0.2950
vn -0.8927 0.3300 -0.3068
vn -0.8827 0.2752 -0.3810
vn -0.9144 0.3722 -0.1590
vn -0.8360 0.5216 -0.1704
vn -0.9312 0.2702 -0.2446
vn -0.8968 0.3541 -0.2653
vn -0.9310 0.1991 -0.3058
vn -0.9155 0.3345 -0.2235
vn -0.9117 0.2519 -0.3246
vn -0.9336 0.2698 -0.2359
vn 0.1383 0.8839 -0.4468
vn 0.3458 0.6704 -0.6565
vn 0.1954 0.7423 -0.6409
vn 0.1682 0.8179 -0.5503
vn -0.7199 0.6156 -0.3205
vn -0.6282 0.6858 -0.3675
vn -0.8121 0.5374 -0.2274
vn -0.6350 0.7164 -0.2891
vn -0.6353 0.6603 -0.4005
vn -0.9911 -0.0509 0.1233
vn -0.8464 0.2242 -0.4831
vn -0.9512 -0.2948 -0.0912
vn -0.9383 -0.3432 -0.0419
vn -0.5703 -0.8203 -0.0439
vn -0.6253 -0.7798 -0.0301
vn -0.5930 -0.7871 -0.1698
vn -0.5554 -0.8154 -0.1633
vn -0.0584 0.9982 -0.0155
vn -0.0563 0.9980 -0.0295
vn -0.0625 0.9980 -0.0021
vn 0.2393 -0.9594 -0.1492
vn 0.2621 -0.9287 -0.2622
vn -0.3922 0.9021 -0.1801
vn -0.3552 0.9137 -0.1975
vn -0.2827 0.9317 -0.2280
vn -0.3268 0.9283 -0.1776
vn -0.3233 0.9349 -0.1462
vn 0.3377 -0.0004 -0.9413
vn -0.9984 0.0000 0.0558
vn -0.9884 -0.1372 0.0646
vn 0.9999 -0.0000 0.0169
vn 0.9943 0.1070 -0.0028
vn -0.9995 0.0000 0.0306
vn -0.6523 0.7199 -0.2371
vn -0.7409 0.6414 -0.1990
vn 0.0800 0.9357 -0.3437
vn 0.0775 0.9269 -0.3671
vn 0.0554 0.9240 -0.3784
vn -0.9865 0.0822 -0.1415
vn -0.9866 0.1634 -0.0011
vn -0.9861 0.1660 -0.0004
vn -0.9762 0.1442 0.1622
vn 0.0694 0.9419 -0.3286
vn 0.0937 0.9381 -0.3335
vn 0.0487 0.9384 -0.3422
vn -0.9960 -0.0695 -0.0560
vn -0.7405 -0.4965 -0.4530
vn -0.9134 -0.3939 -0.1021
vn -0.9892 0.1298 -0.0680
vn -0.9644 0.2539 -0.0743
vn -0.9906 0.1114 -0.0797
vn -0.9912 0.1097 -0.0741
vn 0.1791 0.9835 -0.0251
vn 0.1643 0.9859 0.0326
vn 0.2371 0.9705 0.0435
vn 0.2313 0.9727 -0.0196
vn 0.2576 -0.5902 0.7651
vn 0.2599 -0.6497 0.7144
vn 0.2713 -0.6973 0.6635
vn 0.2618 -0.6010 0.7551
vn 0.2378 0.8483 -0.4732
vn 0.2179 0.7583 -0.6144
vn 0.1309 0.8275 -0.5459
vn 0.2381 0.8421 -0.4839
vn 0.3202 0.8057 -0.4983
vn 0.4166 0.6805 -0.6028
vn 0.3506 0.6632 -0.6612
vn 0.2123 0.6711 -0.7103
vn 0.2868 0.6438 -0.7094
vn 0.1952 0.8318 -0.5196
vn 0.3152 0.5517 -0.7722
vn -0.9652 0.2404 -0.1026
vn -0.9661 0.2376 -0.1012
vn -0.9699 0.2156 -0.1133
vn -0.9781 0.1795 -0.1058
vn -0.9711 0.2375 -0.0238
vn -0.8843 0.3759 -0.2768
vn -0.9375 0.3293 -0.1122
vn -0.9620 0.2732 -0.0001
vn -0.8943 0.3297 -0.3027
vn -0.9238 0.3567 -0.1393
vn -0.9606 0.2773 0.0171
vn -0.9835 0.1799 -0.0181
vn -0.9595 0.2785 0.0422
vn -0.9599 0.2801 0.0081
vn -0.9559 0.2398 -0.1696
vn -0.9983 -0.0020 -0.0579
vn 0.2019 -0.8051 -0.5578
vn 0.3341 -0.8420 -0.4236
vn 0.1847 -0.7697 -0.6111
vn -0.3069 -0.9485 0.0779
vn -0.2547 -0.9658 0.0473
vn -0.2379 -0.9687 0.0703
vn -0.2736 -0.9593 0.0702
vn -0.3594 0.9288 -0.0898
vn -0.3902 0.9205 -0.0229
vn 0.2687 0.7775 -0.5686
vn 0.2122 0.8196 -0.5322
vn 0.4199 0.8308 -0.3653
vn -0.6916 0.7218 0.0280
vn -0.5523 0.8314 0.0601
vn -0.7180 0.6953 -0.0323
vn -0.6956 0.7171 0.0438
vn 0.5262 0.8489 0.0495
vn 0.6060 0.7906 -0.0871
vn 0.4679 0.8728 -0.1384
vn 0.6109 0.6569 0.4420
vn 0.8993 0.4310 -0.0748
vn 0.4969 0.8551 -0.1483
vn -0.1417 0.9190 0.3679
vn -0.2345 0.9011 0.3648
vn -0.3247 0.8188 0.4733
vn -0.1346 0.7965 0.5895
vn 0.5532 0.8318 0.0453
vn 0.6412 0.7441 0.1877
vn 0.7084 0.7044 -0.0450
vn 0.8327 0.5536 0.0094
vn 0.8804 0.4417 0.1727
vn 0.8635 0.4980 -0.0797
vn 0.8489 0.5282 -0.0193
vn 0.7742 0.6205 0.1249
vn 0.8021 0.5896 -0.0954
vn 0.7947 0.6017 -0.0798
vn 0.8847 0.4658 0.0149
vn 0.8060 0.5914 -0.0260
vn 0.9191 0.3778 -0.1122
vn 0.9565 0.2797 0.0834
vn 0.8557 0.5175 -0.0023
vn 0.9256 0.3661 0.0966
vn 0.8677 0.4966 -0.0221
vn 0.8492 0.5158 -0.1132
vn 0.0041 -0.0259 0.9997
vn -0.0606 -0.0486 0.9970
vn 0.0723 -0.0225 0.9971
vn 0.8169 0.5766 -0.0151
vn 0.5518 0.8320 -0.0574
vn 0.5683 0.8155 0.1097
vn 0.7247 0.6789 0.1174
vn -0.2728 -0.9449 0.1808
vn -0.2018 -0.9491 0.2418
vn -0.2945 -0.9015 0.3172
vn 0.1532 0.9238 0.3508
vn 0.2104 0.9161 0.3414
vn 0.2699 0.9123 0.3081
vn 0.2229 0.9052 0.3618
vn 0.1808 0.9020 0.3922
vn 0.2118 0.9131 0.3485
vn 0.2395 0.8907 0.3864
vn 0.2731 0.8973 0.3469
vn 0.2540 0.6714 0.6962
vn 0.4865 0.5277 0.6963
vn 0.2133 0.7548 0.6203
vn 0.1908 0.8330 0.5193
vn 0.2354 0.8288 0.5077
vn 0.3770 0.7965 0.4727
vn 0.2583 0.8508 0.4576
vn 0.3044 0.8139 0.4949
vn 0.3960 0.7689 0.5019
vn 0.3321 0.7732 0.5403
vn 0.4233 0.7269 0.5408
vn -0.1429 -0.9324 -0.3320
vn -0.2567 -0.9282 -0.2693
vn -0.3918 -0.8598 -0.3275
vn 0.1199 0.6546 0.7464
vn 0.0075 0.6262 0.7796
vn 0.2173 0.4354 0.8736
vn 0.3955 0.6545 0.6444
vn 0.2767 0.4912 0.8259
vn 0.4728 0.6520 0.5928
vn 0.1388 0.6577 0.7404
vn 0.3836 0.6798 0.6251
vn 0.4299 0.7559 0.4938
vn -0.7382 0.6745 -0.0121
vn -0.7267 0.6869 -0.0075
vn -0.7322 0.6806 -0.0237
vn -0.7383 0.6721 -0.0565
vn -0.8888 -0.4496 -0.0891
vn -0.8813 -0.4368 -0.1804
vn -0.8633 -0.4296 -0.2648
vn -0.8553 -0.4489 -0.2586
vn 0.3405 -0.0938 0.9356
vn 0.4294 -0.1508 0.8904
vn 0.4237 -0.0227 0.9055
vn 0.1995 0.0611 0.9780
vn 0.3418 0.0308 0.9393
vn 0.3963 0.0013 0.9181
vn 0.4012 0.0004 0.9160
vn 0.2347 0.1303 0.9633
vn 0.3389 0.0241 0.9405
vn 0.2878 0.0000 0.9577
vn 0.2875 0.0000 0.9578
vn 0.2898 0.0019 0.9571
vn -0.4617 -0.8709 -0.1684
vn -0.3559 -0.8847 -0.3012
vn -0.3148 -0.9376 -0.1476
vn 0.1724 0.0057 0.9850
vn 0.2864 0.0987 0.9530
vn 0.1860 0.0022 0.9825
vn 0.1635 0.0035 0.9865
vn 0.0163 0.0037 0.9999
vn -0.9803 0.1966 0.0181
vn -0.9838 0.1424 0.1085
vn 0.0069 0.0047 1.0000
vn -0.0646 0.0074 0.9979
vn -0.0155 -0.0705 0.9974
vn 0.0073 0.0048 1.0000
vn -0.0710 -0.0002 0.9975
vn 0.1646 -0.1514 0.9747
vn 0.0031 0.0046 1.0000
vn -0.1427 -0.1626 0.9763
vn 0.1852 -0.1192 0.9754
vn 0.0694 0.0097 0.9975
vn -0.0491 -0.1770 0.9830
vn 0.1354 -0.0978 0.9860
vn -0.0002 0.0019 1.0000
vn -0.0942 -0.0826 0.9921
vn 0.0469 -0.2337 0.9712
vn 0.0000 0.0021 1.0000
vn -0.2217 -0.0905 0.9709
vn 0.1466 0.1924 0.9703
vn 0.0002 0.0023 1.0000
vn 0.1280 -0.2012 0.9711
vn -0.0434 -0.0632 0.9971
vn 0.0812 0.0625 0.9947
vn -0.0015 0.0021 1.0000
vn 0.1165 -0.1289 0.9848
vn 0.1381 0.1714 0.9755
vn -0.0019 0.0013 1.0000
vn 0.1835 -0.1163 0.9761
vn 0.1120 0.1913 0.9751
vn -0.0006 0.0040 1.0000
vn 0.2116 -0.0597 0.9755
vn -0.0002 0.0043 1.0000
vn -0.0484 -0.1262 0.9908
vn 0.1499 -0.0243 0.9884
vn 0.1908 0.7133 0.6743
vn 0.4167 0.5670 0.7105
vn 0.4551 0.4098 0.7906
vn 0.3727 0.3112 0.8742
vn 0.5312 0.3451 0.7738
vn -0.0996 0.1471 0.9841
vn -0.1448 0.0974 0.9847
vn 0.0398 -0.0262 0.9989
vn -0.0694 0.1754 0.9820
vn -0.1319 0.1341 0.9822
vn 0.0180 -0.0266 0.9995
vn -0.0980 0.1426 0.9849
vn -0.1699 0.0379 0.9847
vn -0.0575 0.0396 0.9976
vn -0.5558 0.6520 0.5157
vn -0.7978 0.3555 0.4869
vn -0.5966 0.2986 0.7449
vn -1.0000 -0.0001 0.0005
vn -0.5413 0.6571 0.5246
vn -0.4380 0.8016 0.4070
vn -0.7026 0.5830 0.4079
vn -0.4205 0.8206 0.3871
vn -0.5890 0.7723 0.2381
vn -0.5813 0.6215 0.5252
vn -0.6039 0.7472 0.2775
vn -0.6536 0.6960 0.2974
vn -0.6880 0.5802 0.4359
vn -0.9012 -0.4107 0.1385
vn -0.8101 -0.5807 0.0803
vn -0.8340 -0.4660 0.2952
vn -0.7386 0.3218 0.5924
vn -0.8791 0.1018 0.4656
vn -0.8199 0.1287 0.5578
vn -0.9998 0.0000 0.0181
vn -0.8854 -0.0032 0.4647
vn -0.8836 -0.0014 0.4682
vn 0.7775 -0.0024 -0.6289
vn 0.8105 -0.1467 -0.5670
vn -0.9138 -0.0002 0.4061
vn -0.9267 -0.0038 0.3757
vn -0.9461 -0.0734 0.3154
vn -0.9476 -0.0957 0.3047
vn -0.9038 -0.1213 0.4103
vn -0.9494 -0.1251 0.2881
vn -0.9479 -0.1954 0.2514
vn -0.9243 -0.0541 0.3779
vn -0.3536 0.5307 0.7703
vn -0.8159 0.4865 0.3125
vn -0.6370 0.2895 0.7144
vn -0.3175 0.5556 0.7685
vn -0.3262 0.6545 0.6821
vn -0.5886 0.6015 0.5402
vn -0.4140 0.8110 0.4134
vn -0.5651 0.6648 0.4885
vn -0.5288 0.5905 0.6096
vn -0.3751 0.6526 0.6584
vn -0.3011 0.7988 0.5209
vn -0.7622 0.6120 0.2109
vn -0.2973 0.8083 0.5082
vn -0.4960 0.7653 0.4101
vn -0.5820 0.6604 0.4745
vn -0.0652 0.0432 0.9969
vn -0.1408 0.0476 0.9889
vn -0.1226 0.0038 0.9924
vn -0.1425 -0.0206 0.9896
vn -0.2483 0.0246 0.9684
vn -0.1844 0.0006 0.9828
vn -0.0748 0.0518 0.9959
vn -0.1303 0.0930 0.9871
vn -0.0974 0.3381 0.9360
vn -0.2007 0.2783 0.9393
vn 0.1704 0.8898 -0.4232
vn 0.2593 0.9254 -0.2763
vn 0.3995 0.8537 -0.3339
vn 0.1423 0.8982 -0.4160
vn -0.0866 0.4641 0.8815
vn -0.2937 0.6421 0.7081
vn -0.3447 0.4180 0.8405
vn 0.2606 -0.6744 -0.6908
vn 0.2232 -0.8011 -0.5553
vn 0.0697 -0.6463 -0.7599
vn 0.2593 -0.6535 -0.7111
vn -0.2900 0.8049 0.5177
vn -0.2604 0.6328 0.7292
vn -0.0537 0.7304 0.6809
vn -0.1718 0.5048 0.8459
vn -0.1054 0.5922 0.7988
vn -0.1687 0.6520 0.7392
vn -0.0667 0.5174 0.8532
vn -0.1299 0.8058 0.5778
vn -0.1948 0.6619 0.7238
vn -0.9622 0.1252 0.2417
vn -0.9157 0.3693 0.1586
vn -0.9863 0.0648 0.1514
vn -0.9066 0.3233 0.2713
vn -0.8963 0.4145 0.1579
vn -0.9542 0.2557 0.1552
vn -0.9353 0.2955 0.1946
vn -0.9001 0.3858 0.2027
vn -0.9322 0.3284 0.1523
vn -0.8346 0.5250 0.1667
vn -0.6774 0.7094 0.1945
vn -0.8897 0.4041 0.2124
vn -0.7250 0.6795 0.1125
vn -0.7384 0.6698 0.0783
vn -0.8954 0.4439 0.0337
vn -0.9701 -0.0152 0.2424
vn -0.9787 0.0640 0.1948
vn -0.9794 0.0437 0.1969
vn 0.0561 0.7197 -0.6921
vn -0.0873 0.4451 -0.8912
vn -0.5982 0.2153 -0.7719
vn -0.8763 0.3815 -0.2943
vn -0.9744 0.0755 0.2117
vn -0.9723 -0.0771 0.2208
vn -0.9796 -0.1580 0.1239
vn -0.9718 -0.1079 0.2097
vn -0.9604 -0.0770 0.2676
vn -0.9689 -0.0748 0.2360
vn -0.9744 0.0001 0.2249
vn -0.9790 -0.1135 0.1696
vn -0.9589 -0.0524 0.2789
vn -0.9743 0.0000 0.2251
vn -0.9841 -0.0953 0.1502
vn -0.9980 -0.0016 0.0627
vn -0.9943 0.1032 -0.0269
vn -0.5917 -0.7638 -0.2579
vn -0.7342 -0.5883 -0.3390
vn -0.4968 -0.8205 -0.2830
vn -0.5516 -0.7921 -0.2612
vn -0.8980 -0.2749 0.3436
vn -0.8483 -0.2796 0.4497
vn -0.8070 -0.4475 0.3853
vn -0.8447 -0.1850 0.5023
vn -0.9984 0.0037 0.0559
vn -0.9966 0.0078 -0.0819
vn -0.9031 0.4281 0.0333
vn -0.9125 0.4078 0.0323
vn -0.9422 0.3089 0.1301
vn -0.9524 0.2846 0.1089
vn -0.9440 0.2968 0.1441
vn -0.9275 0.3714 0.0417
vn -0.9107 0.3685 0.1868
vn -0.9028 0.4282 0.0393
vn -0.9453 0.3253 0.0264
vn -0.9657 0.2478 -0.0771
vn -0.9021 0.4299 0.0381
vn -0.9983 -0.0125 0.0565
vn -0.9984 -0.0075 0.0561
vn -0.9984 -0.0026 0.0556
vn -0.9970 0.0543 0.0546
vn -0.9897 0.1332 0.0527
vn -0.9850 0.1646 0.0514
vn -0.9989 0.0413 0.0207
vn -0.9307 0.3631 0.0439
vn -0.9693 0.2413 0.0473
vn -0.9530 0.2961 0.0638
vn -0.9791 0.2021 0.0233
vn -0.9872 0.0952 0.1282
vn -0.9530 0.3022 0.0204
vn -0.9583 0.2856 0.0022
vn -0.9461 0.3230 0.0256
vn -0.9960 0.0864 0.0225
vn -0.0686 -0.9971 0.0335
vn -0.0390 -0.9959 0.0815
vn -0.0913 -0.9957 -0.0181
vn -0.9957 0.0911 0.0181
vn -0.9997 -0.0000 0.0224
vn -0.9930 -0.1167 0.0179
vn -0.9994 -0.0306 0.0182
vn -0.9999 -0.0000 0.0127
vn -0.9887 0.1376 0.0601
vn 0.6395 0.0395 -0.7678
vn 0.6275 -0.2194 -0.7470
vn 0.4478 -0.1833 -0.8751
vn 0.5220 0.0584 -0.8510
vn 0.0711 0.9566 -0.2825
vn 0.0624 0.9491 -0.3088
vn 0.0512 0.9345 -0.3522
vn 0.0510 0.9566 -0.2870
vn -0.9999 0.0114 0.0104
vn -0.9834 0.1814 0.0104
vn -0.9801 0.1209 0.1576
vn -0.9972 0.0523 0.0533
vn -0.9997 0.0189 0.0150
vn -0.9989 -0.0456 0.0095
vn -0.9953 0.0945 0.0219
vn -0.9920 0.1254 0.0152
vn -0.9999 -0.0120 0.0087
vn -0.9414 0.3037 -0.1471
vn -0.9394 0.2983 0.1688
vn -0.9833 0.1682 -0.0691
vn -0.9183 0.3678 -0.1462
vn -0.9770 0.2134 -0.0059
vn -0.9690 0.2345 -0.0780
vn -0.8790 0.4769 0.0007
vn -0.9755 0.2170 -0.0368
vn -0.9619 0.2732 -0.0092
vn -0.9018 0.4322 -0.0029
vn -0.9699 0.2257 0.0915
vn -0.9376 0.3477 0.0057
vn -0.9818 0.1899 -0.0033
vn -0.8790 0.4768 0.0042
vn -0.8724 0.4621 -0.1596
vn -0.4300 -0.8889 -0.1580
vn -0.4051 -0.8947 -0.1884
vn -0.9823 0.1849 -0.0313
vn -0.9848 0.1708 -0.0331
vn -0.9980 0.0497 0.0380
vn -0.9958 0.0715 -0.0572
vn -0.9968 0.0678 -0.0433
vn -0.9974 -0.0643 0.0334
vn -0.9990 0.0007 -0.0454
vn -0.9987 0.0000 -0.0506
vn -0.9978 0.0000 -0.0656
vn 0.1674 0.8723 0.4595
vn 0.2632 0.8768 0.4024
vn -0.9979 -0.0000 -0.0650
vn -0.9983 0.0054 -0.0583
vn -0.6493 -0.7600 0.0273
vn -0.6204 -0.7737 -0.1285
vn -0.6407 -0.7570 -0.1281
vn -0.6391 -0.7689 -0.0153
vn -0.9237 0.3818 0.0310
vn -0.9326 0.3239 -0.1591
vn -0.9055 0.4180 -0.0732
vn -0.9588 -0.1419 -0.2460
vn -0.9758 -0.0716 -0.2068
vn -0.9696 -0.0538 -0.2386
vn -0.9678 -0.0694 -0.2421
vn -0.6207 0.4470 0.6441
vn -0.5017 0.7177 0.4830
vn -0.9182 0.3787 -0.1167
vn -0.9253 0.3601 -0.1190
vn -0.9832 0.1785 -0.0379
vn -0.9826 0.1783 -0.0523
vn -0.7017 -0.7121 -0.0229
vn -0.6639 -0.7472 -0.0291
vn -0.6497 -0.7596 -0.0290
vn -0.6483 -0.7560 0.0900
vn -0.7384 0.6697 0.0783
vn -0.8018 0.5930 0.0738
vn -0.7719 0.6291 0.0917
vn -0.7680 0.6165 -0.1737
vn -0.6929 0.6979 0.1814
vn -0.8648 0.4362 0.2488
vn -0.9621 0.2560 0.0936
vn -0.9874 0.0761 0.1388
vn -0.8484 0.5276 0.0430
vn -0.9914 -0.0835 -0.1004
vn -0.6226 -0.7544 -0.2079
vn -0.6107 -0.6906 -0.3875
vn -0.4981 -0.8566 -0.1344
vn -0.5874 -0.7875 -0.1862
vn -0.7607 0.6298 0.1568
vn -0.9213 -0.2819 -0.2680
vn -0.9122 0.1704 -0.3726
vn -0.7247 -0.6261 -0.2877
vn -0.7706 -0.6063 -0.1964
vn -0.7979 -0.5873 -0.1354
vn -0.9970 0.0082 0.0769
vn -0.9968 0.0013 0.0799
vn -0.9969 0.0109 0.0780
vn -0.9964 -0.0000 0.0851
vn -0.9599 -0.0577 0.2745
vn -0.9776 -0.0636 0.2006
vn -0.9693 -0.1841 0.1628
vn -0.9587 -0.0968 0.2673
vn 0.1107 -0.9460 -0.3047
vn 0.1089 -0.9530 -0.2829
vn 0.1044 -0.9536 -0.2823
vn 0.5783 -0.0021 -0.8158
vn -0.9976 -0.0018 0.0688
vn -0.9923 -0.1216 0.0214
vn -0.9969 -0.0085 0.0788
vn -0.9827 0.1172 -0.1431
vn -0.9701 0.1897 -0.1512
vn -0.9629 0.1418 -0.2294
vn 0.3267 -0.2936 0.8984
vn 0.3931 -0.2000 0.8975
vn -0.8609 -0.4117 -0.2990
vn -0.8535 -0.4470 -0.2679
vn -0.8806 -0.4257 -0.2080
vn -0.8865 -0.4139 -0.2070
vn -1.0000 0.0052 -0.0066
vn -0.9998 0.0122 -0.0180
vn -0.9998 0.0001 -0.0217
vn -0.9999 -0.0040 -0.0096
vn -0.8117 0.5564 -0.1778
vn -0.8101 0.5589 -0.1773
vn -0.7830 0.5952 -0.1809
vn -0.7034 0.6969 -0.1398
vn -0.6910 0.7123 -0.1234
vn -0.6709 -0.7271 -0.1460
vn -0.5127 -0.8506 -0.1166
vn -0.5227 -0.8497 -0.0696
vn -0.5956 -0.8025 -0.0355
vn 0.1565 -0.8532 0.4976
vn 0.1496 -0.8987 0.4123
vn 0.1866 -0.8306 0.5247
vn -0.4890 0.8543 -0.1762
vn -0.4952 0.8648 -0.0833
vn -0.5201 0.8478 -0.1037
vn -0.2680 0.9522 -0.1465
vn -0.2831 0.9513 -0.1221
vn 0.1209 0.9925 -0.0161
vn 0.1071 0.9942 0.0095
vn 0.1699 0.9853 0.0185
vn 0.1646 0.9861 -0.0224
vn -0.2473 -0.9563 -0.1561
vn -0.1477 -0.9735 -0.1745
vn -0.2029 -0.9717 -0.1210
vn -0.9998 -0.0121 -0.0138
vn -0.9917 -0.1053 0.0739
vn -0.9857 -0.1683 0.0042
vn -0.9713 -0.1749 -0.1609
vn -0.3137 0.9427 -0.1137
vn -0.9974 0.0000 0.0719
vn -0.9982 -0.0006 0.0599
vn -0.9967 -0.0023 0.0812
vn -0.5357 0.8368 -0.1135
vn -0.4662 0.8737 -0.1390
vn -0.4460 0.8418 -0.3041
vn -0.5059 0.8556 -0.1099
vn -0.4561 0.8831 -0.1102
vn 0.5662 0.4742 -0.6742
vn 0.7510 0.1035 -0.6521
vn 0.4343 0.3349 -0.8362
vn 0.5111 0.4042 -0.7585
vn -0.3678 0.9066 -0.2067
vn -0.3322 0.9232 -0.1932
vn -0.3147 0.9182 -0.2403
vn 0.2223 0.9749 -0.0115
vn 0.2779 0.9605 -0.0101
vn 0.2822 0.9571 -0.0658
vn 0.2064 0.9776 -0.0402
vn 0.2078 0.9243 -0.3201
vn 0.1915 0.9348 -0.2990
vn 0.2212 0.9145 -0.3389
vn -0.2906 0.3157 0.9033
vn -0.1427 0.0832 0.9863
vn 0.1667 0.2785 0.9458
vn 0.1435 -0.8738 -0.4647
vn 0.1565 -0.8898 -0.4286
vn 0.0329 0.9747 -0.2211
vn 0.0577 0.9683 -0.2432
vn 0.0382 0.9611 -0.2737
vn 0.0596 0.9650 -0.2552
vn 0.0857 0.9573 -0.2759
vn 0.0390 0.9618 -0.2710
vn 0.0780 0.9655 -0.2486
vn 0.0873 0.9527 -0.2912
vn 0.0392 0.9626 -0.2681
vn 0.0807 0.9568 -0.2794
vn 0.1093 0.9488 -0.2965
vn 0.1015 0.9410 -0.3229
vn 0.2234 0.9116 -0.3450
vn 0.3061 0.9062 -0.2917
vn 0.2716 0.8721 -0.4070
vn 0.2167 0.8532 -0.4745
vn 0.2594 0.8878 -0.3802
vn 0.2124 0.8730 -0.4391
vn 0.1900 0.8619 -0.4701
vn 0.2009 0.8659 -0.4581
vn -0.7098 0.7039 -0.0282
vn -0.7571 0.6401 -0.1309
vn -0.7976 0.6025 0.0279
vn -0.7570 0.6402 -0.1309
vn -0.6561 0.7525 -0.0567
vn -0.5143 0.8503 -0.1114
vn -0.5793 0.8039 -0.1349
vn -0.5930 0.7871 -0.1697
vn -0.6521 0.7464 -0.1330
vn 0.2092 0.9221 -0.3255
vn 0.1641 0.9557 -0.2444
vn 0.2746 0.9280 -0.2519
vn 0.1748 0.7929 -0.5838
vn 0.1879 0.7404 -0.6454
vn 0.1829 0.6465 -0.7407
vn -0.0349 0.8198 -0.5716
vn -0.1634 -0.9311 -0.3261
vn -0.1157 -0.9612 -0.2504
vn -0.2222 -0.9287 -0.2968
vn 0.2436 0.9600 -0.1381
vn 0.3372 0.9367 -0.0945
vn 0.2435 0.9447 -0.2195
vn 0.2137 0.8248 -0.5234
vn 0.1709 0.8121 -0.5580
vn 0.1494 0.8424 -0.5178
vn 0.1999 0.8395 -0.5053
vn 0.2375 -0.9643 0.1175
vn 0.3144 -0.9483 0.0440
vn 0.1963 0.9137 0.3558
vn 0.3224 0.8058 0.4966
vn 0.4048 0.8102 0.4240
vn 0.3068 0.8985 0.3139
vn 0.1451 0.9582 0.2464
vn 0.1306 0.9432 0.3054
vn 0.1993 0.9476 0.2496
vn 0.1005 0.9651 0.2417
vn 0.1570 0.9515 0.2646
vn 0.2113 0.9406 0.2658
vn 0.1712 0.9433 0.2844
vn 0.2254 0.9325 0.2823
vn 0.1944 0.9299 0.3122
vn 0.2115 0.9073 0.3633
vn 0.2421 0.9315 0.2717
vn 0.1463 0.9306 0.3356
vn 0.0044 0.8800 0.4750
vn 0.1432 0.8959 0.4206
vn 0.1605 0.9563 0.2443
vn 0.1276 0.9303 0.3438
vn 0.1830 0.9276 0.3257
vn 0.0464 -0.9987 -0.0222
vn 0.0544 -0.9979 -0.0352
vn 0.0616 -0.9978 -0.0229
vn 0.1474 0.9024 0.4049
vn 0.1686 0.8789 0.4462
vn -0.3642 -0.9313 0.0057
vn -0.3689 -0.9275 -0.0604
vn -0.3562 -0.9344 -0.0040
vn -0.9952 0.0048 -0.0974
vn -0.9951 0.0051 -0.0983
vn -0.9953 0.0000 -0.0968
vn -0.9954 0.0000 -0.0959
vn 0.4976 0.0923 0.8625
vn 0.5826 0.0037 0.8128
vn 0.5711 0.1854 0.7997
vn -0.4847 -0.8711 0.0788
vn -0.5811 -0.8102 0.0770
vn -0.4134 -0.9087 0.0583
vn 0.1868 0.8369 0.5144
vn 0.2175 0.7723 0.5969
vn -0.1936 0.9803 0.0395
vn -0.2600 0.9640 0.0563
vn -0.1675 0.9856 0.0226
vn -0.1635 0.9818 0.0964
vn 0.2457 0.7686 -0.5906
vn 0.2771 0.6830 -0.6758
vn 0.2371 0.7179 -0.6545
vn 0.1690 0.7530 -0.6360
vn 0.1262 0.6252 0.7702
vn 0.1110 0.7146 0.6906
vn 0.1017 -0.9868 -0.1263
vn 0.0809 -0.9929 -0.0872
vn 0.0567 -0.9868 -0.1517
vn -0.9773 0.0000 -0.2118
vn -0.9772 -0.0210 -0.2113
vn 0.1433 -0.9861 -0.0840
vn 0.1629 -0.9727 -0.1652
vn 0.1378 -0.9158 0.3773
vn -0.9755 0.0005 -0.2201
vn -0.9715 -0.1799 -0.1546
vn -0.9699 -0.2389 -0.0464
vn -0.9855 -0.1682 -0.0230
vn -0.0214 0.6976 0.7161
vn 0.0071 0.3096 0.9508
vn 0.1912 -0.0138 0.9814
vn 0.0054 0.0045 1.0000
vn -0.9987 -0.0416 0.0294
vn -0.9986 -0.0426 0.0303
vn -0.9821 -0.1855 0.0332
vn -0.9927 0.1113 0.0467
vn -0.6926 0.6520 0.3084
vn -0.7352 0.5850 0.3425
vn -0.0732 0.9970 0.0251
vn -0.0844 0.9962 0.0218
vn -0.0799 0.9962 0.0344
vn -0.8671 0.2856 0.4082
vn -0.8708 0.2786 0.4050
vn -0.8525 0.0162 0.5224
vn -0.9476 0.0957 0.3047
vn -0.9463 0.0980 0.3081
vn -0.9466 0.0995 0.3066
vn 0.1771 -0.8577 -0.4827
vn 0.1381 -0.8697 -0.4739
vn -0.9496 0.1260 0.2871
vn -0.9494 0.1251 0.2881
vn -0.9480 0.1263 0.2920
vn -0.9461 0.0734 0.3154
vn -0.9466 0.0770 0.3130
vn -0.9266 0.0037 0.3759
vn -0.9267 0.0036 0.3759
vn -0.9281 0.0062 0.3723
vn -0.9138 0.0002 0.4061
vn -0.9156 0.0003 0.4021
vn 0.2852 0.5519 -0.7836
vn -0.9435 -0.0002 0.3314
vn -0.9434 0.0000 0.3317
vn -0.9435 -0.0000 0.3314
vn -0.9521 -0.0435 0.3027
vn -0.9450 -0.0277 0.3258
vn -0.9603 0.0227 0.2779
vn -0.9486 -0.0116 0.3163
vn -0.7782 0.0325 0.6272
vn -0.7272 0.0000 0.6865
vn -0.6705 0.0309 0.7413
vn -0.9658 -0.0453 0.2553
vn -0.9371 0.0173 0.3486
vn -0.9535 0.0000 0.3015
vn -0.9534 0.0000 0.3017
vn 0.3462 0.9011 0.2612
vn 0.4478 0.8188 0.3591
vn 0.4220 0.8937 0.1525
vn 0.4239 0.5831 0.6930
vn 0.0436 0.6455 0.7625
vn -0.0613 0.3432 0.9373
vn 0.0799 0.6838 0.7253
vn 0.0544 0.7809 0.6223
vn -0.0712 0.5827 0.8096
vn 0.0366 0.8298 0.5569
vn -0.1837 0.7729 0.6073
vn -0.2487 0.6068 0.7549
vn -0.9306 -0.2723 -0.2446
vn -0.9358 -0.2610 -0.2372
vn -0.9320 -0.2794 -0.2308
vn -0.8170 0.4994 0.2885
vn -0.7893 0.5807 0.1996
vn -0.6219 0.7776 0.0923
vn -0.7966 0.5826 0.1614
vn -0.7159 0.6784 0.1655
vn -0.7145 0.6911 0.1090
vn 0.2797 0.5790 0.7658
vn 0.4029 0.7184 0.5671
vn -0.9624 0.1357 0.2353
vn -0.9510 0.2237 0.2136
vn -0.9403 0.3286 0.0882
vn -0.9441 0.2484 0.2169
vn -0.9289 0.3094 0.2036
vn -0.9470 0.3137 0.0690
vn -0.9070 0.3719 0.1976
vn -0.8936 0.4103 0.1820
vn -0.8992 0.4334 0.0599
vn -0.9378 0.2780 0.2080
vn -0.9705 0.1361 0.1990
vn -0.8960 0.4033 0.1861
vn -0.8387 0.4879 0.2420
vn -0.9313 0.3641 -0.0127
vn -0.8370 0.5199 0.1708
vn -0.8100 0.5384 0.2326
vn -0.9215 0.3473 0.1737
vn -0.2362 0.9717 0.0021
vn -0.2310 0.9729 0.0046
vn -0.2591 0.9605 -0.1015
vn -0.3183 0.9464 0.0551
vn -0.9716 0.0931 0.2175
vn -0.9768 0.1433 0.1591
vn -0.9615 0.1761 0.2109
vn -0.9514 0.2124 0.2229
vn -0.9855 0.0652 0.1569
vn -0.9744 -0.0001 0.2249
vn -0.9723 0.0771 0.2208
vn -0.7840 0.6201 -0.0281
vn -0.7771 0.6290 -0.0192
vn -0.7738 0.6279 -0.0836
vn -0.7848 0.6139 -0.0851
vn -0.9980 0.0016 0.0626
vn 0.1715 0.0831 0.9817
vn 0.2815 -0.0166 0.9594
vn 0.1142 0.3848 0.9159
vn -0.9984 -0.0037 0.0559
vn -0.8917 0.4511 0.0389
vn -0.7932 0.6002 0.1035
vn -0.8715 0.4438 0.2087
vn -0.9470 0.3213 -0.0053
vn -0.8709 0.4901 0.0376
vn -0.8500 0.4842 0.2074
vn -0.8523 0.5218 0.0360
vn -0.8341 0.5505 0.0352
vn -0.7958 0.6047 0.0333
vn -0.8486 0.4800 0.2224
vn -0.7058 0.7022 0.0936
vn -0.7304 0.6824 0.0299
vn -0.6947 0.6894 0.2054
vn -0.7065 0.6782 0.2021
vn -0.6921 0.7213 0.0278
vn -0.7824 0.6178 -0.0786
vn -0.6862 0.7269 0.0275
vn -0.6432 0.7653 0.0248
vn -0.5877 0.8088 0.0210
vn -0.5033 0.8440 0.1852
vn -0.5369 0.8219 0.1905
vn -0.5572 0.8301 0.0189
vn -0.6409 0.7671 0.0300
vn -0.4998 0.8660 0.0148
vn -0.4493 0.8931 0.0246
vn -0.4436 0.8959 0.0243
vn -0.4467 0.8946 0.0104
vn -0.4382 0.8987 0.0194
vn -0.4295 0.9030 0.0090
vn -0.2723 0.9622 -0.0048
vn -0.6186 0.7831 0.0633
vn -0.4590 0.8884 0.0080
vn -0.3155 0.9489 -0.0072
vn -0.6429 0.7639 0.0555
vn -0.4918 0.8707 0.0070
vn -0.3575 0.9337 -0.0168
vn -0.6844 0.7274 0.0504
vn -0.5340 0.8454 0.0060
vn -0.7048 0.7079 -0.0449
vn -0.5590 0.8292 0.0054
vn -0.6517 0.7538 -0.0838
vn -0.6631 0.7410 -0.1061
vn -0.6635 0.7482 0.0040
vn -0.6921 0.7215 -0.0200
vn -0.7659 0.6429 0.0037
vn -0.7352 0.6779 -0.0044
vn -0.8303 0.5572 0.0038
vn -0.9519 0.3057 0.0230
vn -0.9545 0.2978 0.0173
vn -0.9522 0.3053 0.0119
vn -0.9570 0.2898 0.0106
vn -0.9612 0.2743 0.0277
vn -0.9549 0.2963 0.0171
vn -0.9250 0.3775 0.0433
vn -0.9226 0.3824 0.0505
vn -0.8591 0.5102 0.0407
vn -0.8928 0.4487 0.0398
vn -0.8900 0.4542 0.0395
vn -0.8331 0.5399 -0.1203
vn -0.8479 -0.1625 0.5047
vn -0.8533 0.1026 0.5112
vn -0.9777 0.2028 0.0539
vn -0.9858 -0.1512 -0.0731
vn -0.9475 0.3160 0.0486
vn -0.4527 -0.8916 -0.0000
vn -0.4628 -0.8863 -0.0182
vn -0.4331 -0.9012 -0.0151
vn -0.2858 -0.9582 0.0134
vn -0.9941 0.1078 -0.0069
vn -0.9953 0.0962 0.0129
vn -0.9942 0.1063 0.0185
vn -0.9994 0.0330 0.0068
vn -0.9988 -0.0251 0.0424
vn -0.9994 0.0302 0.0181
vn -0.9922 0.1174 -0.0423
vn -0.9890 0.1156 -0.0924
vn -0.9922 0.1230 0.0178
vn -0.9606 0.2774 0.0149
vn -0.9602 0.2791 0.0090
vn -0.9631 0.2688 0.0120
vn -0.7421 0.6630 0.0991
vn -0.6678 0.7384 -0.0938
vn -0.6915 0.7076 0.1450
vn -0.8806 0.4257 -0.2080
vn -0.9182 0.3397 -0.2039
vn -0.8870 0.4393 -0.1420
vn -0.9987 0.0008 -0.0513
vn -0.9294 -0.3665 -0.0438
vn -0.9383 -0.3262 -0.1151
vn -0.8702 -0.4902 -0.0501
vn 0.3621 0.7264 0.5842
vn 0.3515 0.6620 0.6620
vn 0.4895 0.6429 0.5891
vn 0.4016 0.7895 0.4642
vn -0.7540 0.6561 -0.0330
vn -0.7318 0.6801 -0.0438
vn -0.8336 0.5495 -0.0572
vn -0.7274 0.6848 -0.0440
vn -0.3264 -0.9436 0.0546
vn -0.2085 -0.9777 0.0265
vn -0.1748 -0.9820 0.0709
vn -0.1088 -0.9939 -0.0195
vn -0.6901 0.7223 0.0457
vn -0.9152 -0.2471 -0.3182
vn -0.8992 -0.2014 -0.3885
vn -0.8926 -0.3397 -0.2965
vn -0.8255 0.5611 0.0612
vn -0.9396 0.3319 0.0839
vn -0.9290 0.3623 0.0748
vn -0.8556 0.5109 -0.0833
vn -0.9859 0.1159 0.1209
vn -0.9251 0.3731 0.0701
vn -0.9099 0.4025 -0.0998
vn -0.9882 0.0671 -0.1374
vn -0.1154 -0.9629 0.2438
vn -0.1607 -0.9647 0.2087
vn -0.1254 -0.9815 0.1449
vn -0.9976 0.0018 0.0690
vn -0.9972 0.0061 0.0751
vn -0.7279 0.6735 -0.1284
vn -0.9803 0.0939 -0.1737
vn -0.9820 0.0731 -0.1742
vn -0.9873 0.0840 -0.1346
vn -0.4708 -0.8811 0.0439
vn -0.4551 -0.8786 -0.1446
vn -0.4160 -0.9024 -0.1120
vn -0.3764 -0.9264 -0.0144
vn 0.9863 0.1445 0.0793
vn 0.9962 0.0687 0.0526
vn 0.9923 0.0577 0.1098
vn 0.9990 0.0258 0.0364
vn 0.0976 0.9762 -0.1939
vn 0.0319 0.9745 -0.2223
vn 0.0369 0.9886 -0.1460
vn -0.2227 0.9682 -0.1138
vn -0.1990 0.9700 -0.1397
vn -0.2044 0.9744 -0.0933
vn -0.2159 0.9744 -0.0635
vn -0.1892 0.9744 -0.1215
vn -0.2936 0.9499 -0.1072
vn -0.2785 0.9514 -0.1315
vn -0.2854 0.9528 -0.1033
vn -0.2834 0.9535 -0.1030
vn -0.3474 0.9337 -0.0865
vn -0.3370 0.9378 -0.0838
vn -0.0201 -0.9982 -0.0570
vn -0.0106 -0.9992 -0.0392
vn 0.0510 -0.9975 -0.0485
vn -0.3024 0.9527 -0.0290
vn -0.2950 0.9529 -0.0705
vn -0.2980 0.9540 -0.0327
vn -0.2814 0.9569 -0.0715
vn -0.2723 0.9592 -0.0761
vn -0.2753 0.9574 -0.0868
vn -0.2783 0.9574 -0.0774
vn -0.2921 0.9500 -0.1105
vn -0.2971 0.9475 -0.1186
vn -0.9969 -0.0001 0.0792
vn -0.9869 0.0992 0.1274
vn -0.4125 0.9096 -0.0498
vn -0.3306 0.9383 -0.1020
vn -0.4158 0.9046 -0.0937
vn 0.0846 0.9424 -0.3236
vn 0.1097 0.9473 -0.3009
vn 0.0826 0.9365 -0.3409
vn 0.1247 0.9513 -0.2820
vn 0.1469 0.9523 -0.2676
vn 0.1331 0.9669 -0.2177
vn 0.2159 0.9496 -0.2271
vn 0.1684 0.9503 -0.2620
vn 0.1671 0.9071 -0.3864
vn 0.1567 0.9426 -0.2949
vn 0.1572 0.9261 -0.3430
vn 0.1494 0.9330 -0.3274
vn 0.0383 0.9224 -0.3843
vn 0.1465 0.9353 -0.3222
vn 0.2122 0.8979 -0.3856
vn 0.2313 0.8866 -0.4005
vn 0.2454 0.9209 -0.3028
vn 0.1537 0.9284 -0.3382
vn -0.0319 -0.9745 -0.2223
vn -0.0169 -0.9861 -0.1652
vn -0.0663 -0.9873 -0.1442
vn -0.0826 -0.9727 -0.2169
vn 0.0933 0.9744 -0.2044
vn 0.0627 0.9750 -0.2134
vn 0.0320 0.9745 -0.2223
vn 0.0579 0.9685 -0.2424
vn 0.0242 0.9705 -0.2397
vn 0.1146 0.9493 -0.2929
vn 0.1097 0.9393 -0.3252
vn 0.1031 0.9534 -0.2835
vn 0.0876 0.9457 -0.3130
vn -0.6785 0.7336 -0.0381
vn -0.6564 0.7541 -0.0234
vn -0.7008 0.7113 -0.0545
vn 0.3074 -0.4351 0.8463
vn 0.2729 -0.9571 -0.0972
vn 0.2074 -0.9759 -0.0670
vn 0.1859 -0.9766 -0.1080
vn 0.2543 -0.9568 -0.1412
vn -0.9819 -0.0734 -0.1743
vn -0.9666 -0.1676 -0.1938
vn -0.9524 -0.2240 -0.2070
vn -0.9878 -0.0874 -0.1292
vn -0.1821 -0.9629 0.1989
vn -0.2150 -0.9647 0.1521
vn -0.1625 -0.9815 0.1015
vn 0.0406 -0.9832 0.1781
vn 0.0650 -0.9677 0.2435
vn -0.0219 -0.9815 0.1902
vn 0.1086 0.9655 0.2365
vn 0.0984 0.9607 0.2596
vn 0.1348 0.9588 0.2500
vn 0.1406 0.9411 0.3077
vn 0.1158 0.9349 0.3354
vn 0.1167 0.9399 0.3208
vn 0.1169 0.9395 0.3220
vn 0.1237 0.9328 0.3385
vn 0.1190 0.9364 0.3302
vn 0.1748 0.9193 0.3527
vn 0.1256 0.9307 0.3434
vn 0.1516 0.9454 0.2885
vn 0.0975 0.9166 0.3878
vn 0.0674 0.9388 0.3377
vn 0.1149 -0.9076 0.4038
vn 0.1283 -0.8144 0.5660
vn 0.1160 -0.7960 0.5941
vn 0.0909 -0.9109 0.4026
vn 0.1819 0.9131 0.3649
vn 0.1529 0.9266 0.3436
vn 0.1991 0.8930 0.4037
vn 0.0806 0.9053 -0.4170
vn 0.1272 0.8864 -0.4450
vn 0.1172 0.8518 -0.5106
vn -0.0064 0.9268 -0.3754
vn -0.0194 0.9152 0.4026
vn 0.1393 0.8868 0.4408
vn 0.0751 0.8973 0.4349
vn 0.0764 0.8688 0.4892
vn 0.0393 0.8191 0.5723
vn 0.1177 0.8144 0.5682
vn 0.0883 0.8451 0.5273
vn 0.9509 0.1468 -0.2723
vn 0.9606 0.0303 -0.2763
vn 0.9696 0.0555 -0.2384
vn 0.2637 0.8182 0.5108
vn 0.3183 0.7528 0.5763
vn 0.3378 0.7828 0.5226
vn 0.2957 0.8002 0.5217
vn 0.3643 0.6944 0.6205
vn 0.3268 0.7504 0.5745
vn 0.2163 0.7733 0.5960
vn 0.0567 0.6520 0.7561
vn 0.1215 0.6982 0.7055
vn 0.1847 0.7243 0.6643
vn 0.0633 0.6022 0.7958
vn 0.1308 0.6491 0.7494
vn -0.9739 0.1597 0.1614
vn -0.9485 0.3165 0.0126
vn -0.9875 0.1576 0.0028
vn 0.1590 0.4268 0.8903
vn 0.1951 -0.9236 0.3299
vn 0.1833 -0.9387 0.2920
vn 0.2260 -0.9491 0.2193
vn 0.3024 -0.9068 0.2937
vn -0.3506 0.9272 0.1320
vn -0.3586 0.9183 0.1679
vn -0.3947 0.8952 0.2068
vn -0.3964 0.8991 0.1856
vn -0.4234 -0.8964 0.1310
vn -0.4492 -0.8787 0.1615
vn -0.5029 -0.8258 0.2552
vn -0.4943 -0.8556 0.1536
vn -0.4659 -0.8652 0.1855
vn -0.5101 0.8408 -0.1814
vn -0.4856 0.8557 -0.1788
vn -0.4901 0.8520 0.1839
vn -0.5083 0.8400 0.1896
vn -0.8537 -0.5196 -0.0355
vn -0.8463 -0.5045 -0.1710
vn -0.8252 -0.5648 0.0044
vn -0.7856 0.5764 0.2247
vn -0.8165 0.5197 0.2514
vn -0.8664 -0.4224 0.2665
vn -0.8763 -0.3920 0.2799
vn -0.8081 -0.4755 0.3476
vn -0.9486 0.0116 0.3163
vn -0.9487 0.0118 0.3160
vn -0.9604 0.0770 0.2676
vn -0.9658 0.0453 0.2553
vn -0.9053 0.3793 0.1912
vn -0.9202 0.3592 0.1556
vn -0.8919 -0.4522 -0.0044
vn -0.9416 -0.3360 -0.0215
vn -0.9628 -0.2585 -0.0789
vn -0.8440 -0.5333 -0.0574
vn -0.4208 -0.8908 -0.1716
vn -0.3946 -0.9085 -0.1374
vn -0.3632 -0.9307 -0.0428
vn -0.5217 -0.8512 -0.0576
vn -0.5044 0.8591 0.0865
vn -0.5700 0.8174 0.0840
vn -0.4072 0.9133 -0.0108
vn -0.4325 0.9012 -0.0278
vn -0.5075 0.8496 0.1438
vn -0.4928 0.8700 0.0150
vn -0.5122 0.8587 0.0197
vn -0.4401 0.8894 0.1240
vn -0.4996 0.8658 0.0298
vn -0.5063 0.8505 -0.1425
vn -0.4305 0.8947 0.1187
vn -0.3903 0.9181 -0.0687
vn -0.5877 0.8090 -0.0090
vn -0.4165 0.9084 0.0364
vn -0.4056 0.9136 0.0273
vn -0.6870 0.7226 0.0767
vn -0.6155 0.7836 0.0851
vn -0.5876 0.8087 0.0277
vn -0.5882 0.8085 0.0194
vn -0.5846 -0.8113 -0.0106
vn -0.5629 -0.8263 -0.0193
vn -0.6637 0.7468 0.0431
vn -0.7455 0.6647 0.0491
vn -0.5908 0.8059 0.0384
vn -0.8967 0.0585 -0.4388
vn -0.9198 0.1131 -0.3756
vn -0.7355 0.0037 -0.6775
vn 0.9982 -0.0569 -0.0214
vn 0.9965 -0.0785 -0.0291
vn 0.9731 -0.2058 -0.1035
vn 0.9980 -0.0555 -0.0291
vn 0.9965 0.0784 -0.0291
vn 0.9779 0.1406 -0.1548
vn 0.9931 0.1059 0.0511
vn 0.5463 -0.7936 0.2679
vn 0.7409 -0.6505 0.1673
vn 0.9477 0.3178 -0.0299
vn 0.9360 0.3444 -0.0721
vn 0.8922 0.4473 0.0626
vn 0.5568 0.3138 0.7691
vn 0.3573 0.3816 0.8525
vn 0.4778 0.2909 0.8289
vn 0.5692 0.1987 0.7978
vn -0.4262 0.8911 -0.1557
vn -0.3808 0.9093 -0.1677
vn -0.5718 0.7890 -0.2248
vn -0.5492 -0.7905 0.2709
vn -0.6400 -0.7023 0.3117
vn -0.6325 -0.7495 0.1956
vn -0.7100 0.7031 0.0388
vn -0.5659 0.8245 0.0048
vn -0.5908 0.7851 -0.1858
vn -0.4098 0.9117 -0.0286
vn -0.5245 0.8327 0.1773
vn -0.5738 0.7988 0.1809
vn -0.6136 0.7679 -0.1839
vn -0.6161 0.7877 -0.0074
vn -0.5947 0.8039 0.0101
vn -0.5586 0.5948 0.5781
vn -0.9637 0.2356 -0.1255
vn -0.9675 0.2172 -0.1297
vn -0.9726 0.2267 -0.0507
vn -0.6959 0.7181 -0.0034
vn -0.7207 0.6930 -0.0157
vn -0.7417 0.6708 0.0018
vn -0.7325 0.6797 -0.0375
vn -0.8043 0.5860 -0.0982
vn -0.7775 0.6260 0.0597
vn -0.7207 0.6931 -0.0157
vn -0.7397 0.6727 -0.0173
vn -0.8241 0.5630 0.0626
vn -0.7735 0.6332 -0.0285
vn -0.7796 0.6261 -0.0176
vn -0.8603 0.5059 0.0627
vn -0.8325 0.5536 -0.0216
vn -0.9002 0.4305 0.0659
vn -0.7156 0.6519 -0.2510
vn -0.8525 0.4781 -0.2115
vn -0.7891 0.6106 0.0674
vn -0.8322 0.5534 -0.0327
vn -0.8040 0.5909 -0.0660
vn 0.8163 -0.2982 -0.4947
vn 0.7063 -0.4657 -0.5332
vn 0.5796 -0.5025 -0.6415
vn 0.6767 -0.2222 -0.7019
vn -0.6873 0.7057 -0.1723
vn -0.6921 0.7087 -0.1365
vn -0.6681 0.7207 -0.1850
vn 0.3842 -0.2871 -0.8775
vn 0.5680 -0.2168 -0.7940
vn 0.5386 -0.4402 -0.7185
vn 0.2880 -0.3409 -0.8949
vn -0.9137 0.4045 0.0406
vn -0.8299 0.5550 0.0578
vn -0.5850 0.8110 -0.0096
vn -0.5807 0.8136 -0.0282
vn -0.5188 0.8513 -0.0786
vn -0.6722 0.7359 -0.0809
vn -0.3843 0.9232 0.0010
vn -0.4769 0.8756 -0.0762
vn -0.6351 0.7689 -0.0740
vn -0.3449 0.9387 -0.0011
vn -0.4379 0.8958 -0.0761
vn -0.6042 0.7937 -0.0707
vn -0.3041 0.9526 -0.0076
vn -0.4028 0.9119 -0.0784
vn -0.4189 -0.8898 0.1813
vn -0.4154 -0.9096 -0.0073
vn -0.4041 -0.9147 -0.0050
vn -0.4568 -0.8724 0.1738
vn -0.5519 0.8337 -0.0188
vn -0.2509 0.9668 -0.0487
vn -0.3426 0.9381 -0.0517
vn -0.4666 0.8833 -0.0451
vn -0.3025 0.9532 0.0014
vn -0.3280 0.9433 -0.0515
vn -0.3773 0.9221 0.0857
vn -0.3653 0.9309 -0.0060
vn -0.3063 0.9504 -0.0532
vn -0.3123 -0.9500 0.0010
vn -0.3854 -0.9226 -0.0189
vn -0.2436 -0.9699 -0.0023
vn -0.3033 -0.9529 -0.0076
vn -0.2992 -0.9484 -0.1045
vn -0.2710 -0.9597 -0.0750
vn -0.2885 -0.9565 0.0434
vn -0.3183 -0.9464 0.0551
vn 0.1172 -0.9927 -0.0290
vn 0.0958 -0.9936 -0.0597
vn 0.1317 -0.9876 -0.0861
vn -0.0951 0.9954 -0.0142
vn -0.1526 0.9858 0.0699
vn -0.2762 0.9558 -0.1008
vn -0.1247 0.9917 0.0300
vn -0.1737 0.9825 0.0674
vn -0.0814 0.9926 -0.0899
vn -0.3435 0.9374 0.0581
vn -0.1953 0.9786 -0.0651
vn -0.1949 0.9760 -0.0970
vn -0.0204 0.9905 -0.1360
vn -0.3560 0.9317 0.0724
vn -0.2174 0.9746 -0.0545
vn -0.0636 0.9764 -0.2065
vn -0.3039 0.9460 0.1124
vn -0.2261 0.9730 -0.0473
vn -0.4294 0.8987 -0.0896
vn -0.2622 0.9633 -0.0577
vn -0.2272 0.9725 -0.0506
vn 0.2635 0.6388 -0.7228
vn 0.2024 0.6790 -0.7057
vn -0.2328 0.9709 -0.0569
vn -0.2062 0.9772 -0.0514
vn -0.1989 0.9774 -0.0721
vn -0.1825 -0.9822 -0.0450
vn -0.2151 -0.9746 -0.0615
vn -0.1523 -0.9874 -0.0419
vn -0.1551 -0.9873 -0.0354
vn -1.0000 -0.0010 0.0040
vn -0.9887 -0.0420 0.1436
vn -0.2761 0.9572 -0.0864
vn -0.2632 0.9614 -0.0797
vn -0.4088 0.8874 -0.2130
vn 0.1078 0.9612 -0.2539
vn 0.1137 0.9613 -0.2509
vn 0.1123 0.9574 -0.2659
vn 0.1037 0.9661 -0.2366
vn 0.1395 0.9484 -0.2849
vn 0.1221 0.9561 -0.2664
vn 0.1030 0.9536 -0.2829
vn 0.1162 0.9523 -0.2822
vn 0.0971 0.9685 -0.2294
vn 0.0820 0.9784 -0.1895
vn 0.1362 0.9582 -0.2516
vn 0.9035 0.4272 0.0335
vn 0.9272 0.3743 -0.0169
vn 0.9444 0.2967 -0.1416
vn 0.9305 0.3498 -0.1091
vn 0.1524 0.9873 -0.0444
vn 0.2125 0.9755 -0.0567
vn 0.1925 0.9740 -0.1197
vn 0.1345 0.9886 -0.0678
vn 0.0951 0.9688 -0.2290
vn 0.0992 0.9610 -0.2582
vn 0.0968 0.9737 -0.2061
vn 0.1011 0.9708 -0.2175
vn 0.0707 0.9732 -0.2186
vn 0.0956 0.9754 -0.1986
vn 0.0752 0.9622 -0.2616
vn 0.1008 0.9556 -0.2768
vn 0.0617 0.9980 -0.0143
vn 0.0698 0.9976 0.0003
vn 0.0769 0.9970 0.0116
vn 0.0844 0.9964 -0.0113
vn 0.4420 -0.6754 -0.5903
vn 0.2377 -0.7191 -0.6530
vn 0.1701 -0.7539 -0.6345
vn -0.1607 -0.9857 -0.0506
vn -0.1925 -0.9802 -0.0472
vn -0.1359 -0.9861 -0.0954
vn -0.9856 -0.0000 0.1691
vn -0.9884 0.0064 0.1519
vn -0.3273 -0.9374 -0.1191
vn -0.2956 -0.9477 -0.1202
vn -0.3851 -0.9227 -0.0173
vn -0.0089 -0.9965 0.0832
vn 0.0584 -0.9969 0.0533
vn 0.1129 -0.9888 0.0973
vn 0.1153 0.9581 0.2624
vn 0.1191 0.9470 0.2982
vn 0.0935 0.9655 0.2429
vn 0.0199 0.9648 0.2624
vn 0.0589 0.9643 0.2582
vn 0.0939 0.9661 0.2404
vn 0.0970 0.9589 0.2666
vn 0.0851 0.9670 0.2401
vn 0.0204 0.9715 0.2360
vn 0.0597 0.9696 0.2371
vn 0.1211 0.9381 0.3245
vn 0.1288 0.9340 0.3333
vn 0.0562 0.9585 0.2794
vn 0.0580 -0.9410 -0.3335
vn 0.0755 -0.9419 -0.3273
vn 0.0613 -0.9498 -0.3069
vn 0.0518 -0.9581 -0.2819
vn 0.0217 0.9552 0.2952
vn 0.0629 0.9323 0.3562
vn 0.0594 0.9455 0.3203
vn -0.1020 -0.9687 0.2264
vn -0.1364 -0.9423 0.3057
vn -0.2006 -0.9468 0.2516
vn -0.1674 -0.9643 0.2053
vn -0.2390 0.9653 0.1054
vn -0.2710 0.9591 0.0815
vn -0.2956 0.9418 0.1602
vn -0.2713 0.9577 0.0957
vn -0.2883 0.9491 0.1266
vn -0.2782 0.9433 0.1810
vn -0.3060 0.9416 0.1405
vn -0.3246 0.9354 0.1403
vn 0.8545 -0.3687 0.3659
vn 0.8127 -0.4519 0.3679
vn 0.7450 -0.4836 0.4595
vn 0.8008 -0.5975 -0.0417
vn -0.9055 0.4241 -0.0152
vn -0.9081 0.4015 0.1190
vn -0.8628 0.3964 0.3138
vn -0.2874 0.9483 0.1348
vn -0.2608 0.9413 0.2141
vn -0.1885 0.9664 0.1747
vn -0.4355 0.8973 0.0718
vn -0.3844 0.9231 0.0106
vn -0.4345 0.8947 0.1035
vn -0.5796 0.8132 0.0530
vn -0.7345 0.6751 0.0692
vn -0.6474 0.7362 0.1971
vn -0.6160 0.7647 0.1894
vn -0.4063 0.9112 0.0679
vn -0.3758 0.9246 0.0618
vn -0.3718 0.9271 0.0472
vn -0.3361 0.9414 -0.0281
vn -0.2870 0.9574 -0.0318
vn -0.3068 0.9493 -0.0682
vn -0.3013 0.9505 0.0756
vn -0.3266 0.9451 0.0114
vn -0.3548 0.9292 0.1030
vn -0.1277 0.9913 -0.0312
vn -0.4727 0.8748 0.1064
vn -0.2869 0.9529 0.0978
vn -0.1397 0.9899 -0.0261
vn -0.4864 0.8676 0.1032
vn -0.2999 0.9490 0.0969
vn -0.1494 0.9885 -0.0231
vn -0.5043 0.8572 0.1046
vn -0.3149 0.9442 0.0962
vn -0.3864 0.9218 -0.0310
vn -0.4138 0.9101 -0.0207
vn -0.3456 0.9344 -0.0862
vn -0.3697 0.9265 -0.0704
vn -0.4439 0.8954 -0.0338
vn -0.2802 0.9597 0.0208
vn -0.3377 0.9398 -0.0533
vn -0.3984 0.9172 0.0054
vn -0.4197 0.9076 0.0109
vn -0.3871 -0.9220 0.0079
vn -0.3990 -0.9169 0.0124
vn -0.9958 0.0723 -0.0560
vn -0.9949 0.0863 -0.0528
vn -0.9953 0.0723 -0.0645
vn -0.4560 0.8900 -0.0037
vn -0.4119 0.8488 0.3316
vn -0.4244 0.8897 0.1685
vn -0.3873 0.9173 0.0927
vn -0.3855 0.9227 0.0000
vn -0.3945 0.9189 -0.0007
vn -0.3788 0.9255 0.0049
vn -0.3432 0.9357 -0.0811
vn -0.3746 0.9226 0.0924
vn -0.4589 0.8844 0.0847
vn -0.4137 -0.9101 0.0218
vn -0.4182 -0.9080 0.0238
vn -0.5743 -0.8187 -0.0022
vn -0.2535 -0.9654 0.0621
vn -0.3519 0.9360 0.0070
vn -0.9983 0.0000 0.0582
vn -0.2980 0.9545 -0.0072
vn -0.2445 0.9690 -0.0360
vn -0.3473 0.9377 0.0124
vn -0.3086 0.9492 0.0619
vn -0.3240 0.9460 0.0064
vn -0.3597 0.9328 -0.0238
vn -0.3135 0.9496 0.0062
vn -0.3645 0.9291 0.0630
vn -0.3577 0.9319 0.0602
vn -0.3067 0.9518 0.0060
vn -0.3091 0.9484 -0.0710
vn -0.3074 0.9515 0.0060
vn -0.2723 0.9622 0.0020
vn -0.2212 0.9747 -0.0317
vn -0.2631 0.9648 0.0045
vn -0.2192 0.9749 -0.0389
vn -0.9308 0.2655 -0.2514
vn -0.9710 0.1021 -0.2163
vn -0.9686 0.1632 -0.1877
vn -0.9479 0.2530 -0.1935
vn -0.1309 0.9907 0.0368
vn -0.1457 0.9881 -0.0498
vn -0.2216 0.9719 -0.0791
vn 0.0475 -0.9935 -0.1039
vn 0.0400 -0.9963 -0.0764
vn 0.0121 -0.9968 -0.0789
vn 0.0093 -0.9932 -0.1156
vn 0.1142 -0.9935 0.0000
vn 0.0861 -0.9963 0.0047
vn 0.0768 -0.9968 -0.0217
vn 0.1091 -0.9932 -0.0395
vn -0.1233 0.9914 0.0435
vn -0.1202 0.9917 -0.0465
vn -0.1658 0.9853 -0.0418
vn -0.1104 0.9936 -0.0240
vn -0.1302 0.9914 0.0108
vn -0.1081 0.9930 0.0483
vn -0.1123 0.9937 -0.0030
vn -0.1564 0.9875 -0.0187
vn -0.1006 0.9946 -0.0255
vn -0.0965 0.9950 -0.0261
vn -0.0980 0.9947 -0.0301
vn -0.0903 0.9953 -0.0354
vn -0.0813 -0.9932 -0.0828
vn -0.0315 -0.9963 -0.0803
vn -0.0961 -0.9935 -0.0617
vn -0.1311 -0.9884 -0.0773
vn -0.1106 -0.9868 -0.1186
vn -0.0748 -0.9929 -0.0925
vn 0.0924 0.9957 0.0065
vn 0.1003 0.9945 0.0286
vn 0.1324 0.9912 0.0078
vn -0.1268 -0.1405 0.9819
vn -0.2082 -0.0541 0.9766
vn -0.2006 -0.2318 0.9519
vn -0.2206 -0.3990 0.8900
vn 0.0022 0.0035 1.0000
vn 0.0621 0.9978 0.0226
vn 0.0748 0.9968 0.0265
vn 0.5765 -0.3676 0.7297
vn 0.5254 -0.5375 0.6595
vn 0.7162 -0.5148 0.4713
vn 0.7545 -0.3842 0.5321
vn 0.0408 0.9985 0.0357
vn 0.0553 0.9975 0.0446
vn 0.7288 -0.2441 -0.6397
vn 0.6068 -0.4007 -0.6864
vn 0.5286 -0.4942 -0.6902
vn 0.5631 -0.3164 -0.7634
vn -0.9205 0.0000 -0.3907
vn 0.0117 0.9992 0.0372
vn 0.0240 0.9980 0.0577
vn 0.4587 0.8656 -0.2009
vn 0.5261 0.8414 -0.1239
vn 0.8521 0.5134 -0.1022
vn 0.6713 0.5985 -0.4373
vn 0.0401 -0.9969 0.0681
vn 0.0792 -0.9888 0.1262
vn -0.0136 -0.9832 0.1822
vn -0.0330 -0.9965 0.0769
vn -0.1646 0.9832 0.0793
vn -0.2309 0.9677 0.1010
vn -0.1962 0.9647 0.1758
vn -0.1214 0.9793 0.1621
vn 0.0583 0.9643 0.2584
vn 0.0191 0.9665 0.2561
vn 0.1351 -0.9815 0.1357
vn 0.1648 -0.9831 0.0792
vn 0.2332 -0.9654 0.1163
vn -0.2553 0.9618 0.0991
vn 0.2194 0.3750 -0.9007
vn 0.2876 0.3398 -0.8954
vn 0.2680 0.2420 -0.9325
vn 0.2104 0.4227 -0.8815
vn -0.2648 0.9638 0.0297
vn -0.2452 0.9658 0.0842
vn -0.2311 0.9673 0.1050
vn -0.3749 0.9186 0.1249
vn -0.3626 0.9253 0.1112
vn -0.3361 0.9375 0.0898
vn -0.3718 0.9230 0.0994
vn -0.3556 0.9252 0.1325
vn -0.3144 0.9396 0.1350
vn -0.2964 0.9457 0.1332
vn -0.3354 0.9345 0.1196
vn -0.3447 0.9288 0.1358
vn -0.3712 0.9215 0.1144
vn -0.3653 0.9208 0.1368
vn -0.3757 0.9122 0.1633
vn -0.3493 0.9347 0.0654
vn -0.3685 0.9228 0.1127
vn -0.2964 0.9508 0.0905
vn -0.3461 0.9340 0.0882
vn -0.3649 0.9241 0.1133
vn -0.3365 0.9409 0.0389
vn -0.3055 0.9512 0.0439
vn -0.2207 0.9750 0.0247
vn -0.2710 0.9615 0.0467
vn -0.1866 0.9822 0.0226
vn -0.3140 0.9479 0.0537
vn -0.2566 0.9640 0.0693
vn -0.2020 0.9794 0.0070
vn -0.2371 0.9700 0.0539
vn -0.1787 0.9831 0.0387
vn -0.1642 0.9857 0.0388
vn -0.1469 0.9884 -0.0383
vn -0.2287 0.9725 -0.0450
vn -0.3150 0.9490 0.0075
vn -0.2713 0.9621 -0.0277
vn -0.3584 0.9310 0.0685
vn -0.2664 0.9639 0.0027
vn -0.3349 0.9422 -0.0114
vn -0.3530 0.9331 0.0692
vn -0.2769 0.9609 0.0049
vn -0.2785 0.9577 -0.0720
vn -0.3444 0.9343 0.0919
vn -0.3480 0.9356 0.0591
vn -0.3476 0.9376 0.0069
vn -0.2176 0.9670 0.1326
vn -0.2632 0.9429 0.2042
vn 0.0573 0.9983 -0.0091
vn 0.0684 0.9977 -0.0038
vn 0.0661 0.9977 -0.0177
vn -0.3456 0.9384 0.0069
vn -0.3745 0.9235 0.0836
vn -0.2936 0.9556 -0.0245
vn -0.1022 0.9948 0.0003
vn -0.1026 0.9947 -0.0038
vn -0.0990 0.9937 0.0517
vn -0.1577 0.9874 -0.0147
vn -0.0735 0.9967 0.0329
vn -0.1007 0.9937 -0.0495
vn -0.0639 0.9973 0.0360
vn -0.0903 0.9955 -0.0298
vn -0.1359 0.9902 -0.0321
vn -0.1903 0.9806 0.0464
vn -0.1306 0.9899 0.0546
vn -0.1210 0.9923 -0.0248
vn 0.0508 -0.9984 -0.0268
vn 0.0341 -0.9986 -0.0393
vn 0.0456 -0.9971 -0.0603
vn -0.0519 0.9982 -0.0302
vn -0.0337 0.9986 -0.0408
vn -0.0479 0.9970 -0.0608
vn -0.0583 0.9982 -0.0110
vn -0.0701 0.9974 -0.0179
vn -0.0700 0.9975 -0.0032
vn -0.0951 0.9941 0.0518
vn -0.0926 0.9957 0.0009
vn -0.0881 0.9956 -0.0312
vn 0.7611 0.5158 0.3933
vn 0.8316 0.3825 0.4027
vn 0.9217 0.2740 0.2746
vn 0.7750 0.5833 0.2433
vn -0.1013 -0.9932 -0.0565
vn -0.0528 -0.9963 -0.0681
vn -0.0715 0.9970 -0.0281
vn -0.0676 0.9968 -0.0425
vn -0.0940 0.9936 -0.0624
vn -0.3582 -0.9293 -0.0898
vn -0.3195 -0.9455 -0.0626
vn 0.0334 -0.9968 -0.0731
vn 0.0282 -0.9983 -0.0500
vn 0.0064 -0.9986 -0.0525
vn 0.0045 -0.9968 -0.0798
vn 0.0732 0.9973 -0.0094
vn 0.0593 0.9982 0.0000
vn 0.0000 1.0000 0.0000
vn -0.1242 0.9875 -0.0975
vn 0.1122 0.9875 -0.1111
vn -0.0396 0.9900 0.1357
vn -0.1158 0.9900 -0.0811
vn -0.0074 0.9904 0.1379
vn -0.1362 0.9904 -0.0223
vn -0.0511 0.9904 0.1284
vn -0.1280 0.9904 -0.0522
vn -0.0253 0.9904 0.1357
vn -0.1375 0.9904 -0.0128
vn 0.0757 0.9971 0.0015
vn 0.0068 0.9971 0.0754
vn 0.0076 0.9993 0.0368
vn 0.0249 0.9982 0.0543
vn 0.0074 0.9993 0.0368
vn -0.0621 0.9958 0.0666
vn 0.0284 0.9984 0.0498
vn 0.0701 0.1425 -0.9873
vn 0.1919 0.0635 -0.9794
vn 0.1257 -0.0008 -0.9921
vn -0.0041 0.9990 0.0440
vn 0.0147 0.9981 0.0591
vn 0.8392 0.4841 -0.2478
vn 0.8885 0.4484 -0.0975
vn 0.9229 0.2436 -0.2980
vn 0.8756 0.4007 -0.2698
vn 0.0160 -0.9965 0.0821
vn 0.0715 -0.9969 0.0337
vn 0.1366 -0.9888 0.0597
vn 0.2133 0.4055 -0.8889
vn 0.4864 0.4311 -0.7600
vn 0.1619 0.4032 -0.9007
vn 0.1285 0.4801 -0.8678
vn -0.0949 0.9944 0.0471
vn -0.1878 0.9820 0.0205
vn -0.1069 0.9881 0.1107
vn -0.2466 0.9688 0.0245
vn -0.3077 0.9462 0.0999
vn -0.2864 0.9500 0.1245
vn -0.2739 0.9598 0.0621
vn -0.2480 0.9627 0.1077
vn -0.2374 0.9712 0.0185
vn -0.0803 0.9942 0.0712
vn -0.0826 0.9955 0.0473
vn -0.0877 0.9944 0.0598
vn -0.0802 0.9960 0.0396
vn -0.0829 0.9964 0.0187
vn -0.1196 0.9905 0.0681
vn 0.0215 -0.9955 -0.0918
vn -0.0737 -0.9950 -0.0667
vn 0.0604 -0.9977 0.0307
vn -0.0488 -0.9972 0.0564
vn -0.0283 0.9988 -0.0399
vn -0.0382 0.9981 -0.0490
vn -0.0938 0.9931 0.0701
vn -0.1543 0.9823 0.1065
vn -0.1091 0.9842 0.1398
vn -0.0419 0.9949 0.0918
vn 0.4696 0.5368 0.7010
vn 0.5402 0.3688 0.7564
vn 0.6153 0.2731 0.7395
vn 0.5053 0.5821 0.6371
vn -0.0023 0.9993 -0.0362
vn -0.0090 0.9984 -0.0552
vn -0.3951 0.0565 -0.9169
vn -0.4706 0.8651 -0.1739
vn -0.4452 0.8790 -0.1710
vn -0.4445 0.8774 0.1807
vn -0.4747 0.8598 0.1881
vn -0.0593 0.9974 0.0415
vn -0.0728 0.9965 0.0409
vn -0.0515 0.9970 0.0574
vn 0.0566 0.9966 0.0604
vn 0.0295 0.9960 0.0840
vn -0.0519 0.9977 -0.0439
vn -0.0618 0.9981 -0.0018
vn -0.0341 0.9900 -0.1372
vn 0.0755 0.9970 0.0196
vn 0.0637 0.9966 0.0525
vn -0.0703 0.9975 -0.0012
vn -0.0625 0.9980 0.0000
vn 0.0841 0.9964 -0.0136
vn 0.0314 0.9994 0.0166
vn 0.1175 0.9928 0.0233
vn 0.1124 0.9936 -0.0097
vn -0.0761 0.9970 0.0112
vn 0.0063 0.9995 -0.0310
vn 0.0026 0.9986 -0.0520
vn 0.0066 0.9995 -0.0309
vn -0.0036 0.9988 -0.0496
vn 0.0084 -0.9995 -0.0314
vn 0.0052 -0.9986 -0.0527
vn 0.0181 -0.9986 -0.0507
vn 0.0103 0.9994 -0.0317
vn -0.0032 0.9988 -0.0485
vn -0.1892 0.0422 -0.9810
vn -0.1474 -0.0264 -0.9887
vn -0.1799 -0.0396 -0.9829
vn 0.1214 0.9926 -0.0065
vn 0.0599 0.9977 0.0324
vn 0.1790 0.9823 0.0560
vn 0.1859 0.9823 0.0242
vn 0.0575 -0.9983 -0.0088
vn 0.0663 -0.9976 -0.0175
vn 0.0686 -0.9976 -0.0035
vn 0.0584 0.9983 -0.0044
vn 0.0748 0.9972 -0.0011
vn -0.0252 0.9985 0.0490
vn -0.0638 0.9939 0.0898
vn -0.0396 0.9980 0.0493
vn -0.0759 0.9929 0.0921
vn -0.0393 0.9980 0.0493
vn -0.0544 0.9968 0.0585
vn -0.0393 0.9970 0.0670
vn -0.4976 0.3963 0.7715
vn -0.5935 0.5833 0.5546
vn -0.6976 0.4630 0.5468
vn -0.6313 0.4491 0.6323
vn -0.0641 0.9973 0.0359
vn -0.0752 0.9964 0.0384
vn 0.0359 0.9990 -0.0282
vn 0.1141 0.9875 0.1091
vn 0.0491 0.9980 -0.0386
vn 0.1785 -0.8983 -0.4015
vn 0.1161 -0.9404 -0.3196
s off
f 234/1/1 204/2/2 235/3/3
f 235/3/3 204/2/4 205/4/5
f 235/3/3 205/4/6 236/5/7
f 236/5/8 205/4/6 206/6/9
f 236/5/7 206/6/10 207/7/11
f 301/8/12 290/9/13 289/10/14
f 301/8/12 289/10/14 300/11/15
f 300/11/16 289/10/14 288/12/17
f 300/11/16 288/12/17 299/13/18
f 298/14/19 287/15/20 286/16/21
f 298/14/19 286/16/21 297/17/22
f 295/18/23 284/19/24 283/20/25
f 295/18/26 283/20/25 294/21/27
f 230/22/28 229/23/29 245/24/30
f 245/24/30 229/23/29 244/25/31
f 263/26/32 262/27/33 272/28/34
f 272/28/34 262/27/33 271/29/35
f 272/28/34 271/29/36 279/30/37
f 279/30/37 271/29/35 278/31/38
f 279/30/37 278/31/39 288/12/17
f 288/12/17 278/31/38 287/15/20
f 279/30/37 280/32/40 272/28/34
f 272/28/34 280/32/40 273/33/41
f 272/28/34 273/33/42 263/26/32
f 263/26/32 273/33/42 264/34/43
f 254/35/44 255/36/45 245/24/30
f 245/24/30 255/36/45 246/37/46
f 237/38/47 236/5/7 207/7/11
f 235/3/3 236/5/7 232/39/48
f 232/39/48 236/5/7 231/40/49
f 256/41/50 255/36/45 265/42/51
f 265/42/51 255/36/45 264/34/43
f 265/42/52 264/34/53 274/43/54
f 274/43/54 264/34/53 273/33/41
f 281/44/55 280/32/40 290/9/13
f 290/9/13 280/32/40 289/10/14
f 233/45/56 232/39/57 248/46/58
f 248/46/58 232/39/57 247/47/59
f 257/48/60 256/41/61 266/49/62
f 266/49/62 256/41/61 265/42/51
f 266/49/62 265/42/52 275/50/63
f 275/50/63 265/42/52 274/43/54
f 269/51/64 270/52/65 260/53/66
f 260/53/66 270/52/65 261/54/67
f 242/55/68 243/56/69 227/57/70
f 227/57/70 243/56/69 228/58/71
f 227/57/70 228/58/71 220/59/72
f 227/57/70 221/60/73 226/61/74
f 227/57/70 226/61/75 242/55/76
f 242/55/76 226/61/75 241/62/77
f 251/63/78 250/64/79 260/53/66
f 260/53/66 250/64/79 259/65/80
f 260/53/66 259/65/80 269/51/64
f 269/51/64 259/65/81 268/66/82
f 244/25/31 243/56/69 253/67/83
f 253/67/84 243/56/69 252/68/85
f 253/67/83 252/68/85 262/27/33
f 262/27/86 252/68/85 261/54/67
f 262/27/33 261/54/87 271/29/35
f 271/29/35 261/54/87 270/52/88
f 295/18/23 304/69/89 305/70/90
f 305/70/91 314/71/92 315/72/93
f 299/13/18 298/14/19 308/73/94
f 308/73/94 298/14/19 307/74/95
f 311/75/96 310/76/97 320/77/98
f 320/77/98 310/76/97 319/78/99
f 301/8/100 300/11/101 310/76/102
f 310/76/102 300/11/101 309/79/103
f 312/80/104 201/81/105 202/82/106
f 316/83/107 307/74/95 306/84/108
f 306/84/108 297/17/22 296/85/109
f 296/85/109 305/70/90 306/84/108
f 306/84/108 305/70/90 315/72/93
f 306/84/108 315/72/93 316/83/107
f 267/86/110 183/87/111 184/88/112
f 187/89/113 268/66/114 186/90/115
f 258/91/116 178/92/117 179/93/118
f 258/91/116 179/93/118 180/94/119
f 180/94/119 181/95/120 267/86/110
f 267/86/110 181/95/120 182/96/121
f 175/97/122 176/98/123 225/99/124
f 150/100/125 152/101/126 153/102/127
f 150/100/125 153/102/127 149/103/128
f 158/104/129 155/105/130 156/106/131
f 145/107/132 143/108/133 144/109/134
f 145/107/132 144/109/135 140/110/136
f 140/110/136 144/109/134 139/111/137
f 335/112/138 336/113/139 345/114/140
f 376/115/141 377/116/142 386/117/143
f 375/118/144 385/119/145 374/120/146
f 374/120/146 385/119/145 384/121/147
f 386/117/148 380/122/149 385/119/150
f 389/123/151 390/124/152 388/125/153
f 91/126/154 84/127/155 85/128/156
f 91/126/157 85/128/158 92/129/159
f 92/129/159 85/128/156 86/130/160
f 92/129/159 86/130/160 87/131/161
f 278/31/38 271/29/162 190/132/163
f 139/111/137 144/109/164 146/133/165
f 203/134/166 312/80/104 202/82/106
f 207/7/11 208/135/167 237/38/47
f 295/18/23 305/70/168 296/85/109
f 999/136/169 992/137/170 991/138/171
f 991/138/172 992/137/170 984/139/173
f 983/140/174 984/139/173 976/141/175
f 975/142/176 976/141/175 933/143/177
f 980/144/178 938/145/179 939/146/180
f 971/147/181 959/148/182 960/149/183
f 971/147/181 960/149/183 961/150/184
f 961/150/184 962/151/185 971/147/181
f 968/152/186 963/153/187 964/154/188
f 968/152/186 964/154/188 967/155/189
f 967/155/189 964/154/188 965/156/190
f 967/155/189 965/156/190 966/157/191
f 979/158/192 965/156/193 964/154/188
f 979/158/192 964/154/194 978/159/195
f 986/160/196 985/161/197 993/162/198
f 993/162/198 985/161/197 992/137/170
f 990/163/199 983/140/174 982/164/200
f 990/163/199 982/164/200 989/165/201
f 985/161/197 984/139/173 992/137/202
f 988/166/203 995/167/204 996/168/205
f 940/169/206 941/170/207 987/171/208
f 999/136/169 991/138/171 998/172/209
f 998/172/209 991/138/172 990/163/210
f 998/172/209 990/163/210 997/173/211
f 969/174/212 928/175/213 929/176/214
f 971/147/181 927/177/215 970/178/216
f 1061/179/217 1062/180/218 1068/181/219
f 1058/182/220 1067/183/221 1063/184/222
f 1057/185/223 1066/186/224 1056/187/225
f 741/188/226 728/189/227 729/190/228
f 976/141/175 984/139/173 977/191/229
f 988/166/203 996/168/205 989/165/201
f 937/192/230 938/145/179 973/193/231
f 1008/194/232 1015/195/233 1016/196/234
f 1025/197/235 948/198/236 949/199/237
f 1025/197/238 949/199/237 1026/200/239
f 1024/201/240 946/202/241 947/203/242
f 1009/204/243 1008/194/232 1016/196/234
f 1009/204/244 1016/196/234 1017/205/245
f 952/206/246 1028/207/247 951/208/248
f 1006/209/249 971/147/181 970/178/250
f 1006/209/249 970/178/250 1005/210/251
f 1005/210/251 970/178/216 969/174/212
f 1005/210/251 969/174/212 1004/211/252
f 1004/211/252 969/174/253 968/152/254
f 1004/211/252 968/152/254 1003/212/255
f 1002/213/256 1009/204/243 1010/214/257
f 1010/214/257 1009/204/244 1017/205/245
f 1010/214/257 1017/205/245 1018/215/258
f 1018/215/258 1025/197/235 1026/200/239
f 951/208/248 1028/207/247 1027/216/259
f 1019/217/260 1020/218/261 1012/219/262
f 1011/220/263 1012/219/262 1004/211/264
f 950/221/265 1027/216/259 1026/200/239
f 1026/200/239 1019/217/260 1018/215/258
f 1018/215/258 1011/220/263 1010/214/257
f 1010/214/257 1003/212/255 1002/213/256
f 1020/218/266 1013/222/267 1012/219/262
f 1012/219/262 1005/210/251 1004/211/264
f 1106/223/268 1110/224/269 1105/225/270
f 1109/226/271 1105/225/270 1110/224/272
f 1087/227/273 1079/228/274 1090/229/275
f 1087/227/276 1090/229/275 1086/230/277
f 1086/230/277 1090/229/278 1080/231/279
f 749/232/280 743/233/281 748/234/282
f 732/235/283 733/236/284 737/237/285
f 784/238/286 764/239/287 765/240/288
f 789/241/289 772/242/290 787/243/291
f 779/244/292 778/245/293 788/246/294
f 744/247/295 748/234/282 743/233/281
f 760/248/296 761/249/297 781/250/298
f 781/250/298 761/249/297 762/251/299
f 1080/231/279 1090/229/275 1079/228/274
f 950/221/265 951/208/248 1027/216/259
f 1084/252/300 1092/253/301 1083/254/302
f 475/255/303 437/256/304 436/257/305
f 408/258/306 483/259/307 490/260/308
f 489/261/309 482/262/310 481/263/311
f 489/261/309 481/263/311 488/264/312
f 486/265/313 479/266/314 478/267/315
f 486/265/313 478/267/315 485/268/316
f 436/257/305 474/269/317 475/255/318
f 481/263/311 474/269/317 473/270/319
f 481/263/311 473/270/319 480/271/320
f 480/271/321 473/270/319 472/272/322
f 480/271/321 472/272/322 479/266/314
f 478/267/315 471/273/323 470/274/324
f 478/267/315 470/274/324 477/275/325
f 409/276/326 410/277/327 476/278/328
f 437/256/329 438/279/330 413/280/331
f 435/281/332 434/282/333 473/270/319
f 473/270/319 434/282/333 472/272/322
f 429/283/334 430/284/335 434/282/333
f 434/282/333 430/284/335 433/285/336
f 434/282/333 433/285/337 472/272/322
f 472/272/322 433/285/337 471/273/323
f 443/286/338 429/283/334 428/287/339
f 512/288/340 509/289/341 510/290/342
f 428/287/339 419/291/343 427/292/344
f 426/293/345 421/294/346 425/295/347
f 425/295/347 421/294/346 422/296/348
f 424/297/349 425/295/347 423/298/350
f 628/299/351 643/300/352 640/301/353
f 641/302/354 642/303/355 628/299/351
f 645/304/356 636/305/227 637/306/228
f 633/307/357 634/308/358 646/309/359
f 632/310/360 633/307/357 631/311/361
f 631/311/362 633/307/357 646/309/363
f 640/301/353 643/300/364 639/312/225
f 443/286/365 428/287/366 442/313/367
f 442/313/368 428/287/366 427/292/344
f 442/313/368 427/292/344 441/314/369
f 441/314/370 427/292/344 426/293/371
f 441/314/370 426/293/371 440/315/372
f 581/316/373 578/317/374 579/318/268
f 551/319/375 542/320/376 543/321/377
f 554/322/378 540/323/379 553/324/380
f 467/325/381 468/326/382 464/327/383
f 464/327/383 468/326/384 465/328/385
f 450/329/386 451/330/387 443/286/338
f 443/286/338 451/330/387 444/331/388
f 445/332/389 444/331/388 452/333/390
f 452/333/390 444/331/388 451/330/387
f 452/333/391 451/330/387 459/334/392
f 459/334/392 451/330/393 458/335/394
f 459/334/392 458/335/394 466/336/395
f 466/336/395 458/335/394 465/328/396
f 457/337/397 456/338/398 464/327/383
f 464/327/383 456/338/398 463/339/399
f 441/314/370 440/315/372 448/340/400
f 448/340/400 440/315/372 447/341/401
f 448/340/400 447/341/401 455/342/402
f 455/342/402 447/341/401 454/343/403
f 462/344/404 461/345/405 398/346/406
f 398/346/406 461/345/405 397/347/407
f 396/348/408 397/347/409 460/349/410
f 460/349/410 397/347/409 461/345/405
f 506/350/411 515/351/412 505/352/413
f 505/352/414 515/351/412 502/353/300
f 516/354/415 503/355/302 504/356/416
f 514/357/417 500/358/277 501/359/418
f 514/357/417 501/359/418 507/360/419
f 507/360/419 501/359/418 506/350/420
f 394/361/421 395/362/422 396/348/408
f 394/361/423 396/348/408 460/349/410
f 391/363/424 392/364/425 446/365/426
f 400/366/427 401/367/428 467/325/429
f 460/349/410 393/368/430 394/361/421
f 536/369/431 554/322/378 556/370/432
f 536/369/433 556/370/434 535/371/435
f 467/325/381 464/327/383 400/366/427
f 499/372/273 513/373/436 498/374/284
f 796/375/437 801/376/438 800/377/439
f 798/378/440 795/379/441 799/380/442
f 793/381/443 798/378/440 797/382/444
f 57/383/445 61/384/446 62/385/447
f 58/386/448 59/387/449 60/388/450
f 808/389/451 809/390/452 814/391/453
f 814/391/453 809/390/452 813/392/454
f 680/393/455 667/394/456 668/395/457
f 676/396/458 677/397/459 673/398/460
f 673/398/460 677/397/459 672/399/461
f 679/400/462 668/395/463 669/401/464
f 679/400/465 669/401/464 678/402/466
f 865/403/467 849/404/468 850/405/469
f 865/403/470 850/405/469 864/406/471
f 846/407/472 865/403/473 845/408/474
f 831/409/475 832/410/476 834/411/477
f 834/411/478 830/412/479 831/409/475
f 820/413/480 815/414/481 821/415/482
f 816/416/483 821/415/484 815/414/481
f 846/407/472 847/417/485 848/418/486
f 696/419/487 687/420/488 695/421/489
f 695/421/489 687/420/490 688/422/491
f 95/423/492 77/424/493 78/425/494
f 105/426/495 100/427/496 101/428/497
f 105/426/495 101/428/497 102/429/498
f 102/429/499 104/430/500 105/426/495
f 90/431/501 75/432/502 76/433/503
f 136/434/504 137/435/505 135/436/506
f 861/437/507 857/438/508 858/439/509
f 845/408/474 865/403/470 844/440/510
f 844/440/510 865/403/467 863/441/511
f 674/442/512 676/396/513 673/398/460
f 1404/443/514 1405/444/515 1414/445/516
f 1414/445/517 1405/444/515 1415/446/518
f 1414/445/516 1415/446/519 1409/447/141
f 1409/447/141 1415/446/519 1408/448/520
f 1404/443/514 1414/445/516 1403/449/521
f 1403/449/522 1414/445/517 1413/450/523
f 1403/449/521 1413/450/523 1402/451/524
f 1402/451/524 1413/450/525 1412/452/526
f 1411/453/527 1412/452/528 1410/454/146
f 1410/454/146 1412/452/529 1413/450/525
f 1356/455/530 1358/456/531 1359/457/532
f 1363/458/533 1361/459/534 1362/460/535
f 1378/461/536 1379/462/537 1391/463/538
f 1391/463/539 1379/462/540 1380/464/541
f 1382/465/542 1383/466/543 1388/467/544
f 1386/468/545 1387/469/546 1385/470/547
f 1385/470/547 1387/469/548 1384/471/549
f 1196/472/550 1194/473/551 1195/474/552
f 1269/475/553 1268/476/554 1278/477/555
f 1269/475/553 1278/477/555 1279/478/556
f 1279/478/557 1278/477/558 1288/479/559
f 1289/480/560 1288/479/559 1298/481/561
f 1299/482/562 1298/481/561 1308/483/563
f 1309/484/564 1308/483/563 1318/485/565
f 1319/486/566 1328/487/567 1329/488/568
f 1323/489/569 1324/490/570 1314/491/571
f 1314/491/572 1324/490/570 1315/492/573
f 1287/493/574 1288/479/575 1278/477/555
f 1284/494/576 1221/495/577 1222/496/578
f 1238/497/579 1243/498/580 1244/499/581
f 1244/499/581 1243/498/580 1253/500/582
f 1254/501/583 1253/500/582 1263/502/584
f 1264/503/585 1273/504/586 1274/505/587
f 1274/505/587 1273/504/586 1283/506/588
f 1274/505/587 1283/506/588 1284/494/576
f 1282/507/589 1283/506/588 1273/504/586
f 1282/507/590 1273/504/591 1272/508/592
f 1272/508/592 1263/502/584 1262/509/593
f 1262/509/593 1263/502/594 1253/500/582
f 1252/510/595 1253/500/582 1243/498/580
f 1252/510/595 1243/498/580 1242/511/596
f 1242/511/597 1239/512/598 1240/513/599
f 1240/513/600 1239/512/601 1201/514/602
f 1202/515/603 1203/516/604 1330/517/605
f 1310/518/606 1311/519/607 1301/520/608
f 1310/518/606 1301/520/609 1300/521/610
f 1300/521/610 1291/522/611 1290/523/612
f 1293/524/613 1210/525/614 1211/526/615
f 1329/488/568 1320/527/616 1319/486/566
f 1309/484/564 1310/518/606 1300/521/610
f 1299/482/562 1300/521/610 1290/523/617
f 1240/513/599 1241/528/618 1242/511/597
f 1242/511/596 1251/529/619 1252/510/595
f 1252/510/595 1251/529/619 1261/530/620
f 1262/509/593 1261/530/620 1271/531/621
f 1262/509/593 1271/531/621 1272/508/622
f 1272/508/592 1271/531/621 1281/532/623
f 1272/508/592 1281/532/623 1282/507/590
f 1271/531/621 1261/530/620 1270/533/624
f 1284/494/625 1275/534/626 1274/505/587
f 1274/505/587 1265/535/627 1264/503/585
f 1264/503/585 1265/535/627 1255/536/628
f 1254/501/583 1255/536/628 1245/537/629
f 1244/499/581 1245/537/629 1237/538/630
f 1244/499/581 1237/538/630 1238/497/579
f 1265/535/627 1266/539/631 1256/540/632
f 1265/535/633 1256/540/634 1255/536/628
f 1255/536/628 1246/541/635 1245/537/629
f 1281/532/623 1271/531/621 1280/542/636
f 1280/542/636 1271/531/621 1270/533/637
f 1280/542/636 1270/533/637 1279/478/557
f 1279/478/556 1270/533/624 1269/475/553
f 1261/530/620 1251/529/619 1260/543/638
f 1260/543/639 1251/529/640 1250/544/641
f 1260/543/639 1250/544/641 1259/545/642
f 1248/546/643 1234/547/644 1247/548/645
f 1257/549/646 1256/540/632 1266/539/647
f 1267/550/648 1228/551/649 1229/552/650
f 1288/479/559 1297/553/651 1298/481/561
f 1298/481/561 1307/554/652 1308/483/563
f 1308/483/563 1317/555/653 1318/485/565
f 1306/556/654 1315/492/573 1316/557/655
f 1316/557/655 1315/492/573 1325/558/656
f 1316/557/655 1325/558/656 1326/559/657
f 1326/559/657 1317/555/653 1316/557/655
f 1316/557/655 1307/554/652 1306/556/654
f 1311/519/607 1302/560/658 1301/520/608
f 1314/491/571 1305/561/659 1304/562/660
f 1304/562/661 1305/561/659 1295/563/662
f 838/564/663 839/565/664 861/437/507
f 861/437/507 839/565/665 840/566/666
f 861/437/507 840/566/666 860/567/667
f 860/567/667 840/566/666 841/568/668
f 861/437/507 837/569/669 838/564/663
f 895/570/670 894/571/671 897/572/672
f 911/573/673 906/574/674 907/575/675
f 1421/576/676 1418/577/677 1420/578/678
f 1224/579/679 1285/580/680 1223/581/681
f 1313/582/682 1314/491/571 1304/562/660
f 1295/563/662 1296/583/683 1286/584/684
f 1286/584/684 1296/583/683 1287/493/685
f 1286/584/686 1287/493/685 1277/585/687
f 1277/585/687 1287/493/685 1278/477/558
f 1277/585/687 1278/477/555 1268/476/554
f 844/440/510 863/441/511 843/586/688
f 1237/538/630 1245/537/629 1236/587/689
f 1325/558/656 1315/492/573 1324/490/570
f 1305/561/659 1296/583/690 1295/563/662
f 81/588/691 94/589/692 96/590/693
f 88/591/694 92/129/159 89/592/695
f 625/593/696 623/594/697 1072/595/696 1074/596/696
f 1459/597/698 1447/598/698 1458/599/698
f 1459/597/699 1458/599/699 1448/600/699
f 1459/597/700 1448/600/700 1455/601/700
f 1459/597/701 1455/601/701 1449/602/701
f 1459/597/698 1449/602/698 1457/603/698
f 1459/597/698 1457/603/698 1456/604/702
f 1459/597/698 1456/604/703 1450/605/698
f 1459/597/698 1450/605/698 1451/606/698
f 1459/597/698 1451/606/698 1452/607/698
f 1459/597/698 1452/607/698 1453/608/698
f 1459/597/698 1453/608/698 1454/609/698
f 1459/597/698 1454/609/698 613/610/698
f 1459/597/698 613/610/698 606/611/698
f 1459/597/698 606/611/698 612/612/698
f 1459/597/698 612/612/698 607/613/698
f 1459/597/698 607/613/698 608/614/698
f 1459/597/698 608/614/698 611/615/698
f 1459/597/698 611/615/698 609/616/698
f 1459/597/698 609/616/698 610/617/698
f 1459/597/698 610/617/698 603/618/698
f 1459/597/698 603/618/698 615/619/698
f 1459/597/698 615/619/698 614/620/704
f 1459/597/698 614/620/705 621/621/698
f 1459/597/698 621/621/698 620/622/706
f 1459/597/698 620/622/707 619/623/708
f 1459/597/698 619/623/709 618/624/710
f 1459/597/698 618/624/711 617/625/712
f 1459/597/698 617/625/713 604/626/698
f 1459/597/698 604/626/698 616/627/698
f 1459/597/698 616/627/698 605/628/698
f 1459/597/698 605/628/698 602/629/698
f 1459/597/698 602/629/698 1441/630/698
f 1459/597/698 1441/630/698 1442/631/698
f 1459/597/698 1442/631/698 1462/632/698
f 1459/597/698 1462/632/698 1443/633/698
f 1459/597/698 1443/633/698 1444/634/698
f 1459/597/698 1444/634/698 1445/635/698
f 1459/597/698 1445/635/698 1461/636/698
f 1459/597/698 1461/636/698 1446/637/698
f 1459/597/698 1446/637/698 1460/638/714
f 1116/639/715 1111/640/715 1106/641/715 1103/642/715
f 176/98/716 346/643/717 337/644/718 225/99/719
f 275/50/720 1447/598/721 1459/597/721
f 1461/636/722 257/645/722 1446/637/722
f 1268/476/554 1269/475/723 1260/543/639 1259/545/724
f 918/646/725 1414/445/726 1409/647/727 926/648/727
f 1448/600/728 1458/599/728 275/50/729
f 1458/599/730 1447/598/730 275/50/731
f 738/649/732 24/650/732 625/593/732 1074/596/732
f 310/76/733 311/75/734 302/651/735 301/8/736
f 1305/561/737 1306/556/738 1297/553/651 1296/583/739
f 1314/491/740 1315/492/741 1306/556/654 1305/561/742
f 248/46/743 247/47/744 256/41/61 257/48/745
f 1173/652/746 1172/653/746 1277/585/747 1268/476/748
f 1449/602/749 1455/601/749 282/654/750
f 1444/634/751 248/46/752 1445/635/751
f 1071/655/753 730/656/753 725/657/753 1055/658/754
f 1313/582/755 1322/659/756 1323/489/757 1314/491/758
f 1288/479/559 1289/480/759 1280/542/636 1279/478/760
f 1252/510/761 1261/530/620 1262/509/762 1253/500/763
f 290/9/764 291/660/765 282/654/766 281/44/767
f 1169/661/768 1295/563/769 1286/584/770 1177/662/768
f 1456/604/771 1457/663/772 291/660/773
f 1175/664/774 1183/665/775 1241/528/776 1240/513/777
f 449/666/778 450/329/779 443/286/780 442/313/781
f 317/667/782 318/668/783 309/79/784 308/73/785
f 1298/481/561 1299/482/786 1290/523/787 1289/480/788
f 316/83/107 317/667/789 308/73/790 307/74/791
f 1244/499/792 1253/500/582 1254/501/793 1245/537/794
f 234/1/795 235/3/796 232/39/57 233/45/797
f 1371/669/798 1249/670/798 1378/461/799 1377/671/800
f 595/672/801 590/673/802 591/674/803 594/675/804
f 1306/556/805 1307/554/806 1298/481/807 1297/553/808
f 1308/483/563 1309/484/809 1300/521/610 1299/482/810
f 963/153/811 1043/676/812 976/141/813 977/191/814
f 238/677/815 168/678/816 229/23/817
f 168/678/818 228/58/71 229/23/819
f 773/679/820 1119/680/820 1122/681/820 949/199/821
f 359/682/822 190/132/823 271/29/824
f 361/683/825 277/684/826 278/31/827
f 1254/501/828 1263/502/829 1264/503/830 1255/536/831
f 190/132/163 358/685/832 278/31/38
f 358/685/833 361/683/833 278/31/834
f 286/16/835 287/15/836 278/31/837 277/684/838
f 230/22/839 231/40/840 236/5/7 237/38/841
f 1296/583/842 1297/553/843 1288/479/559 1287/493/844
f 969/174/845 1045/686/846 1040/687/846 968/152/847
f 1452/607/848 1451/606/848 311/75/849
f 1441/688/850 204/2/851 1442/631/850
f 1441/630/852 602/629/852 204/2/853
f 1150/689/854 1201/514/855 835/690/856 943/691/854
f 530/692/857 531/693/858 205/4/859
f 531/693/860 89/694/861 205/4/862
f 89/694/863 206/6/864 205/4/865
f 1375/695/866 1371/669/867 1377/671/868 1374/696/869
f 89/694/870 207/7/871 206/6/872
f 89/694/873 208/135/874 207/7/875
f 140/110/876 147/697/877 142/698/878 145/107/879
f 1255/536/880 1256/540/881 1247/548/882 1246/541/883
f 168/678/884 167/699/884 228/58/885
f 167/700/886 166/701/887 228/58/888
f 166/701/889 220/59/890 228/58/891
f 87/131/892 86/130/893 238/677/894
f 840/566/895 839/565/896 1236/587/897 1235/702/898
f 239/703/899 170/704/900 238/677/901
f 170/704/902 169/705/902 238/677/903
f 169/706/904 163/707/905 238/677/906
f 163/707/907 168/678/908 238/677/909
f 163/707/910 169/706/911 168/678/912
f 169/705/913 170/704/913 168/678/913
f 170/704/914 166/708/914 168/678/914
f 166/701/915 167/700/916 168/678/917
f 362/709/918 189/710/919 270/52/920
f 628/299/921 438/279/922 410/711/923 643/300/924
f 189/710/925 192/712/926 359/682/926
f 192/712/927 191/713/927 359/682/927
f 191/713/928 361/683/928 359/682/928
f 361/683/929 190/132/930 359/682/929
f 361/683/931 358/685/931 190/132/932
f 191/714/933 277/684/934 361/683/935
f 191/713/936 192/712/936 277/684/937
f 192/715/938 357/716/939 277/684/940
f 357/716/941 286/16/942 277/684/943
f 1423/717/944 1300/521/945 1301/520/946 1292/718/947
f 1327/719/948 1328/487/949 1319/486/950 1318/485/951
f 253/67/952 254/35/953 245/24/954 244/25/955
f 263/26/956 264/34/957 255/36/45 254/35/958
f 317/667/959 405/720/960 318/668/961
f 1184/721/962 1185/722/963 1250/544/964 1241/528/965
f 508/723/966 513/373/967 391/363/968 439/724/969
f 1454/609/970 1453/608/970 320/77/971
f 613/610/972 1454/609/972 320/77/973
f 605/628/974 530/725/974 602/629/974
f 756/726/975 754/727/976 746/728/976 1135/729/976
f 469/730/977 531/693/978 530/692/979
f 469/731/980 466/336/981 531/693/982
f 466/336/983 465/328/984 531/693/985
f 465/328/986 468/326/987 531/693/988
f 468/326/384 404/732/989 531/693/990
f 404/732/991 549/733/992 531/693/993
f 549/733/994 89/694/995 531/693/996
f 92/129/997 208/135/998 89/694/999
f 549/733/1000 88/591/1001 89/592/1002
f 92/129/159 87/131/161 208/135/1003
f 313/734/1004 314/71/1005 305/70/1006 304/69/1007
f 220/59/1008 162/735/1009 227/57/1010
f 162/735/1011 326/736/1011 227/57/1012
f 326/736/1013 221/60/73 227/57/70
f 170/704/1014 164/737/1014 166/708/1014
f 164/738/1015 165/739/1016 166/708/1017
f 165/739/1018 172/740/1019 166/708/1019
f 1138/741/1020 877/742/1021 878/743/1021 1139/744/1022
f 50/745/1023 58/386/1024 51/746/1023 49/747/1023
f 84/127/1025 172/740/1026 85/128/1027
f 172/740/1028 219/748/1028 85/128/1029
f 219/748/1030 165/749/1030 85/128/1031
f 165/749/1032 239/703/1033 85/128/1034
f 165/739/1035 164/738/1036 239/703/1037
f 164/738/1038 171/750/1039 239/703/1040
f 171/750/1041 170/704/1042 239/703/1043
f 171/750/1044 164/738/1045 170/704/1046
f 1435/751/1047 707/752/1047 915/753/1047 916/754/1047
f 188/755/1048 363/756/1049 362/757/1050
f 1147/758/1051 1001/759/1052 966/157/1053 1146/760/1054
f 538/761/1055 539/762/1056 554/322/1057 572/763/1058
f 350/764/1059 360/765/1059 269/51/1060
f 360/766/1061 363/756/1062 269/51/1063
f 363/756/1064 188/755/1065 269/51/1066
f 356/767/1067 276/768/1067 357/716/1067
f 1256/540/632 1257/549/1068 1248/546/1069 1247/548/1070
f 276/769/1071 366/770/1072 285/771/1073
f 753/772/1074 755/773/1074 1130/774/1075 1131/775/1076
f 295/18/23 296/85/1077 285/771/1078 284/19/1079
f 822/776/1080 824/777/1081 818/778/1082 821/415/1083
f 496/779/1084 492/780/1085 648/781/1086 414/782/1087
f 485/268/1088 317/667/1089 316/83/1090
f 485/268/1091 405/720/1092 317/667/1093
f 485/268/1094 484/783/1095 405/720/1096
f 979/158/1097 978/159/1098 985/161/197 986/160/1099
f 790/784/1100 1126/785/1101 743/786/1100 1125/787/1102
f 606/611/1103 613/610/1103 484/788/1103
f 20/789/1104 626/790/1104 641/302/1105 628/299/1106
f 604/626/1107 617/625/1108 466/336/1109
f 1180/791/1110 1286/584/1111 1277/585/1112 1170/792/1110
f 214/793/1113 215/794/1114 210/795/1115 83/796/1116
f 1386/468/1117 1392/797/1118 914/798/1119 1387/469/1120
f 403/799/1121 558/800/1122 404/732/1123
f 558/801/1124 549/733/1125 404/732/1126
f 558/801/1127 88/591/1128 549/733/1129
f 113/802/1130 111/803/1130 88/804/1130
f 111/803/1131 110/805/1131 88/804/1131
f 43/806/1132 795/807/1132 666/808/1132 39/809/1132
f 554/322/1133 553/324/1134 555/810/1135 556/370/1136
f 558/801/1137 548/811/1138 88/591/1139
f 548/811/1140 113/802/1141 88/804/1141
f 225/99/1142 337/644/1143 226/61/1144
f 337/644/1145 241/62/1146 226/61/1147
f 221/60/1148 325/812/1149 226/61/1150
f 325/813/1151 328/814/1152 226/61/1153
f 328/814/1154 324/815/1155 226/61/1156
f 324/815/1157 222/816/1158 226/61/1159
f 1398/817/1160 1397/818/1161 1412/452/1162 1411/453/1163
f 337/644/1164 240/819/1165 241/62/1166
f 240/819/1167 336/820/1168 241/62/1169
f 336/820/1170 250/64/1171 241/62/1172
f 249/821/1173 178/92/1174 250/64/1175
f 178/92/1176 259/65/1177 250/64/1178
f 336/820/1179 249/821/1180 250/64/1181
f 1442/631/1182 204/2/1183 234/1/1184 1462/632/1182
f 118/822/1185 120/823/1186 80/824/1187 117/825/1188
f 422/296/1189 421/826/1190 413/280/1191 650/827/1190
f 328/814/1192 325/813/1193 221/60/1194
f 178/92/1195 258/91/1196 259/65/1197
f 258/91/1198 180/94/1199 259/65/1200
f 180/94/1201 268/66/1202 259/65/1203
f 219/748/1204 172/740/1204 165/739/1205
f 84/127/1206 218/828/1207 172/740/1207
f 218/828/1208 173/829/1209 172/830/1210
f 218/828/1211 84/127/1212 173/829/1213
f 84/127/1214 217/831/1215 173/829/1216
f 962/832/1217 1033/833/1217 1049/834/1217 935/835/1218
f 160/836/1219 159/837/1220 217/831/1221
f 91/126/154 209/838/1222 84/127/1223
f 139/111/1224 699/839/1225 148/840/1225 151/841/1225
f 860/567/1226 1199/842/1227 1198/843/1228 862/844/1229
f 851/845/1230 875/846/1230 1141/847/1231 1140/848/1232
f 349/849/1233 1434/850/1233 1438/851/1233 369/852/1234
f 185/853/1235 351/854/1236 268/66/1237
f 351/854/1238 186/90/1239 268/66/1240
f 180/94/1241 267/86/1242 268/66/1243
f 366/770/1244 193/855/1244 360/765/1244 350/764/1244
f 771/856/1245 952/206/1246 951/208/1247 1113/857/1248
f 217/831/1249 159/858/1249 326/736/1249 162/735/1249
f 193/859/1250 276/769/1251 356/767/1252
f 193/855/1253 366/770/1253 276/769/1254
f 365/860/1255 194/861/1255 284/19/1256
f 194/862/1257 292/863/1258 284/19/1259
f 292/863/1260 195/864/1261 284/19/1262
f 195/864/1263 364/865/1264 284/19/1265
f 364/865/1266 382/866/1266 284/19/1267
f 382/866/1268 283/20/1269 284/19/1270
f 1096/867/1271 1095/868/1272 1082/869/1273 1028/207/1274
f 200/870/1275 303/871/1276 304/69/1277
f 303/871/1278 201/81/1279 304/69/1280
f 201/81/1281 313/734/1282 304/69/1283
f 201/81/1284 312/80/1285 313/734/1286
f 478/267/315 477/275/1287 484/783/1288 485/268/1289
f 664/872/1290 42/873/1291 67/874/1292 663/875/1292
f 1011/220/1293 1018/215/1294 1019/217/1295 1012/219/1296
f 596/876/1297 571/877/1297 564/878/1297 567/879/1297
f 978/159/1298 977/191/1299 984/139/173 985/161/1300
f 607/613/1301 612/612/1301 477/880/1301
f 1450/605/1302 1456/604/1303 291/660/1304 302/651/1305
f 618/624/1306 452/333/1307 459/334/1308
f 964/154/1309 963/153/1310 977/191/1311 978/159/1312
f 463/339/1313 400/366/1314 464/327/1315
f 401/367/1316 525/881/1317 467/325/1318
f 811/882/1319 812/883/1320 813/392/1321 809/390/1322
f 402/884/1323 558/800/1324 403/799/1325
f 778/245/1326 780/885/1327 787/243/1328 788/246/1329
f 402/884/1330 529/886/1331 558/800/1331
f 529/886/1332 557/887/1333 558/801/1334
f 548/811/1335 111/803/1336 113/802/1336
f 548/811/1337 552/888/1338 111/803/1339
f 552/888/1340 110/805/1341 111/803/1341
f 552/888/1342 545/889/1343 110/805/1344
f 545/889/1345 601/890/1346 110/805/1346
f 601/890/1347 544/891/1347 110/805/1347
f 786/892/1348 1127/893/1349 744/247/1350 767/894/1349
f 74/895/1351 124/896/1352 90/431/1353
f 124/896/1354 75/432/502 90/431/501
f 700/897/1355 146/898/1355 132/899/1356 685/900/1357
f 730/656/1358 626/790/1358 20/789/1358 725/657/1358
f 544/891/1359 601/890/1359 548/811/1360
f 601/890/1361 552/888/1362 548/811/1363
f 223/901/1364 175/97/1365 225/99/1366
f 1160/902/1367 1159/903/1367 986/160/1368 993/162/1369
f 623/904/1370 626/790/1370 730/656/1370 1072/595/1370
f 127/905/1371 688/906/1371 137/435/1372 128/907/1373
f 859/908/1374 860/567/1375 862/844/1376 864/406/1377
f 1113/857/1378 951/208/1379 950/221/1380 772/909/1378
f 323/910/1381 223/911/1381 222/816/1382
f 327/912/1383 322/913/1384 223/911/1385
f 322/913/1386 175/97/1387 223/901/1388
f 323/910/1389 213/914/1390 223/911/1389
f 213/914/1391 327/912/1392 223/911/1393
f 680/393/1394 668/395/1395 693/915/1396 99/916/1397
f 335/112/1398 249/821/1399 336/820/1400
f 1381/917/1401 1389/918/1402 1228/551/1403 1267/550/1404
f 344/919/1405 179/93/1406 178/92/1407
f 160/836/1408 161/920/1409 159/858/1410
f 1199/842/1411 1336/921/1412 1350/922/1412 1198/843/1413
f 210/923/1414 216/924/1415 161/925/1416
f 343/926/1417 181/95/1418 180/94/1419
f 179/93/1420 343/926/1421 180/94/1422
f 215/794/1423 214/793/1424 222/816/1425 324/815/1426
f 1366/927/1427 704/928/1427 1439/929/1427 1367/930/1427
f 83/796/1428 210/795/1429 93/931/1430
f 1198/843/1431 1349/932/1432 1348/933/1433 1197/934/1434
f 215/935/1435 216/936/1435 210/923/1436
f 354/937/1437 185/853/1438 184/88/1439
f 183/87/1440 355/938/1441 184/88/1442
f 875/846/1443 851/845/1443 878/743/1443 879/939/1443
f 368/940/1444 364/865/1444 184/88/1445
f 488/264/1446 487/941/1447 314/71/1448 313/734/1449
f 354/937/1450 351/854/1450 185/853/1451
f 354/937/1452 195/942/1452 351/854/1452
f 1328/487/1453 1327/719/1454 997/173/1455 996/168/1456
f 182/96/1457 183/87/1458 267/86/1459
f 195/864/1460 292/863/1461 194/862/1462
f 177/943/1463 240/819/1464 337/944/1465 346/643/1466
f 381/945/1467 294/21/1468 283/20/1469
f 648/781/1470 657/946/1470 436/257/1471 437/256/1472
f 368/940/1473 382/866/1473 364/865/1473
f 368/940/1474 196/947/1474 382/866/1474
f 196/948/1475 293/949/1476 382/866/1477
f 293/949/1478 372/950/1479 382/866/1479
f 372/951/1480 371/952/1481 382/866/1482
f 1396/953/1483 1205/954/1484 1412/452/1485 1397/818/1486
f 199/955/1487 380/956/1488 294/21/1489
f 670/957/1490 698/958/1490 690/959/1490 818/960/1490
f 381/945/1491 199/955/1492 294/21/1493
f 519/961/1494 11/962/1494 1097/963/1494 1100/964/1494
f 1203/516/1495 1407/965/1496 1406/966/1497 1321/967/1498
f 1269/475/1499 1270/533/1500 1261/530/620 1260/543/1501
f 203/134/166 388/968/1502 312/80/104
f 388/125/1503 387/969/1504 312/80/1505
f 387/969/1506 406/970/1507 312/80/1508
f 406/970/1509 647/971/1509 312/80/1510
f 647/971/1511 489/972/1511 312/80/1512
f 647/971/1513 406/970/1513 489/972/1513
f 406/973/1514 490/260/1515 489/261/1516
f 1013/222/1517 1014/974/1518 1007/975/1519 1006/209/1520
f 1026/200/1521 1027/216/1522 1020/218/1523 1019/217/1524
f 1001/759/1525 1002/213/1526 967/155/1527 966/157/1528
f 432/976/1529 608/977/1530 470/274/1531
f 619/623/1532 452/333/1533 618/624/1534
f 619/623/1535 620/622/1536 452/333/1537
f 544/891/1538 600/978/1538 74/895/1539 110/805/1538
f 984/139/173 983/140/1540 990/163/199 991/138/1541
f 1031/979/1542 1032/980/1542 1054/981/1543 1046/982/1542
f 441/314/1544 448/340/400 449/666/1545 442/313/367
f 260/53/1546 261/54/1547 252/68/85 251/63/1548
f 399/983/1549 523/984/1550 463/339/1551
f 523/985/1552 522/986/1553 463/339/1554
f 522/986/1555 400/366/1556 463/339/1557
f 522/986/1558 523/985/1559 400/366/1560
f 523/985/1561 401/367/1562 400/366/1563
f 523/985/1564 525/881/1565 401/367/1566
f 523/984/1567 399/983/1568 525/881/1567
f 399/983/1569 527/987/1570 525/881/1570
f 527/987/1571 529/886/1571 525/881/1571
f 529/886/1572 402/884/1573 525/881/1572
f 780/885/1574 785/988/1575 789/241/1576 787/243/1577
f 529/989/1578 528/990/1579 557/887/1580
f 528/990/1581 527/991/1582 557/887/1583
f 527/991/1584 532/992/1585 557/887/1586
f 532/992/1587 526/993/1588 557/887/1589
f 526/993/1590 589/994/1590 557/887/1591
f 1435/751/1592 1436/995/1592 1438/851/1592 1434/850/1592
f 527/991/1593 528/990/1594 529/989/1595
f 601/890/1596 545/889/1597 552/888/1598
f 125/996/1599 124/997/1600 74/895/1601
f 600/978/1602 112/998/1602 74/895/1603
f 486/265/1604 485/268/1605 316/83/1606 315/72/1607
f 125/996/1608 75/432/1609 124/896/1610
f 1351/999/1611 1340/1000/1611 1234/547/1612 1350/922/1611
f 349/849/1613 341/1001/1614 342/1002/1613 708/1003/1613
f 115/1004/1615 77/424/1616 76/433/1617
f 143/1005/1618 133/1006/1619 134/1007/1620 138/1008/1621
f 78/425/1622 123/1009/1623 95/423/1624
f 123/1009/1625 79/1010/1626 95/423/1627
f 79/1010/1628 122/1011/1629 95/423/1630
f 562/1012/1631 561/1013/1632 540/323/1633 599/1014/1634
f 555/810/1635 551/319/1636 550/1015/1637
f 551/319/1638 600/978/1639 550/1015/1640
f 906/574/1641 340/1016/1642 177/1017/1642 907/1018/1642
f 338/1019/1643 176/98/1644 175/97/1645
f 322/913/1646 224/1020/1647 175/97/1648
f 224/1020/1649 321/1021/1649 175/97/1650
f 321/1021/1651 330/1022/1651 175/1023/1651
f 338/1019/1652 332/1024/1652 176/98/1653
f 332/1024/1654 703/1025/1654 176/98/1655
f 703/1025/1656 908/1026/1656 176/98/1657
f 908/1026/1658 339/1027/1658 176/98/1659
f 339/1028/1660 346/643/1661 176/98/1662
f 339/1028/1663 177/1017/1664 346/643/1665
f 339/1028/1666 722/1029/1667 177/1017/1667
f 722/1029/1668 907/1018/1668 177/1017/1668
f 117/1030/1669 80/824/1670 121/1031/1671 69/1032/1672
f 340/1033/1673 345/114/1674 177/943/1675
f 765/240/1676 764/239/1677 758/1034/1678 757/1035/1679
f 82/1036/1680 212/1037/1681 213/914/1682
f 779/244/1683 858/439/1684 857/438/1685 778/245/1686
f 116/1038/1687 71/1039/1687 79/1010/1688 123/1009/1687
f 340/1033/1689 335/112/1690 345/114/1691
f 1381/917/1692 1276/1040/1693 1227/1041/1694 1389/1042/1694
f 710/1043/1695 344/1044/1696 335/112/1697
f 340/1033/1698 712/1045/1699 335/112/1700
f 712/1045/1701 920/1046/1701 335/1047/1701
f 710/1048/1702 713/1049/1703 344/1044/1704
f 713/1049/1705 179/93/1706 344/919/1707
f 970/178/1708 1041/1050/1709 928/175/1710 969/174/1711
f 709/1051/1712 343/926/1712 179/93/1713
f 713/1049/1714 921/1052/1715 179/93/1716
f 709/1051/1717 181/95/1718 343/926/1717
f 708/1003/1719 342/1002/1719 181/1053/1719
f 342/1002/1720 182/96/1721 181/95/1722
f 709/1054/1723 714/1055/1724 181/95/1725
f 658/1056/1726 416/1057/1727 415/1058/1726 419/291/1728
f 1457/603/1729 1449/602/1729 282/654/1730 291/660/1731
f 81/588/691 134/1059/1732 94/589/692
f 134/1059/1733 142/1060/1733 94/589/1734
f 142/698/1735 141/1061/1736 94/589/1737
f 141/1061/1738 82/1036/1739 94/589/1740
f 141/1061/1741 211/1062/1742 82/1036/1743
f 1394/1063/1744 1212/1064/1744 1220/1065/1745 1422/1066/1744
f 352/1067/1746 355/938/1746 183/87/1747
f 182/96/1748 352/1067/1749 183/87/1750
f 352/1067/1751 367/1068/1751 355/938/1751
f 367/1069/1752 196/947/1753 368/940/1753
f 1142/1070/1754 777/1071/1754 752/1072/1755 1129/1073/1756
f 348/1074/1757 347/1075/1758 182/96/1759
f 347/1075/1760 353/1076/1761 182/96/1762
f 353/1077/1763 352/1078/1764 182/96/1765
f 383/1079/1766 384/121/1767 198/1080/1768
f 756/726/1769 1135/729/1770 1124/1081/1770 1130/1082/1770
f 367/1069/1771 293/949/1772 196/948/1773
f 367/1069/1774 197/1083/1775 293/949/1776
f 197/1083/1777 372/950/1778 293/949/1779
f 371/1084/1780 372/951/1781 347/1075/1782 348/1074/1783
f 1396/1085/1784 1384/471/1785 1393/1086/1784 1401/1087/1784
f 717/1088/1786 718/1089/1787 919/1090/1786 1417/1091/1786
f 370/1092/1788 369/852/1789 383/1079/1790
f 883/1093/1791 889/1094/1791 874/1095/1791 852/1096/1791
f 716/1097/1792 717/1098/1793 1417/1099/1794 1416/1100/1795
f 385/119/1796 380/122/1797 199/955/1798
f 377/116/1799 379/1101/1800 386/117/1801
f 1029/1102/1802 962/832/1802 935/835/1803 1050/1103/1804
f 377/116/1805 378/1104/1806 379/1101/1807
f 377/116/1808 389/1105/1809 378/1104/1810
f 389/123/1811 388/125/1812 202/82/1813
f 388/968/1814 203/134/1815 202/82/1816
f 390/124/1817 406/970/1818 388/125/1819
f 406/970/1820 387/969/1821 388/125/1822
f 632/1106/1823 490/260/308 406/973/1824
f 390/124/1825 632/1106/1826 406/973/1827
f 632/310/1828 631/311/1829 490/260/1830
f 631/311/1831 407/1107/1832 490/260/1833
f 407/1107/1834 636/1108/1835 490/260/1836
f 636/1108/1837 408/258/1838 490/260/1839
f 172/830/1840 173/829/1841 220/59/1842 166/701/1843
f 630/1109/1844 15/1110/1844 483/259/1845
f 15/1110/1846 629/1111/1846 483/259/1847
f 629/1111/1848 482/262/1849 483/259/1850
f 629/1111/1851 475/255/1852 482/262/1853
f 629/1111/1854 476/278/1855 475/255/1856
f 476/278/1857 410/277/1858 475/255/1859
f 410/277/1860 437/256/1861 475/255/1862
f 990/163/1863 989/165/1864 996/168/205 997/173/1865
f 435/281/1866 653/1112/1867 434/282/1868
f 653/1112/1869 417/1113/1870 434/282/333
f 417/1113/1871 429/283/1872 434/282/1873
f 1008/194/232 1009/204/1874 1002/213/1875 1001/759/1876
f 1186/1114/1877 1187/1115/1878 1268/476/1879 1259/545/1880
f 609/616/1881 611/615/1881 432/976/1882
f 611/615/1883 608/614/1883 432/976/1884
f 621/621/1885 614/620/1886 445/332/1887
f 1390/1116/1888 1228/1117/1889 920/1046/1889 911/1118/1889
f 1399/1119/1890 1392/797/1891 1386/468/1892 1398/1120/1891
f 1002/213/1893 1003/212/1894 968/152/1895 967/155/1896
f 1003/212/1897 1010/214/1898 1011/220/1899 1004/211/1900
f 481/263/311 480/271/1901 487/941/1902 488/264/1903
f 379/1101/1904 378/1104/1905 201/81/1906 303/871/1907
f 398/346/406 524/1121/1908 462/344/404
f 9/1122/1909 535/371/1910 556/370/1911 573/1123/1912
f 532/992/1913 527/991/1914 399/983/1915
f 862/844/1916 1197/934/1917 1196/1124/1918 863/441/1919
f 1113/857/1920 789/241/1921 790/1125/1922 771/856/1923
f 267/86/1924 184/88/1925 185/853/1926 268/66/1927
f 699/839/1928 700/1126/1929 898/1127/1928 892/1128/1928
f 551/319/1930 543/321/1931 600/978/1932
f 126/1129/1933 681/1130/1933 688/906/1933 127/905/1933
f 73/1131/1934 112/998/1934 600/978/1934
f 823/1132/1935 822/776/1936 821/415/1937 816/416/1938
f 542/320/1939 65/1133/1940 115/1004/1941
f 65/1133/1942 72/1134/1942 115/1004/1943
f 884/1135/1944 885/1136/1945 873/1137/1946 874/1138/1947
f 65/1133/1948 116/1038/1948 72/1134/1948
f 563/1139/1949 566/1140/1950 569/1141/1951 565/1142/1952
f 139/111/1953 151/841/1954 150/1143/1954 140/110/1955
f 333/1144/1956 338/1019/1956 175/1023/1956 330/1022/1956
f 121/1031/1957 80/824/1958 96/590/1959
f 80/824/1960 136/1145/1961 96/590/1962
f 136/434/1963 135/436/1964 96/590/1965
f 135/436/1966 81/588/1967 96/590/1968
f 1211/1146/1969 1221/495/1970 1430/1147/1969 1395/1148/1969
f 553/324/1971 598/1149/1972 555/810/1973
f 598/1150/1974 597/1151/1975 555/810/1976
f 597/1151/1977 551/319/1978 555/810/1979
f 597/1151/1980 542/320/376 551/319/375
f 331/1152/1981 333/1144/1982 330/1153/1983
f 321/1021/1984 174/1154/1984 330/1022/1984
f 882/1155/1985 883/1156/1986 852/1096/1987 875/846/1987
f 152/101/1988 331/1152/1989 330/1153/1990
f 1374/696/1991 1377/671/1992 1376/1157/1993 1373/1158/1994
f 85/128/1995 239/703/1996 238/677/1997 86/130/1998
f 153/1159/1999 174/1154/1999 321/1021/1999
f 799/380/2000 665/1160/2001 796/375/2002 800/377/2003
f 1148/1161/2004 1008/194/2005 1001/759/2006 1155/1162/2004
f 1372/1163/2007 909/1164/2007 711/1165/2007
f 1372/1163/2008 711/1165/2008 703/1025/2008
f 711/1165/2009 908/1026/2009 703/1025/2009
f 329/1166/2010 702/1167/2010 703/1025/2010
f 711/1165/2011 909/1164/2011 908/1168/2012
f 909/1164/2013 1372/1163/2013 908/1168/2014
f 1372/1163/2015 1378/1169/2015 908/1168/2016
f 1378/461/2017 1391/463/2018 908/1168/2019
f 1391/463/2020 910/1170/2021 908/1168/2022
f 910/1170/2023 339/1027/2024 908/1026/2024
f 910/1170/2025 722/1029/2026 339/1028/2027
f 910/1170/2028 907/575/2029 722/1029/2030
f 1380/1171/2031 911/573/2032 907/575/2033
f 910/1170/2034 1391/463/2035 907/575/2036
f 1391/463/2037 1380/464/2038 907/575/2039
f 906/574/2040 712/1045/2041 340/1033/2042
f 154/1172/2043 157/1173/2044 212/1037/2045
f 712/1045/2046 911/1118/2046 920/1046/2046
f 392/364/2047 514/357/2048 507/1174/2049 446/365/2050
f 1440/1175/2051 1439/929/2051 329/1166/2051 156/106/2052
f 912/1176/2053 713/1049/2054 710/1048/2055
f 906/574/2056 911/573/2057 712/1045/2058
f 912/1176/2059 921/1052/2059 713/1049/2060
f 913/1177/2061 709/1051/2061 922/1178/2061
f 610/617/2062 609/616/2062 432/976/2063 431/1179/2064
f 1227/1041/2065 913/1177/2065 922/1178/2065
f 913/1177/2066 714/1055/2067 709/1054/2068
f 912/1176/2069 1389/1042/2069 921/1052/2069
f 914/1180/2070 923/1181/2070 721/1182/2070
f 914/1180/2071 721/1182/2071 708/1003/2071
f 919/1183/2072 718/1184/2073 376/1185/2073 901/1186/2073
f 1434/850/2074 349/849/2074 708/1003/2074
f 1142/1070/2075 765/240/2076 757/1187/2075 777/1071/2075
f 913/1188/2077 1383/1189/2078 905/1190/2079
f 1383/1189/2080 914/798/2081 905/1190/2082
f 138/1008/2083 134/1007/2084 81/588/2085
f 135/436/2086 138/1008/2087 81/588/2088
f 504/356/2089 595/672/2090 594/675/2091 517/1191/2092
f 133/1006/2093 142/1060/2094 134/1059/2094
f 829/1192/2095 842/1193/2095 897/572/2096 894/571/2097
f 897/572/2098 842/1193/2099 891/1194/2100 1363/458/2101
f 147/697/2102 149/1195/2102 142/698/2103
f 149/1195/2104 141/1061/2105 142/698/2106
f 149/1195/2107 211/1062/2107 141/1061/2108
f 1357/1196/2109 1347/1197/2109 1352/1198/2109 1360/1199/2109
f 153/1159/2110 157/1200/2110 154/1172/2111
f 1311/519/2112 1312/1201/2113 1303/1202/2114 1302/560/2115
f 347/1075/2116 372/950/2117 197/1203/2117 353/1076/2117
f 276/769/2118 285/771/2119 286/16/2120 357/716/2121
f 1411/1204/2122 715/1205/2122 373/1206/2122
f 715/1205/2123 374/120/2124 373/1207/2125
f 1438/851/2126 1437/1208/2126 373/1207/2127
f 503/1209/2128 22/1210/2128 735/1211/2128 1083/254/2129
f 571/877/2130 577/1212/2130 568/1213/2131 564/878/2130
f 903/1214/2132 1410/1215/2132 374/1216/2132
f 1410/1215/2133 720/1217/2133 374/1216/2133
f 720/1217/2134 375/118/2135 374/120/2136
f 926/648/2137 1409/647/2137 376/1185/2137
f 1409/647/2138 901/1186/2138 376/1185/2138
f 550/1015/2139 600/978/2140 544/891/2140 548/811/2141
f 718/1184/2142 377/116/2143 376/115/141
f 375/118/2144 719/1218/2145 376/115/2146
f 365/860/2147 284/19/2148 285/771/2149 366/770/2147
f 487/941/2150 486/265/2151 315/72/2152 314/71/2153
f 717/1098/2154 716/1219/2155 389/1105/2156
f 716/1219/2157 634/1220/2158 389/1105/2158
f 634/1220/2159 390/124/2160 389/123/2161
f 634/308/2162 633/307/2163 390/124/2164
f 633/307/2165 632/310/2166 390/124/2167
f 646/309/2168 407/1107/2169 631/311/2170
f 646/309/2171 636/1108/2172 407/1107/2173
f 728/1221/2174 25/1222/2174 636/1108/2174
f 25/1222/2175 637/306/2176 636/305/2177
f 645/304/356 408/258/2178 636/1108/2179
f 646/309/2180 16/1223/2181 636/1108/2181
f 585/1224/2182 519/961/2182 1100/1225/2183 1099/1226/2184
f 645/304/2185 15/1110/2186 630/1109/2186
f 729/190/2187 1067/1227/2188 1058/1228/2188 740/1229/2188
f 18/1230/2189 740/1229/2190 15/1231/2191
f 740/1229/2192 1058/1228/2192 15/1231/2193
f 728/1221/2194 636/1108/2194 16/1223/2194 1059/1232/2194
f 638/1233/223 644/1234/2195 15/1231/2196
f 644/1234/2197 629/1235/2198 15/1110/2199
f 1164/1236/2200 1158/1237/2200 979/158/2201 986/160/2202
f 613/610/2203 320/77/2204 319/78/2205 484/788/2203
f 438/279/2206 437/256/2207 410/277/2208
f 409/276/2209 639/1238/2210 410/277/2211
f 639/312/225 643/300/364 410/711/2212
f 413/280/2213 414/782/2214 437/256/2215
f 414/782/2216 648/781/2217 437/256/2218
f 512/288/2219 13/1239/2220 508/723/2221 509/289/2222
f 657/946/2223 656/1240/2224 436/257/2225
f 656/1240/2226 655/1241/2227 436/257/2228
f 655/1242/2229 654/1243/2230 436/257/2231
f 209/1244/2232 210/923/2233 161/920/2234 160/1245/2235
f 415/1246/2236 416/1057/2237 435/281/2238
f 416/1057/2239 661/1247/2240 435/281/2241
f 661/1247/2242 653/1112/2242 435/281/2243
f 661/1247/2244 417/1113/2245 653/1112/2244
f 661/1247/2246 660/1248/2246 417/1113/2247
f 660/1249/2248 652/1250/2249 417/1113/2250
f 652/1250/2251 429/283/2252 417/1113/2253
f 652/1250/2254 660/1249/2255 429/283/2256
f 660/1249/2257 418/1251/2258 429/283/2259
f 418/1251/2260 428/287/2261 429/283/2262
f 615/619/2263 603/618/2263 431/1179/2264
f 603/618/2265 610/617/2265 431/1179/2266
f 418/1251/2267 659/1252/2268 428/287/2269
f 659/1252/2270 651/1253/2270 428/287/2271
f 651/1253/2272 658/1056/2272 428/287/2273
f 658/1056/2274 419/291/2275 428/287/2276
f 453/1254/2277 505/1255/2278 454/343/2279
f 505/1255/2280 461/345/2281 454/343/2282
f 447/341/2283 507/1174/2284 454/343/2285
f 507/1174/2286 453/1254/2287 454/343/2288
f 505/1255/2289 460/349/2290 461/345/2291
f 440/315/2292 391/1256/2293 447/341/2294
f 391/363/2295 446/365/2296 447/341/2297
f 446/365/2298 507/1174/2299 447/341/2300
f 1179/1257/2301 1313/582/2302 1304/562/2303 1178/1258/2304
f 573/1123/2305 556/370/432 560/1259/2306
f 533/1260/2307 593/1261/2308 560/1259/2309
f 593/1262/2310 592/1263/2311 560/1259/2312
f 592/1263/2313 574/1264/2314 560/1265/2315
f 1112/1266/2316 1114/1267/2316 1095/868/2317 1096/867/2318
f 616/627/2319 469/730/2319 530/725/2319 605/628/2319
f 597/1151/2320 65/1133/2321 542/320/2322
f 597/1151/2323 598/1150/2324 65/1133/2325
f 598/1150/2326 541/1268/2327 65/1133/2327
f 541/1268/2328 540/1269/2328 65/1133/2328
f 540/1269/2329 561/1270/2329 65/1133/2329
f 561/1013/2330 562/1012/2331 65/1133/2332
f 562/1012/2333 546/1271/2334 65/1133/2334
f 546/1272/2335 547/1273/2336 65/1133/2337
f 547/1273/2338 567/879/2339 65/1133/2339
f 567/879/2340 44/1274/2340 65/1133/2340
f 44/1274/2341 62/1275/2341 65/1133/2341
f 62/385/2342 61/384/2343 65/1133/2344
f 61/384/2345 60/388/2346 65/1133/2347
f 60/388/2348 64/1276/2349 65/1133/2349
f 64/1276/2350 45/1277/2350 65/1133/2350
f 45/1277/2351 104/1278/2351 65/1133/2351
f 104/1278/2352 68/1279/2352 65/1133/2352
f 68/1279/2353 102/1280/2353 65/1133/2353
f 102/1280/2354 98/1281/2354 65/1133/2354
f 98/1282/2355 97/1283/2356 65/1133/2357
f 97/1283/2358 71/1284/2359 65/1133/2360
f 71/1039/2361 116/1038/2361 65/1133/2361
f 97/1283/2362 70/1285/2363 71/1039/2364
f 1355/1286/2365 148/840/2365 699/839/2365 892/1128/2365
f 121/1031/2366 96/590/2367 95/423/2368 122/1011/2369
f 120/823/2370 136/1145/2370 80/824/2371
f 154/1287/2372 212/1037/2373 82/1036/2374 211/1062/2372
f 120/823/2375 131/1288/2375 136/1145/2375
f 131/1289/2376 130/1290/2377 136/1145/2378
f 538/761/2379 596/876/2380 567/879/2380 547/1273/2381
f 137/435/2382 687/1291/2383 135/436/2384
f 687/1291/2385 138/1008/2386 135/436/2387
f 405/720/2388 484/788/2388 319/78/2389 318/668/2390
f 540/1269/2391 541/1268/2391 553/324/2392
f 541/1268/2393 598/1150/2394 553/324/2395
f 152/101/2396 333/1144/2397 331/1152/2398
f 1354/1292/2399 1358/1293/2399 1374/696/2400 1373/1158/2401
f 560/1259/2402 556/370/2403 555/810/2404 559/1294/2405
f 155/105/2406 158/104/2407 152/101/2408
f 1432/1295/2409 1354/1292/2409 1373/1158/2410 1368/1296/2409
f 704/928/2411 701/1297/2411 329/1166/2411
f 701/1297/2412 702/1167/2412 329/1166/2412
f 1364/1298/2413 1432/1295/2413 1368/1296/2413 1367/930/2413
f 1439/929/2414 704/928/2414 329/1166/2414
f 701/1297/2415 1365/1299/2415 1369/1300/2415
f 701/1297/2416 1369/1300/2416 702/1167/2416
f 1376/1301/2417 1378/461/2418 1372/1163/2419
f 1369/1300/2420 1368/1296/2420 1372/1163/2420
f 329/1166/2421 703/1025/2421 332/1302/2422 334/1303/2423
f 1376/1301/2424 1377/671/2425 1378/461/2426
f 1346/1304/2427 1245/537/2428 1246/541/2429 1189/1305/2430
f 1249/670/2431 1379/462/2432 1378/461/2433
f 1379/462/2434 1258/1306/2435 1380/464/2436
f 177/943/2437 345/114/2438 336/820/2439 240/819/2440
f 1390/1116/2441 911/573/2442 1380/1171/2443
f 1168/1307/2444 1304/562/2445 1295/563/2446 1169/661/2444
f 1390/1116/2447 1229/552/2448 1228/551/2449
f 608/614/2450 607/613/2450 477/880/2450 470/274/2451
f 1227/1041/2452 1388/1308/2452 913/1177/2452
f 1388/467/2453 1383/466/2454 913/1188/2455
f 1276/1040/2456 1382/1309/2457 1227/1310/2458
f 1382/465/2459 1388/467/2460 1227/1041/2461
f 1383/466/2462 1387/469/2463 914/798/2464
f 1333/1311/2465 1248/546/2466 1249/1312/2467 1232/1313/2468
f 707/752/2469 1434/850/2469 708/1003/2469 721/1182/2469
f 1338/1314/2470 1189/1305/2471 1339/1315/2470 1341/1316/2470
f 707/752/2472 1435/751/2472 1434/850/2472
f 77/424/2473 95/423/2474 90/431/2475 76/433/2476
f 637/306/2477 18/1230/2478 15/1110/2479 645/304/2480
f 1382/465/2481 1285/580/2482 1383/1189/2483
f 687/420/2484 686/1317/2485 138/1008/2486
f 864/406/2487 862/844/2488 863/441/2489 865/403/2490
f 132/899/2491 143/1005/2492 138/1008/2493
f 828/1318/2494 826/1319/2494 827/1320/2494 671/1321/2495
f 927/1322/2496 1051/1323/2496 934/1324/2497 1041/1050/2496
f 621/1325/2498 445/332/2499 452/333/2500 620/622/2501
f 918/1326/2502 719/1218/2502 375/118/2503
f 1436/995/2504 1437/1208/2504 1438/851/2504
f 1410/454/2505 924/1327/2506 1411/453/2507
f 924/1327/2508 715/1205/2508 1411/1204/2508
f 1400/1328/2509 1399/1119/2510 1411/1204/2511
f 1399/1119/2512 1398/1120/2513 1411/1204/2513
f 921/1329/2514 922/1178/2515 709/1051/2515 179/1330/2515
f 1436/995/2516 917/1331/2516 1400/1332/2516
f 1436/995/2517 1400/1332/2517 1437/1208/2517
f 1410/1215/2518 903/1214/2518 924/1327/2518
f 1413/450/2519 1414/445/2520 1410/454/2521
f 1414/445/2522 925/1333/2523 1410/454/2524
f 925/1333/2525 720/1217/2525 1410/1215/2525
f 902/1334/2526 918/646/2527 926/648/2528
f 1443/1335/2529 233/45/2530 248/46/2531 1444/634/2529
f 1408/448/2532 901/1186/2533 1409/647/2533
f 1408/448/2534 919/1183/2535 901/1336/2536
f 828/1318/2537 689/1337/2537 698/958/2537 826/1319/2537
f 918/646/2538 902/1334/2539 719/1218/2540
f 375/118/2541 376/115/2542 386/117/2543 385/119/2544
f 557/887/2545 550/1015/2546 548/811/2547 558/801/2548
f 17/1338/2549 635/1339/2549 716/1097/2549
f 635/1340/2550 634/308/2551 716/1219/2552
f 1062/180/2553 1070/1341/2554 941/1342/2554 1068/181/2555
f 940/1343/2556 1067/1227/2556 728/1221/2556
f 1067/1227/2557 729/190/2558 728/189/2559
f 741/188/2560 25/1222/2561 728/1221/2561
f 1059/1344/2562 1068/181/2563 728/1221/2564
f 1068/181/2565 941/1342/2566 728/1221/2566
f 941/170/2567 940/169/2568 728/1221/2569
f 1411/1204/2570 373/1206/2570 1437/1208/2570 1400/1332/2570
f 729/190/2571 637/306/2572 25/1222/2573 741/188/2574
f 635/1339/2575 17/1338/2575 16/1345/2576
f 17/1346/2577 1059/1232/2578 16/1223/2578
f 1445/635/2579 248/46/2580 257/645/2579 1461/636/2579
f 1063/184/2581 939/1347/2582 1058/182/2583
f 939/1347/2584 1057/185/2585 1058/182/220
f 1057/185/2586 19/1348/2587 638/1349/2587
f 19/1348/2588 639/312/2589 638/1233/2590
f 639/1238/2591 409/276/2592 638/1233/223
f 409/1350/2593 644/1234/2594 638/1233/2595
f 642/303/2596 627/1351/2597 628/299/2598
f 627/1351/2599 649/1352/2599 628/299/2600
f 1272/508/2601 1273/504/2602 1264/503/2603 1263/502/2604
f 640/301/2605 20/789/2606 628/299/2607
f 189/710/2608 359/682/2609 271/29/2610 270/52/2611
f 411/1353/2612 412/1354/2613 438/279/2614
f 412/1354/2615 650/827/2616 438/279/2617
f 650/827/2618 413/280/2619 438/279/2620
f 19/1348/2621 1056/1355/2621 639/312/2622
f 638/1349/2623 15/1231/2624 1058/182/2625 1057/185/2626
f 956/1356/2627 732/235/2628 731/1357/2629 1088/1358/2627
f 333/1359/2630 334/1303/2631 332/1024/2632 338/1019/2632
f 491/1360/2633 496/1361/2633 414/782/2634
f 854/1362/2635 869/1363/2636 849/404/2637 888/1364/2636
f 492/780/2638 493/1365/2639 648/781/2640
f 42/873/2641 664/1366/2642 796/1367/2642 41/1368/2642
f 494/1369/2643 656/1240/2644 657/946/2645
f 489/261/2646 488/264/2647 313/734/2648 312/80/2649
f 1174/1370/2650 1186/1114/2651 1259/545/2652 1250/544/2653
f 415/1058/2654 654/1243/2655 655/1242/2656
f 740/1229/2657 18/1230/2658 637/306/2659 729/190/2660
f 658/1056/2661 661/1247/2661 416/1057/2662
f 658/1056/2663 651/1253/2663 661/1247/2663
f 651/1253/2664 660/1248/2664 661/1247/2664
f 651/1253/2665 418/1251/2666 660/1249/2667
f 651/1253/2668 659/1252/2668 418/1251/2669
f 420/1371/2670 427/292/2671 419/291/2672
f 420/1372/2673 494/1369/2674 427/292/2675
f 1158/1373/2676 1157/1374/2676 965/156/2677 979/158/2678
f 426/293/2679 509/1375/2680 440/315/2681
f 509/1375/2682 439/724/2683 440/315/2684
f 439/724/2685 391/363/2686 440/315/2687
f 506/350/2688 505/352/2689 453/1254/2690
f 507/360/2691 506/350/2692 453/1254/2693
f 502/353/2694 393/1376/2695 505/352/2696
f 393/368/430 460/349/410 505/1255/2697
f 618/624/2698 459/334/2699 466/336/2700 617/625/2701
f 1191/1377/2702 1339/1315/2702 1188/1378/2703 1337/1379/2702
f 513/373/436 499/372/276 391/363/2704
f 499/372/2705 392/364/2706 391/363/2707
f 592/1263/2708 534/1380/2709 574/1264/2710
f 534/1380/2711 580/1381/2711 574/1264/2712
f 580/1381/2713 575/1382/2714 574/1264/2715
f 575/1382/2716 9/1122/2717 574/1264/2718
f 587/1383/2719 592/1263/2720 593/1262/2721
f 395/362/2722 587/1383/2723 593/1262/2724
f 587/1383/2725 534/1380/2725 592/1263/2726
f 554/322/378 599/1014/2727 540/323/379
f 956/1356/2728 1078/1384/2729 1089/1385/2728 732/235/2730
f 1339/1315/2731 1246/541/2732 1247/548/2733 1188/1378/2734
f 884/1135/2735 883/1156/2736 859/908/2737 864/406/2738
f 341/1386/2739 348/1387/2739 182/96/2740 342/1002/2739
f 564/878/2741 55/1388/2741 567/879/2741
f 55/1389/2742 54/1390/2743 567/879/2744
f 54/1390/2745 44/1274/2746 567/879/2746
f 1129/1073/2747 752/1072/2748 753/772/2749 1131/775/2750
f 54/1390/2751 55/1389/2752 44/1274/2753
f 55/1389/2754 62/1275/2755 44/1274/2755
f 41/1368/2756 57/383/2757 62/385/2758
f 55/1389/2759 63/1391/2760 62/385/2761
f 63/1391/2762 41/1368/2763 62/385/2764
f 982/164/2765 975/142/176 974/1392/2766 981/1393/2767
f 40/1394/2768 60/388/450 61/384/446
f 40/1394/2769 51/746/2769 60/388/2770
f 51/746/2771 58/386/2772 60/388/2773
f 59/387/2774 64/1276/2775 60/388/2776
f 1194/473/2777 1333/1311/2778 1232/1395/2778 1195/474/2779
f 50/745/2780 103/1396/2780 45/1277/2780
f 103/1397/2781 104/430/2782 45/1277/2783
f 510/290/2784 425/295/2785 424/1398/2786 497/1399/2786
f 693/1400/2787 692/1401/2788 104/430/2789
f 692/1401/2790 105/426/2791 104/430/2792
f 102/1280/2793 68/1279/2793 104/1278/2793
f 101/428/2794 98/1281/2795 102/1280/2795
f 101/428/2796 117/1030/2797 98/1281/2797
f 117/1030/2798 69/1032/2799 98/1282/2800
f 101/428/2801 118/822/2802 117/825/2803
f 1116/639/2804 584/1402/2804 521/1403/2804 1098/1404/2804
f 101/428/2805 119/1405/2806 118/822/2807
f 129/1406/2808 128/907/2809 137/435/2810
f 1395/1148/2811 1430/1147/2811 1220/1065/2812 1212/1064/2811
f 688/422/2813 687/420/2814 137/435/2815
f 396/348/2816 395/362/2817 593/1261/2818 533/1260/2819
f 108/1407/2820 100/1408/2820 130/1290/2821
f 119/1405/2822 131/1288/2823 120/823/2823 118/822/2824
f 696/419/2825 684/1409/2826 687/420/2827
f 684/1409/2828 686/1317/2829 687/420/2830
f 576/1410/2831 536/369/2832 535/371/2833
f 9/1122/2834 576/1410/2834 535/371/2835
f 576/1410/2836 577/1212/2836 536/369/2837
f 577/1212/2838 572/763/2838 536/369/2839
f 572/763/2840 554/322/378 536/369/2841
f 1142/1070/2842 1128/1411/2843 784/238/2844 765/240/2845
f 539/1412/2846 599/1014/2846 554/322/2847
f 838/564/2848 837/569/2849 1237/538/2850 1236/587/2851
f 1361/1413/2852 1359/1414/2852 1432/1295/2852 1355/1286/2852
f 148/840/2853 705/1415/2853 156/106/2854
f 705/1415/2855 899/1416/2855 1432/1295/2855
f 705/1415/2856 1432/1295/2856 1364/1298/2856
f 705/1415/2857 1364/1298/2857 1440/1175/2857
f 705/1415/2858 1440/1175/2858 156/106/2859
f 1312/1201/2860 1204/1417/2861 1415/446/2862 1405/444/2863
f 559/1294/2864 555/810/2865 550/1015/2866 557/887/2867
f 1440/1175/2868 706/1418/2868 1439/929/2868
f 706/1418/2869 1367/930/2869 1439/929/2869
f 1365/1299/2870 1368/1296/2870 1369/1300/2870
f 1348/933/2871 1233/1419/2872 1333/1311/2871 1194/473/2873
f 1365/1299/2874 1366/927/2874 1368/1296/2874
f 1366/927/2875 1367/930/2875 1368/1296/2875
f 821/415/2876 818/960/2877 678/1420/2877 669/401/2878
f 719/1218/2879 902/1421/2879 926/648/2879 376/1185/2879
f 847/417/2880 846/1422/2881 834/411/2882 832/410/2883
f 1375/695/2884 1335/1423/2885 1371/669/2886
f 1335/1423/2887 1231/1424/2887 1371/669/2888
f 1231/1424/2889 1334/1425/2889 1371/669/2890
f 1334/1425/2891 1232/1395/2891 1371/669/2892
f 1232/1313/2893 1249/1312/2894 1371/669/2895
f 1438/851/2896 373/1207/2897 383/1079/2898 369/852/2899
f 1248/546/2900 1379/462/2901 1249/670/2902
f 1257/549/2903 1258/1426/2904 1379/462/2905
f 1248/546/2906 1257/549/2907 1379/462/2908
f 1257/549/2909 1229/552/2910 1258/1426/2911
f 1257/549/2912 1266/539/2913 1229/552/2914
f 1266/539/2915 1267/550/2916 1229/552/2917
f 1266/539/2918 1381/1427/2919 1267/550/2920
f 1275/534/2921 1276/1040/2922 1381/917/2923
f 1266/539/2924 1275/534/2925 1381/917/2926
f 1275/534/2927 1382/1309/2928 1276/1040/2929
f 1275/534/2930 1284/494/2931 1382/1309/2932
f 1284/494/2933 1285/580/2934 1382/465/2935
f 836/1428/2936 1238/497/2937 1237/538/2938 837/569/2939
f 341/1001/2940 349/849/2941 369/852/2942 370/1092/2943
f 1032/980/2944 1075/1429/2944 1053/1430/2945 1054/981/2946
f 602/629/2947 530/725/2947 205/4/2948 204/2/2949
f 916/754/2950 915/753/2950 1392/797/2950
f 913/1188/2951 905/1431/2952 181/95/2953 714/1055/2954
f 875/846/2955 852/1096/2955 760/248/2956 1136/1432/2957
f 524/1121/2958 399/983/2959 463/339/2960 462/344/2961
f 1224/579/2962 1226/1433/2963 1285/580/2964
f 1224/579/2965 1225/1434/2966 1226/1433/2967
f 1225/1434/2968 1429/1435/2969 1226/1433/2970
f 1429/1435/2971 1393/1086/2971 1226/1433/2972
f 193/855/2973 356/767/2973 363/756/2974 360/766/2975
f 494/1369/2976 657/946/2977 648/781/2977 493/1365/2978
f 898/1127/2979 675/1436/2979 893/1437/2980 896/1438/2981
f 1414/445/2982 918/646/2983 925/1333/2984
f 904/1439/2985 917/1331/2985 1436/995/2985
f 1030/1440/2986 1052/1441/2987 1048/1442/2988 958/1443/2986
f 383/1079/2989 198/1080/2990 283/20/2991 382/866/2992
f 917/1331/2993 1399/1119/2994 1400/1328/2995
f 917/1331/2996 904/1439/2996 1399/1119/2997
f 379/1101/2998 303/871/2999 200/1444/3000 386/117/3001
f 1406/966/3002 1408/448/3003 1415/446/3004
f 380/122/3005 386/117/3006 200/870/3007 294/21/3008
f 1406/966/3009 1407/965/3010 1408/448/3011
f 1407/965/3012 1421/1445/3013 1408/448/3014
f 853/1446/3015 870/1447/3016 887/1448/3017 850/405/3018
f 1421/576/3019 1416/1100/3020 1417/1099/3021
f 1421/576/3022 1061/1449/3023 1416/1100/3024
f 1061/179/3025 1060/1450/3026 1416/1100/3027
f 1060/1450/3028 724/1451/3029 1416/1100/3030
f 1060/1450/3031 17/1338/3032 724/1451/3032
f 1060/1450/3033 1059/1344/3034 17/1346/3035
f 676/396/3036 674/1452/3037 686/1317/3038 684/1409/3037
f 16/1223/3039 646/309/3040 634/308/3041 635/1340/3042
f 533/1260/3043 560/1259/3044 559/1294/3045 588/1453/3046
f 1070/1341/3047 994/1454/3048 941/170/3049
f 994/1454/3050 995/167/3051 941/170/3052
f 995/167/3053 988/166/3054 941/170/3055
f 988/166/3056 987/171/3057 941/170/3058
f 981/1393/3059 980/144/3060 1063/1455/3061
f 980/144/3062 939/146/3063 1063/184/3064
f 987/171/3065 988/166/3066 1063/1455/3067
f 988/166/3068 981/1393/3069 1063/1455/3070
f 938/145/3071 1066/1456/3072 939/146/3073
f 1066/186/224 1057/185/223 939/1347/3074
f 1056/187/3075 739/1457/3076 1057/185/3077
f 739/1457/3078 19/1348/3078 1057/185/3079
f 739/1457/3080 1056/187/3081 19/1348/3080
f 1055/658/3082 725/657/3083 640/1458/3083
f 725/657/3084 20/789/3084 640/301/3085
f 626/790/3086 623/904/3086 641/302/3087
f 623/594/3088 625/1459/3089 641/302/3090
f 625/1459/3091 622/1460/3092 641/302/3093
f 1353/1461/3094 1231/1424/3095 1335/1423/3095 1352/1462/3096
f 976/141/3097 975/142/3098 982/164/200 983/140/3099
f 895/570/3100 897/572/3101 1363/458/3102 1362/460/3103
f 495/1463/3104 424/1398/3104 649/1352/3104
f 1349/932/3105 1332/1464/3106 1233/1419/3107 1348/1465/3108
f 1462/632/3109 234/1/3110 233/45/3111 1443/633/3109
f 50/745/3112 45/1277/3112 64/1276/3112 59/387/3113
f 422/1466/3114 650/827/3114 412/1354/3115
f 1066/1456/3116 938/145/3117 1056/187/3118
f 938/145/3119 937/192/3120 1056/187/3121
f 937/192/3122 1055/658/353 1056/187/225
f 426/293/371 491/1360/3123 421/826/3123
f 426/293/3124 496/1361/3125 491/1360/3125
f 426/293/3126 492/780/3127 496/779/3128
f 426/293/3129 493/1365/3130 492/780/3131
f 425/295/3132 509/1375/3133 426/293/3134
f 425/295/3135 510/290/3136 509/289/3137
f 877/742/3138 857/438/3139 859/908/3140 878/743/3138
f 508/1467/3141 439/724/3142 509/1375/3141
f 501/359/3143 515/351/3144 506/350/3145
f 12/1468/3146 502/353/3147 515/351/3148
f 501/359/3149 12/1468/3150 515/351/3151
f 1084/1469/3152 735/1211/3152 22/1210/3152
f 1084/1469/3152 22/1210/3152 502/1470/3152
f 22/1210/3153 503/355/3154 502/353/3155
f 503/355/302 393/1376/3156 502/353/3157
f 640/1458/3158 639/312/3159 1056/187/3160 1055/658/3161
f 503/355/302 516/354/3162 393/1376/3163
f 516/354/3164 394/361/3165 393/368/3166
f 499/372/276 500/358/277 392/364/3167
f 500/358/277 514/357/3168 392/364/3169
f 1087/1471/3170 499/1472/3170 498/1473/3170 733/1474/3170
f 734/1475/3171 21/1476/3171 501/359/3172
f 21/1477/3173 12/1478/3174 501/359/3175
f 1326/559/3176 998/172/3177 997/173/3178 1327/719/3179
f 517/1191/3180 395/362/422 394/361/421
f 1399/1119/3181 904/1439/3182 916/754/3182 1392/797/3182
f 1087/1471/3183 23/1479/3183 499/1472/3183
f 23/1479/3184 500/358/3185 499/372/3186
f 521/1403/3187 520/1480/3187 1101/1481/3187 1098/1404/3187
f 743/233/3188 749/232/3189 9/1122/3190
f 1392/797/3191 915/753/3191 923/1181/3191 914/1180/3191
f 3/1482/3192 576/1410/3193 9/1122/3193
f 575/1382/3194 582/1483/3195 9/1122/3195
f 582/1483/3196 10/1484/3196 9/1122/3196
f 11/962/3197 503/1209/3197 1083/1485/3197 1097/963/3197
f 587/1383/3198 580/1381/3198 534/1380/3198
f 587/1383/3199 591/1486/3199 580/1381/3199
f 591/674/3200 590/673/3201 580/1381/3202
f 590/673/3203 581/316/3204 580/1487/3205
f 581/316/3206 575/1382/3207 580/1381/3208
f 972/1488/3209 1077/1489/3210 1031/979/3211 957/1490/3211
f 594/675/3212 591/674/3213 587/1383/3214
f 212/1037/3215 157/1200/3216 224/1020/3216 322/913/3217
f 572/763/3218 537/1491/3219 538/761/3220
f 537/1491/3221 596/876/3222 538/761/3223
f 568/1213/3224 569/1141/3225 564/878/3226
f 569/1141/3227 55/1388/3228 564/878/3228
f 156/106/3229 329/1166/3230 334/1303/3231 158/104/3232
f 569/1141/3233 63/1391/3234 55/1389/3235
f 537/1491/3236 571/877/3237 596/876/3237
f 52/1492/3238 39/809/3238 666/808/3238 804/1493/3238
f 63/1391/3239 56/1494/3240 41/1368/3241
f 56/1494/3242 42/873/3243 41/1495/3244
f 1094/1496/3245 1093/1497/3246 1083/254/3247 1092/253/3248
f 869/1363/3249 867/1498/3250 866/1499/3251 853/1446/3252
f 569/1141/3253 56/1494/3254 63/1391/3255
f 1165/1500/3256 966/157/3257 965/156/3258 1162/1501/3256
f 43/806/3259 39/809/3259 40/1502/3260
f 39/1503/3261 51/746/3262 40/1394/3262
f 39/1503/3263 53/1504/3264 51/746/3264
f 53/1504/3265 49/747/3265 51/746/3265
f 818/960/3266 690/959/3266 691/1505/3266 678/1420/3266
f 50/745/3267 59/387/3268 58/386/3269
f 748/234/3270 3/1482/3271 9/1506/3272 749/232/3273
f 1041/1050/3274 1035/1507/3274 933/143/3275 928/1508/3274
f 667/394/3276 680/393/3277 99/1509/3278
f 1423/717/3279 1425/1510/3279 1219/1511/3280 1218/1512/3281
f 49/747/3282 46/1513/3282 99/916/3283
f 46/1513/3284 694/1514/3284 99/916/3285
f 694/1514/3286 683/1515/3286 99/1509/3286
f 649/1352/3287 411/1516/3287 438/279/3288 628/299/3289
f 679/400/3290 678/402/3291 692/1517/3292
f 678/402/3293 682/1518/3294 692/1517/3294
f 682/1518/3295 691/1519/3296 692/1401/3297
f 691/1519/3298 105/426/3299 692/1401/3300
f 760/248/3301 852/1096/3302 874/1095/3302 761/249/3303
f 106/1520/3304 100/1408/3304 105/426/495
f 100/1408/3305 108/1407/3305 101/428/3306
f 108/1407/3307 119/1405/3308 101/428/3309
f 159/858/3310 161/925/3310 221/60/3311 326/736/3310
f 109/1521/3312 107/1522/3313 128/907/3314
f 365/860/3315 366/770/3315 350/764/3315 187/89/3316
f 672/399/3317 677/397/3318 688/906/3319
f 677/397/3320 695/421/3321 688/422/3322
f 126/1129/3323 671/1321/3324 672/399/3325 681/1130/3323
f 681/1130/3326 672/399/3327 688/906/3326
f 677/397/3328 696/419/3329 695/421/3330
f 796/1367/3331 665/1160/3331 57/383/3332 41/1368/3331
f 3/1482/3333 744/1523/3334 576/1410/3334
f 424/297/3335 423/298/3336 411/1516/3337 649/1352/3337
f 8/1524/3338 577/1212/3338 576/1410/3338
f 571/877/3339 572/763/3339 577/1212/3339
f 8/1524/3340 570/1525/3340 577/1212/3340
f 1394/1063/3341 1422/1066/3341 1219/1511/3342 1425/1510/3341
f 565/1142/3343 568/1526/3343 577/1212/3343
f 571/877/3344 537/1491/3345 572/763/3344
f 1362/460/3346 1361/459/3347 1355/1286/3348 892/1128/3348
f 1364/1298/3349 706/1418/3349 1440/1175/3349
f 73/1131/3350 114/1527/3350 75/432/3351 125/996/3352
f 1355/1286/2853 899/1416/2853 705/1415/2853
f 1355/1286/2853 705/1415/2853 148/840/2853
f 900/1528/3353 1367/930/3353 706/1418/3353
f 1364/1298/3354 900/1528/3354 706/1418/3354
f 900/1528/3355 1364/1298/3355 1367/930/3355
f 825/1529/3356 847/417/3357 832/410/3358 823/1132/3359
f 1370/1530/3360 1375/695/3361 1374/696/3362
f 1358/1293/3363 1370/1530/3363 1374/696/3364
f 1359/1414/3365 1354/1292/3365 1432/1295/3365
f 899/1416/2853 1355/1286/2853 1432/1295/2853
f 783/1531/3366 784/238/3367 786/892/3368 785/988/3369
f 1230/1532/3370 1335/1423/3370 1375/695/3371
f 1370/1530/3372 1358/1293/3372 1375/695/3373
f 153/102/3374 152/101/3375 330/1022/3376 174/1154/3376
f 1230/1532/3377 1352/1198/3377 1335/1423/3377
f 213/914/3378 323/910/3379 222/816/3380 214/793/3381
f 1353/1461/3382 1334/1425/3383 1231/1424/3383
f 116/1038/3384 123/1009/3384 78/425/3385 72/1134/3384
f 1356/455/3386 1360/1199/3387 1352/1198/3387 1358/1293/3387
f 1265/535/3388 1274/505/3389 1275/534/3390 1266/539/3391
f 1333/1311/3392 1233/1419/3393 1248/546/3394
f 1233/1419/3395 1332/1464/3396 1248/546/3397
f 1332/1533/3398 1331/1534/3399 1248/546/3400
f 1331/1534/3401 1234/547/644 1248/546/3402
f 1310/518/3403 1319/486/3404 1320/527/3405 1311/519/3406
f 187/89/3407 350/764/3408 269/51/3409 268/66/3410
f 1220/1065/3411 1430/1147/3412 1284/494/3413
f 1430/1147/3414 1221/495/3415 1284/494/3416
f 1385/470/3417 1384/471/3418 1396/953/3419 1397/818/3420
f 370/1535/3421 371/952/3422 348/1387/3421 341/1386/3421
f 1431/1536/3423 1224/579/3424 1223/581/3425
f 1076/1537/3426 1071/655/3427 1053/1430/3428 1075/1538/3429
f 853/1446/3430 850/405/3431 849/404/3432 869/1363/3433
f 1431/1536/3434 1225/1434/3435 1224/579/3436
f 1431/1536/3437 1207/1539/3437 1225/1434/3438
f 491/1360/3439 414/782/3440 413/280/3441 421/826/3439
f 1385/470/3442 1397/818/3443 1398/1120/3444 1386/468/3445
f 673/398/3446 833/1540/3447 674/442/3448
f 96/590/3449 94/589/3450 93/931/3451 95/423/3452
f 151/841/3453 148/840/3453 156/106/3454 155/105/3455
f 1329/488/3456 1328/487/3457 996/168/3458 995/167/3459
f 1362/1541/3460 892/1128/3460 898/1127/3460 896/1438/3461
f 1401/1087/3462 1205/954/3462 1396/953/3463
f 1401/1087/3464 1294/1542/3465 1205/1543/3466
f 1294/1542/3467 1207/1544/3468 1205/1543/3469
f 1207/1544/3470 1208/1545/3471 1205/1543/3472
f 1208/1545/3473 1209/1546/3474 1205/1543/3475
f 1209/1546/3476 1302/1547/3477 1205/1543/3478
f 1302/560/3479 1303/1202/3480 1205/1543/3481
f 1303/1202/3482 1403/449/3483 1402/451/3484
f 1303/1202/3485 1312/1201/3486 1403/449/3487
f 1312/1201/3488 1404/443/3489 1403/449/3490
f 1312/1201/3491 1405/444/3492 1404/443/3493
f 1320/527/3494 1321/967/3495 1204/1548/3496
f 200/870/3497 304/69/3498 295/18/3499 294/21/3500
f 1119/680/3501 772/909/3501 950/221/3502 1122/681/3501
f 389/1105/3503 202/82/3504 201/81/3505 378/1104/3506
f 1202/515/3507 1418/577/3508 1421/576/3509
f 1420/578/3510 1061/1449/3511 1421/576/3512
f 1420/578/3513 1062/180/3514 1061/179/3515
f 1420/578/3516 1070/1341/3517 1062/180/3518
f 1420/578/3519 1069/1549/3520 1070/1341/3521
f 1069/1549/3522 994/1454/3523 1070/1341/3524
f 1069/1549/3525 1330/1550/3526 994/1454/3527
f 1352/1198/3528 1230/1532/3528 1375/695/3529 1358/1293/3528
f 157/1200/3530 153/1159/3530 321/1021/3530 224/1020/3530
f 475/255/3531 474/269/3532 481/263/3533 482/262/3534
f 461/345/405 462/344/3535 455/342/3536 454/343/3537
f 974/1392/3538 938/1551/3539 981/1393/3540
f 938/145/3541 980/144/3542 981/1393/3543
f 974/1392/3544 973/193/3545 938/145/3546
f 937/192/3547 1065/1552/3548 1055/658/3549
f 1193/1553/3550 1331/1534/3551 1332/1464/3550 1349/932/3552
f 774/1554/3553 788/246/3554 787/243/3555 1118/1555/3556
f 912/1176/3557 710/1043/3557 335/1047/3557 920/1046/3557
f 734/1475/3558 501/359/3559 500/1556/3558 1086/1557/3558
f 335/112/3560 344/1044/3561 178/92/3562 249/821/3563
f 24/650/3564 622/1460/3564 625/1459/3565
f 24/650/3566 624/1558/3566 622/1460/3566
f 624/1558/3567 1073/1559/3567 1076/1560/3567
f 624/1558/3568 1076/1560/3568 622/1460/3568
f 1076/1560/3569 2/1561/3569 622/1460/3569
f 2/1561/3570 26/1562/3570 622/1460/3570
f 26/1562/3571 510/1563/3571 622/1460/3571
f 510/290/3572 511/1564/3573 622/1460/3574
f 510/290/3575 497/1399/3576 511/1565/3576
f 415/1246/3577 435/281/3578 436/257/3579 654/1243/3580
f 424/1398/3581 495/1463/3581 497/1399/3581
f 425/295/3582 422/296/3583 423/298/3584
f 1372/1163/3585 703/1025/3585 702/1167/3585 1369/1300/3585
f 26/1562/3586 14/1566/3586 510/1563/3586
f 14/1566/3587 512/288/3588 510/290/3589
f 14/1567/3590 13/1568/3591 512/288/3592
f 21/1477/3593 1085/1569/3594 12/1468/3595
f 1081/1570/3596 953/1571/3597 1084/252/3598
f 953/1571/3599 1092/253/3600 1084/252/300
f 1083/254/3601 735/1211/3602 1084/1469/3602
f 1085/1569/3603 1091/1572/3604 1084/252/3605
f 1091/1572/3606 1081/1570/3607 1084/252/3608
f 612/612/3609 606/611/3609 484/783/3610 477/275/3611
f 11/962/3612 518/1573/3612 503/1209/3612
f 518/1573/3613 504/356/3614 503/355/3615
f 23/1479/3616 1086/1557/3616 500/1556/3616
f 1086/230/3617 1080/231/3618 734/1475/3619
f 1080/231/3620 954/1574/3621 734/1475/3621
f 954/1574/3622 1091/1575/3622 734/1475/3622
f 1091/1572/3623 1085/1569/3624 734/1475/3625
f 1085/1569/3626 727/1576/3627 734/1475/3627
f 727/1576/3171 21/1476/3171 734/1475/3171
f 727/1576/3628 1085/1569/3629 21/1477/3630
f 1114/1577/3631 1115/1578/3632 1094/1496/3633 1095/868/3634
f 448/340/3635 455/342/402 456/338/3636 449/666/778
f 32/1579/3637 31/1580/3638 13/1568/3639
f 31/1580/3640 34/1581/3641 13/1568/3642
f 34/1582/3643 36/1583/3644 13/1568/3645
f 36/1583/3646 35/1584/3647 13/1568/3648
f 35/1584/3649 37/1585/3650 13/1568/3651
f 37/1585/3652 33/1586/3653 13/1568/3654
f 33/1586/3655 498/374/3656 13/1239/3657
f 33/1586/3658 1/1587/3659 498/374/3660
f 1/1587/3661 733/1474/3661 498/1473/3661
f 736/1588/3662 23/1479/3662 1087/1471/3662
f 733/1474/3663 1089/1385/3663 1087/1471/3663
f 1089/1385/3664 955/1589/3664 1087/1471/3664
f 955/1590/3665 1007/975/3666 1087/1471/3667
f 1007/975/3668 1079/228/3669 1087/227/3670
f 1086/230/3671 736/1588/3672 1087/1471/3672
f 736/1588/3673 1086/230/3674 23/1479/3673
f 1082/1591/3675 1092/253/3676 953/1592/3677 1028/207/3678
f 524/1121/3679 526/993/3679 532/1593/3679 399/983/3680
f 767/894/3681 744/247/3682 743/233/3683
f 751/1594/3684 1104/1595/3684 743/233/3685
f 1104/1595/3686 1105/1596/3686 743/233/3687
f 1105/1596/3688 1125/787/3689 743/786/3688
f 748/234/3690 744/247/3691 3/1482/3692
f 579/318/3693 10/1484/3694 582/1483/3694
f 579/318/3695 1106/641/3696 10/1484/3696
f 1106/641/3697 751/1594/3697 10/1484/3697
f 1108/1597/3698 1107/1598/3699 1115/1578/3700 1114/1577/3701
f 595/672/3702 581/316/3703 590/673/3704
f 595/672/3705 578/317/3706 581/316/3707
f 578/317/3708 1103/642/3709 579/318/3710
f 1103/642/3711 1106/641/3711 579/318/3712
f 565/1142/3713 569/1141/3714 568/1213/3715
f 770/1599/3716 1096/1600/3717 952/206/3718 771/856/3719
f 566/1140/3720 56/1494/3721 569/1141/3722
f 539/1412/3723 546/1271/3723 562/1601/3723 599/1014/3723
f 664/1366/3724 802/1602/3724 796/1367/3724
f 802/1602/3725 801/376/3726 796/375/3727
f 566/1140/3728 42/873/3729 56/1494/3730
f 566/1140/3731 67/874/3732 42/873/3733
f 707/752/3734 721/1182/3734 923/1181/3734 915/753/3734
f 538/761/3735 547/1273/3736 546/1271/3737 539/762/3738
f 799/380/3739 795/379/3740 665/1160/3741
f 798/378/3742 794/1603/3743 795/379/3744
f 794/1603/3745 666/808/3745 795/379/3746
f 685/1604/3747 686/1317/3748 674/442/3749 675/1605/3750
f 52/1492/3751 53/1504/3751 39/1503/3752
f 52/1492/3753 49/747/3753 53/1504/3753
f 47/1606/3754 46/1513/3754 49/747/3754
f 52/1492/3755 47/1606/3755 49/747/3755
f 694/1514/3756 808/1607/3756 683/1515/3756
f 1134/1608/3757 746/728/3757 566/1140/3758 5/1609/3757
f 971/147/3759 972/1488/3760 958/1610/3761 959/148/3762
f 99/916/3763 693/915/3764 104/430/3765 103/1397/3766
f 47/1606/3767 694/1514/3767 46/1513/3767
f 47/1606/3768 48/1611/3768 694/1514/3768
f 820/413/3769 669/401/3770 668/395/3771
f 1161/1612/3772 1163/1613/3772 993/162/3773 1000/1614/3774
f 691/1519/3775 682/1518/3776 678/402/3777
f 275/50/3778 1459/1615/3779 1460/638/3780 266/49/3781
f 1118/1555/3782 773/679/3782 949/199/3783 948/198/3784
f 690/1616/3785 697/1617/3786 691/1519/3787
f 697/1617/3788 107/1522/3789 691/1519/3790
f 107/1522/3791 109/1521/3792 691/1519/3793
f 689/1337/3794 126/1129/3794 127/905/3794
f 146/133/3795 144/109/3796 143/108/3797 132/899/3798
f 690/1616/3799 698/958/3800 697/1617/3800
f 834/1618/3801 673/398/3802 672/399/3803
f 1133/1619/3804 1134/1608/3804 5/1609/3804 6/1620/3804
f 1337/1379/3805 1188/1378/3806 1340/1000/3805 1351/999/3805
f 928/1508/3807 1042/1621/3808 1036/1622/3807 1045/686/3807
f 1127/893/3809 1130/1082/3809 744/247/3810
f 1130/1082/3811 745/1623/3812 744/247/3813
f 1130/1082/3814 1124/1081/3814 745/1623/3815
f 1124/1081/3816 1132/1624/3816 745/1623/3817
f 1132/1624/3818 7/1625/3818 745/1623/3819
f 7/1625/3820 570/1525/3820 745/1623/3821
f 570/1525/3822 8/1524/3822 745/1623/3823
f 7/1626/3824 4/1627/3825 570/1525/3826
f 4/1627/3827 6/1628/3828 570/1525/3829
f 6/1628/3830 563/1629/3831 570/1525/3831
f 745/1623/3832 8/1524/3833 576/1410/3833 744/247/3834
f 1359/457/3835 1358/456/3836 1354/1292/3837
f 829/1192/3838 894/1630/3838 833/1540/3838 843/586/3839
f 1361/1413/3840 1356/455/3841 1359/457/3842
f 1363/458/3843 1356/455/3844 1361/1413/3845
f 1209/1546/3846 1208/1545/3847 1223/581/3848 1222/496/3849
f 1347/1197/3850 1353/1461/3851 1352/1462/3852
f 1347/1197/3853 1195/1631/3853 1353/1461/3854
f 109/1521/3855 128/907/3856 129/1406/3857 106/1632/3858
f 83/796/3859 82/1036/3860 213/914/3861 214/793/3862
f 1182/1633/3863 1175/664/3863 1240/513/3864 1201/514/3865
f 296/85/109 297/17/3866 286/16/21 285/771/3867
f 1234/547/3868 1340/1000/3869 1247/548/3870
f 1340/1000/3871 1188/1378/3872 1247/548/645
f 904/1439/3873 1436/995/3873 1435/751/3873 916/754/3873
f 662/1634/3874 66/1635/3874 566/1140/3875 746/728/3874
f 724/1451/3876 17/1338/3876 716/1097/3876 1416/1100/3877
f 795/807/3878 43/806/3878 57/1636/3878 665/1160/3878
f 1195/1631/3879 1232/1395/3879 1334/1425/3879 1353/1461/3880
f 1219/1511/3881 1422/1066/3882 1283/506/3883
f 820/413/3884 668/395/3885 667/1637/3886 819/1638/3887
f 1426/1639/3888 1219/1511/3889 1283/506/3890
f 697/1617/3891 127/905/3891 128/907/3892 107/1522/3893
f 830/412/3894 834/411/3895 672/399/3896 671/1321/3897
f 1325/558/3898 999/136/3899 998/172/3900 1326/559/3901
f 423/298/3902 422/1466/3903 412/1354/3904 411/1353/3905
f 1210/525/3906 1209/1546/3907 1222/496/3908
f 1210/525/3909 1302/1547/3910 1209/1546/3911
f 1294/1542/3912 1206/1640/3913 1207/1539/3914
f 1294/1542/3915 1401/1087/3916 1206/1641/3916
f 834/1618/3917 845/1642/3917 673/398/3918
f 845/1642/3919 833/1540/3919 673/398/3920
f 845/408/3921 844/440/3922 833/1540/3923
f 844/440/3924 843/586/3925 833/1540/3926
f 812/883/3927 793/381/3928 797/382/3929 807/1643/3930
f 894/1630/3931 893/1644/3931 833/1540/3931
f 698/958/3932 689/1337/3932 127/905/3932 697/1617/3932
f 364/865/3933 195/864/3934 354/937/3933 184/88/3935
f 402/884/3936 403/799/3937 467/325/3938 525/881/3939
f 841/1645/3940 1192/1646/3940 1336/921/3940 1199/842/3941
f 1210/525/3942 1293/524/3943 1302/560/3944
f 1143/1647/3945 759/1648/3946 758/1034/3947 764/239/3948
f 1329/488/3949 1203/1649/3950 1320/527/3951
f 1203/516/3952 1321/967/3953 1320/527/3954
f 1005/210/3955 1012/219/3956 1013/222/3957 1006/209/3958
f 1329/488/3959 1330/517/3960 1203/516/3961
f 1330/517/3962 1418/577/3963 1202/515/3964
f 1330/517/3965 1419/1650/3966 1418/577/3967
f 1419/1650/3968 1069/1651/3969 1418/577/3970
f 1069/1549/3971 1420/578/3972 1418/577/3973
f 1419/1650/3974 1330/517/3975 1069/1549/3976
f 27/1652/3977 32/1653/3977 13/1568/3978 14/1567/3979
f 1330/517/3980 1329/488/3981 995/167/3982 994/1454/3983
f 462/344/404 463/339/3984 456/338/3985 455/342/3986
f 933/143/3987 1035/1507/3988 975/142/3989
f 1035/1507/3990 934/1324/3991 975/142/176
f 934/1324/3992 1051/1323/3993 975/142/3994
f 1030/1440/3995 957/1490/3995 1047/1654/3996 1052/1441/3997
f 1050/1103/3998 935/835/3999 974/1392/4000
f 935/835/4001 1049/834/4002 974/1392/4003
f 1049/834/4004 1048/1655/4004 974/1392/4005
f 250/64/79 251/63/4006 242/55/4007 241/62/4008
f 936/1656/4009 1052/1441/4010 1047/1654/4011
f 936/1656/4012 1047/1654/4013 973/193/4014
f 1047/1654/4015 1064/1657/4016 973/193/4017
f 855/1658/4018 854/1362/4019 888/1364/4020 848/418/4021
f 133/1006/4022 143/1005/4023 145/107/4024 142/698/4025
f 622/1460/4026 511/1565/4026 642/303/4027 641/302/4028
f 1076/1537/4029 1074/596/4030 1071/655/4030
f 1074/596/4031 1072/595/4031 1071/655/4031
f 1072/595/4032 730/656/4032 1071/655/4032
f 1076/1537/4033 738/649/4034 1074/596/4034
f 1073/1559/4035 624/1558/4035 738/649/4035
f 624/1558/4036 24/650/4036 738/649/4036
f 1076/1560/4037 1073/1559/4037 738/649/4037
f 216/936/4038 215/935/4038 324/815/4039 328/814/4040
f 731/1659/4041 723/1660/4041 1076/1537/4042
f 723/1660/4043 2/1561/4043 1076/1560/4043
f 723/1660/4044 731/1659/4044 2/1561/4044
f 731/1659/4045 726/1661/4045 2/1561/4045
f 812/883/4046 811/1662/4046 794/1603/4046 793/381/4047
f 1/1587/4048 33/1586/4049 37/1585/4050
f 1/1587/4051 37/1585/4052 35/1584/4053
f 1/1587/4054 35/1584/4055 36/1583/4056
f 1/1587/4057 36/1583/4058 34/1582/4059
f 1/1587/4060 34/1582/4061 31/1580/4062
f 1/1587/4063 31/1580/4064 32/1579/4065
f 1/1587/4066 32/1579/4067 27/1652/4066
f 1/1587/4068 27/1652/4068 30/1663/4069
f 1/1587/4070 30/1663/4071 28/1664/4072
f 1/1587/4073 28/1664/4074 29/1665/4075
f 1/1587/4076 29/1665/4077 26/1562/4076
f 1/1587/4078 26/1562/4078 2/1561/4078
f 29/1665/4079 14/1566/4080 26/1562/4080
f 1047/1654/4081 1046/982/4082 1064/1657/4082
f 1046/982/4083 1054/981/4084 1064/1666/4085
f 29/1665/4086 28/1664/4087 14/1566/4088
f 28/1664/4089 30/1663/4090 14/1566/4091
f 30/1663/4092 27/1667/4093 14/1567/4094
f 1021/1668/4095 953/1592/4096 1081/1570/4097
f 808/1607/4098 667/1637/4098 99/1509/4098 683/1515/4098
f 1021/1668/4099 1020/218/4100 953/1592/4101
f 1020/218/4102 1027/216/4103 953/1592/4104
f 1027/216/4105 1028/207/4106 953/1592/4107
f 9/1122/4108 573/1123/4109 560/1265/4108 574/1264/4110
f 1082/1591/4111 1094/1669/4112 1092/253/4113
f 38/1670/4114 804/1493/4114 805/1671/4114 48/1611/4114
f 1093/1497/4115 1097/963/4116 1083/1485/4116
f 925/1333/4117 918/1326/4117 375/118/4118 720/1217/4117
f 519/961/4119 518/1573/4119 11/962/4119
f 519/961/4120 585/1224/4120 518/1573/4120
f 585/1224/4121 520/1672/4121 518/1573/4121
f 520/1672/4122 504/356/4123 518/1573/4122
f 520/1672/4124 595/672/4125 504/356/4126
f 1014/974/4127 954/1673/4128 1080/231/4129
f 1079/228/4130 1014/974/4131 1080/231/4132
f 1020/218/4133 1021/1668/4134 954/1673/4135
f 1014/974/4136 1013/222/4137 954/1673/4138
f 1013/222/4139 1020/218/4140 954/1673/4141
f 732/235/4142 737/237/4143 1/1587/4144
f 737/237/4145 733/236/4146 1/1587/4147
f 732/235/4148 1089/1385/4149 733/1474/4149
f 1078/1384/4150 955/1589/4151 1089/1385/4151
f 1212/1674/4152 1301/520/4153 1302/560/4154 1293/524/4155
f 1078/1384/4156 1007/975/4157 955/1590/4158
f 197/1083/4159 367/1069/4160 352/1078/4161 353/1076/4162
f 1014/974/4163 1079/228/4164 1007/975/4165
f 1078/1384/4166 956/1356/4167 1007/975/4168
f 956/1675/4169 1006/209/4170 1007/975/4171
f 1105/225/4172 1109/226/4173 1125/787/4174
f 1109/226/4175 768/1676/4176 1125/787/4177
f 768/1677/4178 769/1678/4179 1125/787/4180
f 769/1678/4181 790/1125/4182 1125/787/4183
f 790/1125/4184 786/892/4185 1126/785/4186
f 1106/641/3694 1104/1595/3694 751/1594/3694
f 1106/223/4187 1105/225/4188 1104/1595/4189
f 1229/552/4190 1390/1116/4191 1380/464/4192 1258/1426/4193
f 1111/640/4194 1110/224/272 1106/223/268
f 583/1679/4195 578/317/4196 595/672/4197
f 520/1672/4198 583/1679/4198 595/672/4199
f 583/1679/4200 584/1402/4200 578/317/4201
f 584/1402/374 1103/642/374 578/317/4202
f 584/1402/4203 1116/639/4203 1103/642/4203
f 563/1139/4204 5/1609/4205 566/1140/4206
f 223/901/4207 225/99/4208 226/61/4209 222/816/4210
f 504/356/4211 517/1191/4212 394/361/4213 516/354/4214
f 66/1635/4215 67/874/4215 566/1140/4216
f 791/1680/4217 1433/1681/4217 800/1682/4217
f 1433/1681/4218 799/380/4219 800/377/4220
f 801/376/4221 803/1683/4222 800/377/4223
f 803/1683/4224 791/1680/4224 800/1682/4224
f 1433/1681/4225 798/378/4226 799/380/4227
f 663/1684/4228 746/728/4229 664/872/4230
f 746/728/4231 802/1602/4231 664/1366/4231
f 746/728/4232 754/727/4232 802/1602/4232
f 754/727/4233 801/376/4234 802/1602/4233
f 754/727/4235 803/1683/4235 801/376/4236
f 793/381/4237 794/1603/4238 798/378/4239
f 1433/1681/4240 797/382/4241 798/378/4242
f 804/1493/4243 666/808/4243 794/1603/4243
f 616/627/4244 604/626/4244 466/336/4245 469/731/4246
f 811/1662/4247 804/1493/4247 794/1603/4247
f 804/1493/4248 38/1670/4248 52/1492/4248
f 38/1670/4249 48/1611/4249 52/1492/4249
f 48/1611/4250 47/1606/4250 52/1492/4250
f 805/1671/4251 809/390/4252 48/1611/4251
f 374/120/4253 384/121/4254 383/1079/4255 373/1207/4256
f 1218/1512/4257 1426/1639/4258 1283/506/4259 1282/507/4260
f 805/1671/4261 806/1685/4262 809/390/4263
f 806/1685/4264 810/1686/4265 809/390/4266
f 810/1686/4267 811/882/4268 809/390/4269
f 813/392/4270 819/1638/4271 814/391/4272
f 813/392/4273 820/413/4274 819/1638/4275
f 856/1687/4276 815/414/481 820/413/480
f 821/415/4277 669/401/4278 820/413/4279
f 813/392/4280 1433/1681/4281 820/413/4282
f 1433/1681/4283 856/1687/4283 820/413/4284
f 161/925/4285 216/936/4285 328/1688/4285 221/60/4286
f 824/777/4287 817/1689/4288 818/778/4289
f 817/1689/4290 827/1320/4291 818/778/4292
f 827/1320/4293 670/957/4293 818/960/4293
f 670/957/4294 826/1319/4294 698/958/4294
f 828/1318/4295 126/1129/4295 689/1337/4295
f 1029/1102/4296 1050/1103/4297 1051/1323/4296 927/1322/4296
f 828/1318/4298 671/1321/4299 126/1129/4298
f 69/1032/4300 121/1031/4301 122/1690/4302 70/1691/4303
f 846/407/4304 845/408/4305 834/1618/4306
f 139/111/4307 146/133/4308 700/1126/4309 699/839/4310
f 822/776/4311 823/1132/4312 832/410/4313 831/409/4314
f 817/1689/4315 824/777/4316 830/1692/4316
f 98/1282/4317 69/1032/4318 70/1285/4319 97/1283/4320
f 786/892/4321 784/238/286 1127/893/4322
f 784/238/4323 1128/1411/4324 1127/1693/4325
f 1128/1411/4326 1130/1082/4327 1127/893/4327
f 1128/1411/4328 1131/775/4329 1130/774/4330
f 212/1037/4331 322/913/4332 327/912/4333 213/914/4334
f 755/1694/4335 756/726/4336 1130/774/4337
f 153/102/4338 154/1287/4339 211/1062/4339 149/103/4340
f 1135/729/4341 750/1695/4341 1124/1081/4341
f 750/1695/4342 1132/1624/4342 1124/1081/4342
f 750/1695/4343 747/1696/4343 1132/1624/4343
f 747/1696/4344 7/1625/4344 1132/1624/4344
f 579/318/4345 582/1483/4346 575/1382/4347 581/316/4348
f 357/716/4349 192/715/4350 189/710/4351 362/709/4349
f 715/1205/4352 924/1327/4352 903/1214/4352 374/1216/4352
f 5/1609/4353 563/1139/4354 6/1628/4355
f 896/1438/4356 895/570/4357 1362/1541/4358
f 511/1565/4359 497/1399/4359 627/1351/4359 642/303/4360
f 150/100/4361 149/103/4362 147/697/4363 140/110/4364
f 668/395/4365 679/400/4366 692/1401/4367 693/1400/4368
f 891/1697/4369 842/1193/4369 1360/1199/4369
f 842/1193/4370 890/1698/4370 1360/1199/4370
f 890/1698/4371 1357/1196/4371 1360/1199/4371
f 890/1698/4372 1196/1124/4372 1357/1196/4372
f 890/1698/4373 863/1699/4373 1196/1124/4373
f 82/1036/4374 83/796/4375 93/931/4376 94/589/4377
f 494/1369/4378 420/1372/4379 655/1241/4379 656/1240/4380
f 862/844/4381 1198/843/4382 1197/934/4383
f 1339/1315/4384 1189/1305/4385 1246/541/635
f 1324/490/4386 942/1700/4387 999/136/4388 1325/558/4389
f 228/58/4390 243/56/69 244/25/4391 229/23/4392
f 563/1139/4393 565/1142/4394 577/1212/4394 570/1525/4394
f 49/747/4395 99/916/4396 103/1396/4395 50/745/4395
f 1191/1377/4397 1341/1316/4397 1339/1315/4397
f 750/1695/4398 1133/1619/4398 6/1628/4399 4/1627/4400
f 1198/843/4401 1193/1701/4402 1349/932/4403
f 1198/843/4404 1350/922/4405 1193/1553/4405
f 1303/1202/4406 1402/451/4407 1412/452/4408 1205/954/4409
f 1336/921/4410 1351/999/4410 1350/922/4410
f 1336/921/4411 1192/1646/4411 1351/999/4411
f 1192/1646/4412 1337/1379/4412 1351/999/4412
f 1326/559/4413 1327/719/4414 1318/485/4415 1317/555/4416
f 1426/1639/4417 1218/1512/4418 1219/1511/4419
f 1077/1489/4420 1088/1702/4421 1075/1429/4422 1032/980/4422
f 186/90/4423 194/861/4424 365/860/4424 187/1703/4424
f 1281/532/4425 1427/1704/4426 1282/507/4427
f 1427/1704/4428 1217/1705/4429 1282/507/4430
f 1217/1705/4431 1218/1512/4432 1282/507/4433
f 1217/1705/4434 1423/717/4435 1218/1512/4436
f 1394/1063/4437 1301/520/4438 1212/1674/4439
f 1293/524/4440 1395/1148/4441 1212/1064/4441
f 1293/524/4442 1211/526/4443 1395/1148/4444
f 863/441/4445 842/1193/4446 843/586/4447
f 842/1193/4448 829/1192/4448 843/586/4449
f 1197/934/4450 1348/933/4451 1194/473/4452 1196/472/4453
f 1394/1063/4454 1292/718/4455 1301/520/4456
f 1222/496/4457 1223/581/4458 1285/580/4459 1284/494/4460
f 251/63/4461 252/68/4462 243/56/69 242/55/4463
f 1309/484/4464 1318/485/565 1319/486/4465 1310/518/4466
f 1210/525/4467 1222/496/4468 1221/495/4469 1211/526/4470
f 480/271/321 479/266/4471 486/265/313 487/941/4472
f 1051/1706/4473 1050/1103/4474 974/1392/4475 975/142/4476
f 1043/676/4477 932/1707/4478 976/141/4479
f 932/1707/4480 1037/1708/4481 976/141/4482
f 1037/1708/4483 1036/1622/4483 976/141/4484
f 1036/1622/4485 933/143/4486 976/141/4487
f 1036/1709/4488 1042/1621/4489 933/143/4490
f 1042/1621/4491 928/1508/4492 933/143/4493
f 1451/606/4494 1450/1710/4494 302/651/4495 311/75/4496
f 1041/1050/4497 934/1324/4498 1035/1507/4497
f 73/1131/4499 125/996/4500 74/895/4501 112/998/4499
f 677/397/4502 676/396/4503 684/1409/4504 696/419/4505
f 1053/1711/4506 1071/655/4506 1055/658/4507 1065/1552/4508
f 589/1712/4509 588/1453/4509 559/1294/4510 557/887/4511
f 1033/833/4512 960/1713/4512 1049/834/4512
f 960/1713/4513 1034/1714/4513 1049/834/4513
f 775/1715/4514 944/1716/4515 1024/201/4516 1023/1717/4517
f 1208/1545/4518 1207/1544/4519 1431/1536/4520 1223/581/4521
f 1052/1441/4522 936/1656/4523 1048/1655/4523
f 288/12/4524 289/10/4525 280/32/40 279/30/4526
f 700/897/4527 685/900/4528 675/1436/4527 898/1127/4527
f 298/14/19 299/13/4529 288/12/17 287/15/4530
f 419/1718/4531 415/1058/4531 655/1241/4531 420/1372/4531
f 109/1521/4532 106/1632/4533 105/426/4534 691/1519/4535
f 1077/1489/4536 956/1356/4537 1088/1702/4538
f 732/1719/4539 726/1661/4539 731/1659/4539
f 43/1720/4540 40/1394/4541 61/384/4542 57/383/4543
f 952/206/4544 1096/1600/4545 1028/207/247
f 1149/1721/4546 1151/1722/4546 943/1723/4547 1022/1724/4548
f 1095/868/4549 1094/1496/4550 1082/1591/4551
f 1101/1481/4552 1093/1497/4553 1094/1496/4554
f 194/861/4555 186/90/4556 351/854/4555 195/942/4555
f 1115/1578/4557 1101/1481/4558 1094/1496/4559
f 1101/1481/4560 1099/1725/4560 1093/1497/4561
f 1099/1226/4562 1100/1225/4563 1093/1497/4564
f 1100/964/4565 1097/963/4565 1093/1497/4566
f 1393/1086/4567 1429/1435/4567 1206/1641/4567 1401/1087/4567
f 1099/1226/4568 742/1726/4569 585/1224/4569
f 742/1726/4570 586/1727/4571 585/1728/4572
f 586/1727/4573 520/1672/4574 585/1224/4574
f 1084/252/4575 502/1470/4576 12/1468/4576 1085/1569/4577
f 521/1729/4578 583/1679/4578 520/1672/4578
f 586/1727/4579 742/1726/4580 520/1672/4580
f 742/1726/4581 1101/1481/4581 520/1480/4581
f 982/164/4582 981/1393/4583 988/166/203 989/165/4584
f 1077/1489/4585 972/1488/4586 956/1675/4587
f 972/1488/4588 971/147/4589 956/1675/4590
f 971/147/4591 1006/209/4592 956/1675/4593
f 151/841/4594 155/1730/4594 152/101/4595 150/100/4596
f 769/1678/4597 770/1599/4598 790/1125/4599
f 770/1599/4600 771/856/4601 790/1125/4602
f 1031/979/4603 1046/982/4603 1047/1654/4604 957/1490/4603
f 1110/224/4605 1107/1598/4606 1109/226/4607
f 1107/1598/4608 1108/1597/4609 1109/226/4610
f 1108/1597/4611 1112/1266/4612 1109/226/4613
f 1112/1266/4614 768/1676/4614 1109/226/4615
f 1112/1266/4616 769/1678/4617 768/1677/4618
f 1112/1266/4619 770/1599/4620 769/1678/4621
f 857/438/4622 861/437/4623 860/567/4624 859/908/4625
f 1111/640/4626 1115/1731/4626 1110/224/4627
f 1115/1731/4628 1107/1598/4629 1110/224/4630
f 1116/639/4631 1102/1732/4631 1111/640/4631
f 1102/1732/4632 1115/1731/4632 1111/640/4632
f 521/1729/4200 584/1402/4200 583/1679/4200
f 868/1733/4633 855/1658/4634 848/418/4635 847/417/4636
f 1098/1404/4631 1102/1732/4631 1116/639/4631
f 1134/1608/4637 1135/729/4637 746/728/4637
f 1088/1358/4638 731/1659/4638 1076/1537/4639 1075/1538/4640
f 663/875/4641 662/1634/4641 746/728/4641
f 803/1683/4642 792/1734/4643 791/1735/4644
f 792/1734/4645 752/1736/4646 791/1735/4647
f 752/1736/4648 1433/1681/4648 791/1680/4648
f 752/1736/4649 777/1071/4649 1433/1681/4649
f 777/1071/4650 757/1187/4650 1433/1681/4650
f 757/1035/4651 758/1034/4652 1433/1681/4653
f 758/1034/4654 759/1648/4655 1433/1681/4656
f 759/1648/4657 1143/1647/4658 1433/1681/4658
f 1143/1647/4659 763/1737/4659 1433/1681/4659
f 763/1737/4660 1144/1738/4660 1433/1681/4660
f 1144/1739/4661 1145/1740/4662 1433/1681/4663
f 1145/1740/4664 762/1741/4665 1433/1681/4665
f 762/251/4666 761/249/4667 1433/1681/4668
f 761/249/4669 874/1095/4670 1433/1681/4670
f 874/1138/4671 873/1137/4672 1433/1681/4673
f 873/1137/4674 872/1742/4675 1433/1681/4676
f 872/1742/4677 871/1743/4678 1433/1681/4679
f 871/1743/4680 866/1744/4681 1433/1681/4681
f 866/1499/4682 867/1498/4683 1433/1681/4684
f 867/1498/4685 815/1745/4686 1433/1681/4686
f 815/414/4687 856/1687/4688 1433/1681/4688
f 813/392/4689 807/1643/4690 1433/1681/4691
f 807/1643/4692 797/382/4693 1433/1681/4694
f 754/727/4695 753/772/4695 803/1683/4695
f 753/1746/4696 752/1072/4697 803/1683/4698
f 752/1736/4699 792/1734/4700 803/1683/4699
f 756/726/4701 755/1694/4702 754/727/4703
f 755/1694/4704 753/772/4705 754/727/4705
f 72/1134/4706 78/425/4707 77/424/4708 115/1004/4709
f 811/882/4710 810/1686/4711 804/1493/4712
f 810/1686/4713 806/1685/4714 804/1493/4715
f 806/1685/4716 805/1671/4717 804/1493/4718
f 807/1643/4719 813/392/4720 812/883/4721
f 867/1498/4722 816/416/4723 815/414/4724
f 891/1697/4725 1360/1199/4725 1356/455/4726 1363/458/4727
f 826/1319/4728 670/957/4728 827/1320/4728
f 106/1520/4729 129/1406/4730 130/1290/4731 100/1408/4729
f 1048/1655/4732 936/1747/4733 973/193/4734 974/1392/4735
f 848/418/4736 888/1364/4737 846/407/4738
f 888/1364/4739 865/403/473 846/407/472
f 403/799/4740 404/732/4741 468/326/4742 467/325/4743
f 1143/1647/4744 764/239/287 784/238/286
f 158/1748/4745 334/1303/4746 333/1144/4745 152/101/4747
f 1142/1070/4748 766/1749/4748 1128/1411/4749
f 766/1749/4750 1131/775/4751 1128/1411/4752
f 766/1749/4753 1129/1073/4754 1131/775/4755
f 450/329/4756 457/337/4757 458/335/4758 451/330/387
f 1134/1608/4759 1133/1619/4759 1135/729/4759
f 1133/1619/4760 750/1695/4760 1135/729/4760
f 863/1699/4761 890/1698/4761 842/1193/4761
f 893/1644/4762 675/1605/4763 674/442/4764 833/1540/4762
f 95/423/4765 93/931/4766 91/126/4767 90/431/4768
f 1061/179/4769 1068/181/4770 1059/1344/4771 1060/1450/4772
f 1289/480/560 1290/523/4773 1281/532/4774 1280/542/4775
f 1346/1304/4776 1345/1750/4776 1245/537/4777
f 1345/1750/4778 1236/587/4779 1245/537/4780
f 1338/1314/4781 1346/1304/4781 1189/1305/4782
f 1338/1314/4783 1342/1751/4783 1346/1304/4783
f 1342/1751/4784 1345/1750/4784 1346/1304/4784
f 1192/1646/4785 841/1645/4785 1337/1379/4785
f 841/1645/4786 1191/1377/4786 1337/1379/4786
f 257/48/4787 266/1752/4788 1460/638/4789 1446/637/4788
f 840/566/4790 1338/1314/4791 1341/1316/4791
f 840/566/4792 1235/702/4793 1338/1314/4793
f 1235/1753/4794 1190/1754/4795 1338/1314/4796
f 1190/1754/4797 1342/1751/4798 1338/1314/4798
f 750/1695/4799 4/1627/4800 7/1625/4799 747/1696/4799
f 860/567/4801 841/568/4802 1199/842/4803
f 1217/1705/4804 1214/1755/4805 1423/717/4805
f 1214/1755/4806 1213/1756/4806 1423/717/4806
f 1213/1757/4807 1291/522/611 1423/717/4808
f 1291/522/4809 1300/521/4810 1423/717/4811
f 1292/718/4812 1424/1758/4813 1423/717/4813
f 1424/1759/4814 1425/1760/4815 1423/717/4816
f 1424/1758/4817 1292/718/4818 1425/1760/4819
f 1292/718/4820 1394/1063/4821 1425/1510/4821
f 262/27/4822 263/26/4823 254/35/4824 253/67/4825
f 1290/523/4826 1216/1761/4827 1281/532/4828
f 1216/1761/4829 1427/1704/4829 1281/532/4830
f 1216/1761/4831 1217/1705/4832 1427/1704/4831
f 1216/1761/4833 1214/1755/4833 1217/1705/4834
f 888/1364/4835 849/404/4836 865/403/4837
f 497/1399/4838 495/1463/4838 649/1352/4838 627/1351/4838
f 306/84/4839 307/74/4840 298/14/4841 297/17/4842
f 685/900/4843 132/899/4844 138/1008/4845 686/1317/4846
f 457/337/4847 464/327/4848 465/328/4849 458/335/394
f 430/284/4850 429/283/4851 443/286/365 444/331/4852
f 963/153/4853 931/1762/4854 1043/676/4855
f 931/1762/4856 1038/1763/4857 1043/676/4857
f 1038/1763/4858 1039/1764/4858 1043/676/4858
f 1039/1764/4859 1040/687/4859 1043/676/4859
f 1040/687/4860 1045/686/4860 1043/676/4860
f 1045/686/4861 932/1707/4862 1043/676/4861
f 1045/686/4863 1036/1622/4863 932/1707/4864
f 1036/1622/4865 1037/1708/4865 932/1707/4866
f 494/1369/4867 493/1365/4868 426/293/4869 427/292/4870
f 1045/686/4871 929/176/4872 928/175/4873
f 1422/1066/4874 1220/1065/4875 1284/494/4876 1283/506/4877
f 970/178/4878 927/177/4879 1041/1050/4880
f 971/147/181 1029/1102/4881 927/1322/4881
f 971/147/4882 962/151/4883 1029/1102/4884
f 961/150/4885 960/149/4886 962/151/4887
f 960/1713/4888 1033/833/4888 962/832/4888
f 959/148/4889 1034/1714/4890 960/1713/4890
f 959/148/4891 958/1610/4892 1034/1714/4893
f 958/1443/4894 1048/1655/4894 1049/834/4894 1034/1714/4894
f 972/1488/4895 1030/1440/4896 958/1610/4897
f 972/1488/4898 957/1490/4899 1030/1440/4899
f 814/391/4900 819/1638/4901 667/1637/4902 808/1607/4902
f 1077/1765/4903 1032/980/4903 1031/979/4903
f 436/257/4904 435/281/4905 473/270/4906 474/269/4907
f 949/199/4908 1122/681/4909 1026/200/4910
f 1122/681/4911 950/221/265 1026/200/239
f 524/1121/4912 398/346/4913 589/994/4912 526/993/4912
f 397/347/4914 588/1453/4915 589/1712/4915 398/346/4916
f 886/1766/4917 887/1767/4918 871/1743/4919 872/1742/4920
f 108/1407/4921 130/1290/4922 131/1288/4921 119/1405/4923
f 770/1599/4924 1112/1266/4925 1096/1600/4925
f 517/1191/4926 594/675/4927 587/1383/4926 395/362/4928
f 742/1726/4929 1099/1226/4930 1101/1481/4929
f 1115/1731/4931 1102/1732/4931 1101/1481/4931
f 1102/1732/4932 1098/1404/4932 1101/1481/4932
f 1112/1266/4933 1108/1597/4934 1114/1267/4933
f 130/1290/4935 129/1406/4936 137/435/4937 136/434/4938
f 210/923/4939 209/1244/4940 91/126/4941 93/931/4942
f 1113/857/4943 772/909/4943 789/241/4944
f 780/885/4945 781/250/4946 785/988/4947
f 781/250/4948 762/251/4949 785/988/4950
f 762/1741/4951 1145/1740/4952 785/988/4953
f 1145/1740/4954 783/1531/4955 785/988/4956
f 1145/1740/4957 1144/1739/4958 783/1531/4959
f 1144/1738/4960 763/1737/4960 783/1531/4961
f 70/1691/4962 122/1011/4962 79/1010/4963 71/1039/4962
f 763/1737/4964 1143/1647/4964 784/238/4965 783/1531/4966
f 1368/1296/4967 1373/1158/4968 1376/1301/4969 1372/1163/4967
f 717/1098/4970 389/1105/4971 377/116/4972 718/1089/4973
f 1417/1091/4974 919/1090/4974 1408/448/4975 1421/576/4976
f 483/259/307 482/262/4977 489/261/309 490/260/4978
f 889/1768/4979 884/1135/4980 874/1095/4981
f 1064/1666/4982 1054/981/4983 1053/1711/4984 1065/1552/4985
f 1193/1553/4986 1350/922/4986 1234/547/4987 1331/1534/4988
f 397/347/4989 396/348/4990 533/1769/4991 588/1453/4991
f 870/1447/4992 866/1744/4993 871/1743/4994
f 887/1767/4995 870/1447/4996 871/1743/4997
f 870/1447/4998 853/1446/4999 866/1499/5000
f 822/776/5001 831/409/5002 830/412/5003 824/777/5004
f 869/1363/5005 854/1362/5006 867/1498/5007
f 854/1362/5008 816/416/5009 867/1498/5010
f 854/1362/5011 855/1658/5012 816/416/5013
f 855/1658/5014 868/1733/5015 816/416/5016
f 868/1733/5017 825/1770/5017 816/416/5018
f 825/1529/5019 823/1132/5020 816/416/5021
f 825/1770/5022 868/1733/5022 847/417/5023
f 385/119/5024 199/955/5025 381/1771/5026 384/121/5027
f 1347/1197/5028 1357/1196/5028 1196/472/5029 1195/474/5030
f 370/1092/5031 383/1079/5032 382/1772/5033 371/952/5034
f 1129/1073/5035 766/1749/5036 1142/1070/5036
f 850/405/5037 887/1448/5038 864/406/5039
f 887/1767/5040 886/1766/5041 864/406/5042
f 886/1766/5043 885/1136/5044 864/406/5045
f 885/1136/5046 884/1135/5047 864/406/5048
f 115/1004/5049 76/433/5050 75/432/5051 114/1773/5052
f 883/1156/5053 882/1155/5054 859/908/5055
f 882/1155/5056 881/1774/5057 859/908/5058
f 881/1774/5059 878/743/5060 859/908/5061
f 74/895/5062 90/431/5063 88/591/5064 110/805/5065
f 91/126/5066 92/129/5067 88/591/5068 90/431/5069
f 308/73/94 309/79/5070 300/11/5071 299/13/5072
f 1342/1775/5073 1343/1776/5074 1345/1750/5075
f 1343/1776/5076 1344/1777/5077 1345/1778/5078
f 1344/1777/5079 1236/587/5080 1345/1750/5081
f 1344/1777/5082 1343/1776/5083 1236/587/5084
f 1343/1776/5085 1342/1775/5086 1236/587/5087
f 1342/1775/5088 1235/1753/5089 1236/587/5090
f 1206/1641/5091 1429/1435/5091 1225/1434/5092 1207/1539/5091
f 839/565/5093 838/564/5094 1236/587/5095
f 87/1779/5096 238/677/5097 237/38/5098 208/135/5099
f 48/1611/5100 809/390/5101 808/1607/5100 694/1514/5100
f 1190/1754/5102 1235/1753/5103 1342/1775/5104
f 1428/1780/5105 1291/522/5106 1214/1781/5107
f 1291/522/5108 1213/1757/5109 1214/1755/5110
f 1216/1761/5111 1428/1780/5111 1214/1781/5112
f 1428/1780/5113 1290/523/5114 1291/522/5115
f 1202/515/5116 1421/1445/5117 1407/965/5118 1203/516/5119
f 1316/557/5120 1317/555/5121 1308/483/5122 1307/554/5123
f 1428/1780/5124 1215/1782/5125 1290/523/5126
f 1215/1782/5127 1216/1761/5128 1290/523/5129
f 1215/1782/5130 1428/1780/5131 1216/1761/5131
f 1322/659/5132 1161/1612/5133 1000/1614/5134 1323/489/5135
f 367/1069/5136 368/940/5137 184/88/5138 355/938/5137
f 237/38/5139 238/677/5140 229/23/29 230/22/5141
f 10/1484/5142 751/1594/5142 743/233/5143 9/1122/5142
f 217/831/5144 162/735/5144 220/59/5145 173/829/5146
f 430/284/335 431/1179/5147 432/976/5148 433/285/5149
f 1038/1763/5150 931/1762/5151 963/153/5152
f 968/152/5153 1039/1764/5154 963/153/5155
f 1039/1764/5156 1038/1763/5156 963/153/5157
f 968/152/5158 930/1783/5159 1039/1764/5159
f 930/1783/5160 1044/1784/5160 1039/1764/5160
f 1044/1784/5161 1040/687/5161 1039/1764/5161
f 1044/1784/5162 968/1785/5162 1040/687/5162
f 269/51/5163 188/755/5164 362/709/5165 270/52/5166
f 969/174/5167 929/176/5168 1045/686/5169
f 450/329/5170 449/666/5171 456/338/5172 457/337/5173
f 1024/201/5174 947/203/5175 1025/197/5176
f 947/203/5177 1123/1786/5178 1025/197/5179
f 1123/1786/5180 948/198/5181 1025/197/238
f 645/304/5182 630/1109/5183 483/259/5184 408/258/5185
f 786/892/5186 767/894/5187 743/786/5187 1126/785/5188
f 1024/201/240 1025/197/5189 1018/215/5190 1017/205/5191
f 1119/680/5192 787/243/5193 772/242/5194
f 785/988/5195 786/892/5196 790/1125/5197 789/241/5198
f 1119/680/5199 773/679/5199 787/243/291
f 773/679/5200 1118/1555/5200 787/243/5201
f 841/568/5202 840/566/5203 1341/1316/5204 1191/1377/5204
f 778/245/5205 1138/1787/5206 780/885/5207
f 1138/741/5208 1139/744/5209 780/885/5210
f 1139/744/5211 1140/848/5212 780/885/5213
f 1140/848/5214 1141/847/5215 780/885/5216
f 1141/847/5217 1136/1432/5218 780/885/5219
f 1136/1432/5220 781/250/5221 780/885/5222
f 1136/1432/5223 760/248/5224 781/250/5225
f 114/1527/5226 73/1131/5226 600/978/5226 543/321/5227
f 827/1320/5228 817/1689/5229 830/1692/5228 671/1321/5230
f 884/1135/5231 889/1768/5232 883/1093/5233
f 879/939/5234 881/1774/5235 882/1155/5236
f 875/846/5237 879/939/5237 882/1155/5238
f 879/939/5239 878/743/5239 881/1774/5240
f 543/321/5241 542/320/5242 115/1004/5243 114/1773/5244
f 851/845/5245 1139/1788/5245 878/743/5245
f 662/1634/5246 663/875/5246 67/874/5246 66/1635/5246
f 876/1789/5247 857/438/5248 877/742/5247
f 1138/741/5249 1137/1790/5250 877/742/5251
f 1137/1790/5252 782/1791/5253 877/742/5253
f 782/1792/5254 778/245/5255 877/742/5256
f 778/245/5257 876/1789/5258 877/742/5258
f 876/1789/5259 880/1793/5259 857/438/5260
f 880/1793/5261 778/1794/5261 857/438/5262
f 895/570/5263 896/1438/5264 893/1437/5265 894/571/5266
f 858/439/5267 837/569/5268 861/437/5269
f 280/32/5270 281/44/5271 274/43/5272 273/33/5273
f 318/668/5274 319/78/5275 310/76/5276 309/79/5277
f 858/439/5278 836/1428/5279 837/569/5280
f 1200/1795/5281 1238/497/579 836/1428/5282
f 858/439/5283 1200/1795/5284 836/1428/5285
f 1200/1795/5286 835/1796/5287 1238/497/5288
f 835/1796/5289 1239/512/601 1238/497/579
f 246/37/5290 255/36/45 256/41/5291 247/47/59
f 231/40/5292 230/22/5293 245/24/5294 246/37/5295
f 1000/1614/5296 993/162/5297 942/1700/5298
f 13/1239/5299 498/374/5300 513/373/5301 508/723/5302
f 732/1719/5303 1/1587/5303 2/1561/5303 726/1661/5303
f 1163/1613/5304 1160/1797/5304 993/162/5305
f 409/276/5306 476/278/5307 629/1235/5308 644/1234/5309
f 1159/903/5310 1164/1236/5310 986/160/5311
f 384/121/5312 381/945/5313 283/20/5314 198/1080/5315
f 701/1297/5316 704/928/5316 1366/927/5316 1365/1299/5316
f 1157/1374/5317 1162/1501/5317 965/156/5318
f 1311/519/5319 1320/527/5320 1204/1548/5321 1312/1201/5322
f 431/1179/5323 430/284/5324 444/331/5325 445/332/5326
f 1023/1717/5327 1024/201/5328 1017/205/5329 1016/196/5330
f 1044/1784/5331 930/1783/5331 968/152/5332
f 472/272/322 471/273/5333 478/267/5334 479/266/5335
f 1120/1798/5336 946/202/241 1024/201/240
f 1393/1086/5337 1384/471/5338 1387/469/5339 1226/1433/5340
f 944/1716/5341 1120/1798/5342 1024/201/5343
f 948/198/5344 1123/1786/5345 947/203/5346
f 946/202/5347 948/198/5348 947/203/5349
f 946/202/5350 1120/1798/5351 948/198/5352
f 1120/1798/5353 1118/1555/5353 948/198/5354
f 1120/1799/5355 1121/1800/5356 1118/1555/5357
f 1121/1800/5358 945/1801/5359 1118/1555/5359
f 945/1801/5360 774/1802/5360 1118/1555/5360
f 774/1554/5361 1117/1803/5362 788/246/5363
f 1117/1803/5364 945/1801/5364 788/246/5365
f 945/1804/5366 944/1716/5367 788/246/5368
f 944/1716/5369 775/1715/5370 788/246/294
f 775/1715/5371 779/244/5372 788/246/5373
f 782/1791/5374 1137/1790/5375 778/245/5376
f 1137/1790/5377 1138/741/5378 778/245/5379
f 880/1793/5380 876/1789/5380 778/245/5381
f 945/1801/5382 1117/1803/5382 774/1554/5383
f 851/845/5384 1140/848/5385 1139/744/5386
f 1179/1805/5387 1167/1806/5387 1322/659/5388 1313/582/5389
f 875/846/5390 1136/1432/5391 1141/847/5392
f 835/1796/5393 1200/1795/5394 858/439/5395
f 779/244/5396 776/1807/5397 858/439/5398
f 776/1807/5399 835/690/5400 858/439/5401
f 775/1715/5402 776/1807/5403 779/244/5404
f 301/8/12 302/651/5405 291/660/5406 290/9/5407
f 1241/528/5408 1250/544/5409 1251/529/5410 1242/511/596
f 1201/514/5411 1239/512/5412 835/1796/5413
f 776/1807/5414 943/691/5415 835/690/5416
f 1063/184/5417 1067/183/5418 940/169/5419 987/171/5420
f 231/40/5421 246/37/46 247/47/5422 232/39/57
f 1239/512/5423 1242/511/5424 1243/498/5425 1238/497/579
f 209/838/5426 160/1245/5426 217/831/5426 84/127/5427
f 281/44/5428 282/654/5429 275/50/5430 274/43/5431
f 1322/659/5432 1166/1808/5433 1161/1612/5433
f 1166/1809/5434 1167/1810/5434 1179/1805/5434
f 1166/1809/5434 1179/1805/5434 1178/1258/5435
f 1166/1809/5434 1178/1258/5436 1168/1811/5434
f 1166/1809/5434 1168/1811/5434 1169/661/5434
f 1166/1809/5434 1169/661/5434 1177/662/5434
f 1166/1809/5434 1177/662/5434 1180/791/5434
f 1166/1809/5434 1180/791/5434 1170/792/5434
f 1166/1809/5434 1170/792/5434 1171/1812/5434
f 1166/1809/5434 1171/1812/5434 1172/653/5434
f 1166/1809/5434 1172/653/5434 1173/652/5434
f 1166/1809/5434 1173/652/5434 1187/1813/5434
f 1166/1809/5434 1187/1813/5434 1186/1114/5437
f 1166/1809/5434 1186/1114/5438 1174/1370/5434
f 1166/1809/5434 1174/1370/5434 1185/1814/5434
f 1166/1809/5434 1185/1814/5434 1184/721/5439
f 1166/1809/5434 1184/721/5440 1183/665/5441
f 1166/1809/5434 1183/665/5442 1175/664/5434
f 1166/1809/5434 1175/664/5434 1182/1633/5434
f 1166/1809/5434 1182/1633/5434 1181/1815/5443
f 1166/1809/5434 1181/1815/5444 1176/1816/5434
f 1166/1809/5434 1176/1816/5434 1150/689/5434
f 1166/1809/5434 1150/689/5434 1151/1722/5434
f 1166/1809/5434 1151/1722/5434 1149/1721/5434
f 1166/1809/5434 1149/1721/5434 1152/1817/5434
f 1166/1809/5434 1152/1817/5434 1153/1818/5434
f 1166/1809/5434 1153/1818/5434 1154/1819/5434
f 1166/1809/5434 1154/1819/5434 1148/1161/5434
f 1166/1809/5434 1148/1161/5434 1155/1162/5434
f 1166/1809/5434 1155/1162/5434 1147/1820/5434
f 1166/1809/5434 1147/1820/5434 1146/760/5445
f 1166/1809/5434 1146/760/5446 1156/1821/5434
f 1166/1809/5434 1156/1821/5434 1165/1500/5434
f 1166/1809/5434 1165/1500/5434 1162/1501/5434
f 1166/1809/5434 1162/1501/5434 1157/1374/5434
f 1166/1809/5434 1157/1374/5434 1158/1373/5434
f 1166/1809/5434 1158/1373/5434 1164/1236/5434
f 1166/1809/5434 1164/1236/5434 1159/903/5434
f 1166/1809/5434 1159/903/5434 1160/902/5434
f 1166/1809/5434 1160/902/5434 1163/1613/5434
f 1166/1809/5434 1163/1613/5434 1161/1612/5434
f 1165/1500/5447 1156/1821/5447 966/157/5448
f 1156/1821/5449 1146/760/5450 966/157/5451
f 905/1190/5452 914/798/5453 708/1003/5454 181/1053/5454
f 1147/1820/5455 1155/1162/5455 1001/759/5456
f 1321/967/5457 1406/966/5458 1415/446/5459 1204/1417/5460
f 433/285/336 432/976/5461 470/274/5462 471/273/5463
f 1226/1433/5464 1387/469/5465 1383/1189/5466 1285/580/5467
f 776/1807/5468 775/1715/5469 1023/1717/5470
f 944/1716/5471 1121/1800/5472 1120/1799/5473
f 945/1801/5474 1121/1800/5475 944/1716/5476
f 1015/195/5477 1022/1724/5478 776/1822/5479
f 1022/1724/5480 943/1723/5481 776/1807/5482
f 614/620/5483 615/1823/5484 431/1179/5485 445/332/5486
f 1185/1814/5487 1174/1370/5487 1250/544/5488
f 776/1822/5489 1023/1717/5490 1016/196/5491 1015/195/5492
f 1064/1666/5493 1065/1552/5494 937/192/5495 973/193/5496
f 1187/1813/5497 1173/652/5497 1268/476/5498
f 1389/1042/5499 912/1176/5499 920/1046/5499 1228/1117/5499
f 885/1136/5500 886/1766/5501 872/1742/5502 873/1137/5503
f 1152/1824/5504 1022/1724/5505 1015/195/5506 1153/1818/5504
f 1183/665/5507 1184/721/5508 1241/528/5509
f 1176/1816/5510 1181/1815/5511 1201/1825/5510
f 1181/1815/5512 1182/1826/5513 1201/514/5514
f 1150/689/5515 1176/1816/5515 1201/1825/5515
f 1323/489/5516 1000/1614/5517 942/1700/5518 1324/490/5519
f 1151/1722/5520 1150/1827/5520 943/691/5520
f 1172/653/5521 1171/1828/5521 1277/585/5522
f 1171/1812/5523 1170/792/5523 1277/585/5524
f 1455/601/5525 1448/600/5525 275/50/5526 282/654/5527
f 1180/791/5528 1177/662/5528 1286/584/5529
f 1389/1042/5530 1227/1041/5530 922/1829/5531 921/1329/5532
f 942/1700/5533 993/162/5534 992/137/5535 999/136/5536
f 1453/608/5537 1452/607/5537 311/75/5538 320/77/5539
f 1167/1810/5540 1166/1809/5540 1322/659/5541
f 1154/1819/5542 1008/194/5543 1148/1161/5542
f 1154/1819/5544 1153/1818/5544 1008/194/5545
f 1153/1818/5546 1015/195/5547 1008/194/5548
f 954/1673/5549 1021/1668/5550 1081/1570/5551 1091/1575/5552
f 1152/1817/5553 1149/1721/5553 1022/1724/5554
f 1168/1811/5555 1178/1258/5556 1304/562/5557
f 363/756/5558 356/767/5559 357/716/5559 362/709/5559
