# Blender v3.3.21 OBJ File: 'nex10.blend'
# www.blender.org
v -0.066631 -0.029625 0.848788
v -0.066689 -0.028250 0.848424
v -0.066674 -0.028962 0.848517
v -0.066689 0.021250 0.848424
v -0.066674 0.021962 0.848517
v -0.055388 0.031000 0.936892
v -0.054810 0.031000 0.938471
v -0.054810 0.029000 0.938471
v -0.055388 0.029000 0.936892
v -0.048664 0.051484 0.953194
v -0.050965 0.054367 0.947885
v -0.051463 0.054840 0.946673
v -0.059030 0.055000 0.924159
v -0.061774 0.055000 0.912444
v -0.065500 0.055000 0.875000
v -0.064613 0.055000 0.856664
v -0.064545 -0.055000 0.855976
v -0.065468 -0.055000 0.878469
v -0.064100 -0.055000 0.898026
v -0.060109 -0.049014 0.919938
v -0.058678 -0.048000 0.925456
v -0.057374 -0.048000 0.929971
v -0.057026 -0.048117 0.931108
v -0.055562 -0.052839 0.935644
v -0.052372 -0.055000 0.944399
v -0.051983 -0.055000 0.945384
v -0.051463 -0.054840 0.946672
v -0.050965 -0.054367 0.947885
v -0.045469 -0.047506 0.959915
v -0.043815 -0.045075 0.963148
v -0.044864 -0.037801 0.961115
v -0.044448 -0.036288 0.961929
v -0.041501 -0.034118 0.967432
v -0.040911 -0.034465 0.968484
v -0.034936 -0.021804 0.978345
v -0.034178 -0.015518 0.979505
v -0.034184 0.015610 0.979495
v -0.035829 0.026140 0.976954
v -0.038990 0.035804 0.971804
v -0.042011 0.034003 0.966510
v -0.058195 0.034457 0.927178
v -0.057751 0.037509 0.928708
v -0.047777 0.042485 0.955128
v -0.048607 0.045741 0.953321
v -0.045385 0.056272 0.952675
v -0.046140 0.055974 0.952795
v -0.047433 0.054961 0.952999
v -0.048576 0.052506 0.953181
v -0.033995 0.047885 0.965349
v -0.030579 0.021363 0.980868
v -0.029841 0.010848 0.982000
v -0.041033 -0.051569 0.960594
v -0.046831 -0.059678 0.946047
v -0.055366 -0.059658 0.824509
v -0.053485 -0.050000 0.815186
v -0.055262 -0.056133 0.818135
v -0.054663 -0.053333 0.816236
v -0.053717 -0.053593 0.815904
v -0.053542 -0.051808 0.815362
v -0.054501 -0.051677 0.815731
v -0.054361 -0.056606 0.817941
v -0.053997 -0.055213 0.816780
v -0.054923 -0.054838 0.817052
v -0.054348 -0.058974 0.820989
v -0.055261 -0.058543 0.820898
v -0.054790 -0.057726 0.819332
v -0.054864 -0.059491 0.822748
v -0.054448 -0.050000 0.815567
v -0.055304 -0.050000 0.816132
v -0.055304 0.050000 0.816132
v -0.054448 0.050000 0.815567
v -0.053485 0.050000 0.815186
v -0.055366 0.059658 0.824509
v -0.055262 0.056133 0.818135
v -0.054348 0.058974 0.820990
v -0.054864 0.059492 0.822748
v -0.055261 0.058543 0.820898
v -0.054361 0.056606 0.817941
v -0.054790 0.057726 0.819332
v -0.054663 0.053333 0.816236
v -0.053717 0.053593 0.815904
v -0.053997 0.055213 0.816780
v -0.054923 0.054838 0.817052
v -0.053542 0.051807 0.815362
v -0.054501 0.051676 0.815731
v -0.046480 0.059061 0.947763
v -0.048609 0.059809 0.944039
v -0.048969 0.059682 0.944182
v -0.049818 0.059227 0.944521
v -0.050137 0.058990 0.944648
v -0.051287 0.057632 0.945107
v -0.051646 0.056869 0.945250
v -0.051904 0.055919 0.945352
v -0.051983 0.055000 0.945384
v -0.050343 0.055960 0.948515
v -0.050302 0.056028 0.948536
v -0.047634 0.058340 0.948716
v -0.048045 0.059392 0.946462
v -0.048932 0.058950 0.946709
v -0.049749 0.058321 0.946879
v -0.047147 0.059637 0.946160
v -0.048328 0.053432 0.953141
v -0.047939 0.054257 0.953080
v -0.046828 0.055535 0.952904
v -0.047145 0.058530 0.948619
v -0.048070 0.058126 0.948778
v -0.048941 0.057550 0.948819
v -0.049180 0.057351 0.948807
v -0.049794 0.056727 0.948714
v -0.050727 0.055177 0.948238
v -0.055969 0.059617 0.923674
v -0.057582 0.058530 0.923929
v -0.058655 0.056907 0.924099
v -0.052118 0.055000 0.945042
v -0.050580 0.058580 0.944825
v -0.052039 0.055919 0.945011
v -0.051422 0.057632 0.944766
v -0.050272 0.058990 0.944310
v -0.058936 0.055975 0.924144
v -0.058198 0.057772 0.924027
v -0.056830 0.059153 0.923810
v -0.058722 0.059619 0.911960
v -0.059579 0.059157 0.912096
v -0.060327 0.058535 0.912214
v -0.061679 0.055977 0.912428
v -0.065454 0.055000 0.879160
v -0.064349 0.055000 0.895883
v -0.061398 0.056911 0.912384
v -0.060942 0.057777 0.912312
v -0.063545 0.055919 0.901586
v -0.062888 0.057632 0.901493
v -0.061662 0.058990 0.901319
v -0.060033 0.059809 0.901089
v -0.059176 0.058990 0.834850
v -0.057569 0.059809 0.835202
v -0.064528 0.055919 0.856673
v -0.063868 0.057632 0.856737
v -0.062636 0.058990 0.856856
v -0.060998 0.059809 0.857015
v -0.065369 0.055919 0.879158
v -0.064706 0.057632 0.879144
v -0.063468 0.058990 0.879117
v -0.061824 0.059809 0.879081
v -0.060806 0.055750 0.821643
v -0.060605 0.057031 0.822908
v -0.060473 0.057381 0.823742
v -0.060719 0.056475 0.822192
v -0.060860 0.054906 0.821298
v -0.060879 0.054000 0.821180
v 0.061471 0.050847 0.791379
v 0.047088 0.050847 0.788809
v 0.018108 0.050847 0.791495
v 0.021228 0.069500 0.790691
v 0.035690 0.069500 0.788614
v 0.050292 0.069500 0.789152
v 0.064562 0.069500 0.792289
v 0.065648 0.070000 0.946832
v 0.022610 0.070000 0.949111
v -0.004079 0.070000 0.937956
v -0.015504 0.070000 0.928994
v -0.025146 0.070000 0.918135
v -0.032694 0.070000 0.905729
v -0.037906 0.070000 0.892175
v -0.040613 0.070000 0.877908
v -0.038251 0.070000 0.849078
v -0.005164 0.070000 0.802760
v 0.007568 0.070000 0.795776
v 0.021343 0.070000 0.791178
v 0.035717 0.070000 0.789113
v 0.089993 0.070000 0.806268
v 0.100569 0.070000 0.816219
v 0.090301 0.069500 0.805875
v 0.007368 0.069500 0.795318
v -0.016539 0.069981 0.811807
v -0.016654 0.069899 0.811689
v 0.065691 0.069981 0.946962
v 0.051536 0.069981 0.950313
v 0.051560 0.069899 0.950475
v 0.037010 0.069981 0.951082
v 0.037004 0.069899 0.951246
v 0.022581 0.069981 0.949245
v 0.022545 0.069899 0.949406
v 0.008711 0.069981 0.944861
v 0.008647 0.069899 0.945013
v -0.004153 0.069981 0.938071
v -0.015598 0.069981 0.929093
v -0.025256 0.069981 0.918216
v -0.032817 0.069981 0.905789
v -0.038037 0.069981 0.892212
v -0.040749 0.069981 0.877921
v -0.040866 0.069981 0.863376
v -0.038384 0.069981 0.849043
v -0.033382 0.069981 0.835384
v -0.026022 0.069981 0.822837
v -0.005240 0.069981 0.802646
v -0.005332 0.069899 0.802510
v -0.005401 0.069763 0.802407
v 0.007514 0.069981 0.795651
v 0.007448 0.069899 0.795500
v 0.007398 0.069763 0.795387
v 0.007372 0.069592 0.795326
v 0.021311 0.069981 0.791045
v 0.021273 0.069899 0.790885
v 0.021245 0.069763 0.790764
v 0.021229 0.069592 0.790700
v 0.035709 0.069981 0.788977
v 0.035701 0.069899 0.788812
v 0.035694 0.069763 0.788689
v 0.035691 0.069592 0.788623
v 0.050246 0.069981 0.789513
v 0.050266 0.069899 0.789349
v 0.050282 0.069763 0.789227
v 0.050290 0.069592 0.789161
v 0.064453 0.069981 0.792636
v 0.064502 0.069899 0.792479
v 0.064539 0.069763 0.792361
v 0.064560 0.069592 0.792297
v 0.077874 0.069981 0.798245
v 0.077950 0.069899 0.798100
v 0.078008 0.069763 0.797990
v 0.078039 0.069592 0.797931
v 0.090077 0.069981 0.806161
v 0.090179 0.069899 0.806031
v 0.090255 0.069763 0.805934
v 0.100671 0.069981 0.816128
v 0.100794 0.069899 0.816019
v 0.100887 0.069763 0.815937
v 0.109316 0.069981 0.827827
v 0.109199 0.070000 0.827899
v 0.077810 0.070000 0.798366
v 0.064411 0.070000 0.792766
v 0.050228 0.070000 0.789648
v -0.016444 0.070000 0.811905
v -0.025910 0.070000 0.822917
v -0.033258 0.070000 0.835442
v -0.040730 0.070000 0.863387
v 0.008764 0.070000 0.944735
v 0.037015 0.070000 0.950945
v 0.051517 0.070000 0.950177
v 0.150500 -0.070000 0.910000
v 0.150500 0.070000 0.910000
v 0.010943 -0.070000 0.945609
v -0.002091 -0.070000 0.939205
v -0.013771 -0.070000 0.930578
v -0.023724 -0.070000 0.920003
v -0.031628 -0.070000 0.907821
v -0.040350 -0.070000 0.880241
v -0.040887 -0.070000 0.865729
v -0.038825 -0.070000 0.851355
v -0.034229 -0.070000 0.837580
v -0.027247 -0.070000 0.824847
v 0.005431 -0.070000 0.796747
v 0.062163 -0.070000 0.792091
v 0.114730 -0.070000 0.838752
v 0.045672 -0.070000 0.951972
v 0.045504 -0.070000 0.952000
v 0.065648 -0.070000 0.946832
v 0.065691 -0.069981 0.946962
v 0.032477 0.050847 0.788848
v 0.075165 0.050847 0.796477
v 0.046845 -0.050847 0.788788
v 0.017873 -0.050847 0.791561
v 0.032234 -0.050847 0.788871
v 0.061236 -0.050847 0.791315
v 0.074944 -0.050847 0.796372
v 0.062299 -0.069500 0.791610
v 0.047944 -0.069500 0.788888
v 0.033333 -0.069500 0.788773
v 0.034496 -0.070000 0.952000
v 0.034326 -0.070000 0.951971
v 0.018937 -0.069500 0.791269
v 0.107949 -0.070000 0.825911
v 0.098985 -0.070000 0.814486
v 0.088125 -0.070000 0.804846
v 0.075718 -0.070000 0.797300
v 0.047895 -0.070000 0.789386
v 0.033374 -0.070000 0.789272
v 0.019066 -0.070000 0.791752
v -0.007094 -0.070000 0.804097
v -0.018104 -0.070000 0.813565
v -0.037230 -0.070000 0.894424
v 0.024910 -0.070000 0.949582
v -0.038958 -0.069981 0.851324
v 0.024854 -0.069899 0.949878
v 0.024885 -0.069981 0.949717
v 0.010835 -0.069899 0.945890
v 0.010894 -0.069981 0.945736
v -0.002162 -0.069981 0.939322
v -0.013862 -0.069981 0.930680
v -0.023831 -0.069981 0.920087
v -0.031749 -0.069981 0.907885
v -0.037361 -0.069981 0.894465
v -0.040486 -0.069981 0.880258
v -0.041188 -0.069899 0.865714
v -0.041024 -0.069981 0.865722
v -0.034354 -0.069981 0.837525
v -0.027361 -0.069981 0.824771
v -0.018320 -0.069899 0.813355
v -0.018202 -0.069981 0.813470
v -0.007269 -0.069899 0.803852
v -0.007173 -0.069981 0.803986
v 0.005221 -0.069592 0.796303
v 0.005249 -0.069763 0.796363
v 0.005302 -0.069899 0.796475
v 0.005372 -0.069981 0.796624
v 0.018939 -0.069592 0.791277
v 0.018956 -0.069763 0.791341
v 0.018988 -0.069899 0.791461
v 0.019031 -0.069981 0.791620
v 0.033334 -0.069592 0.788782
v 0.033339 -0.069763 0.788848
v 0.033350 -0.069899 0.788971
v 0.033363 -0.069981 0.789135
v 0.047943 -0.069592 0.788897
v 0.047937 -0.069763 0.788963
v 0.047925 -0.069899 0.789086
v 0.047909 -0.069981 0.789250
v 0.062297 -0.069592 0.791618
v 0.062279 -0.069763 0.791682
v 0.062245 -0.069899 0.791801
v 0.062200 -0.069981 0.791959
v 0.075934 -0.069592 0.796859
v 0.075905 -0.069763 0.796919
v 0.075851 -0.069899 0.797030
v 0.075778 -0.069981 0.797178
v 0.088417 -0.069592 0.804451
v 0.088377 -0.069763 0.804504
v 0.088304 -0.069899 0.804604
v 0.088206 -0.069981 0.804736
v 0.099295 -0.069763 0.814195
v 0.099204 -0.069899 0.814280
v 0.099085 -0.069981 0.814393
v 0.108064 -0.069981 0.825836
v 0.026583 0.015048 0.985000
v 0.092071 -0.047727 0.985000
v 0.094000 -0.046928 0.985000
v 0.096928 -0.044000 0.985000
v 0.098051 -0.000137 0.985000
v 0.098051 0.000000 0.985000
v 0.097727 0.042071 0.985000
v 0.094000 0.046928 0.985000
v 0.092071 0.047727 0.985000
v 0.090000 0.048000 0.985000
v 0.095657 0.045657 0.985000
v 0.096928 0.044000 0.985000
v 0.098000 -0.040000 0.985000
v 0.097727 -0.042071 0.985000
v 0.095657 -0.045657 0.985000
v 0.090000 -0.048000 0.985000
v 0.098000 0.040000 0.985000
v 0.035000 -0.048000 0.985000
v 0.032929 -0.047727 0.985000
v 0.028072 -0.044000 0.985000
v 0.027273 -0.042071 0.985000
v 0.027000 -0.040000 0.985000
v 0.029343 -0.045657 0.985000
v 0.031000 -0.046928 0.985000
v 0.035000 0.048000 0.985000
v 0.032929 0.047727 0.985000
v 0.031000 0.046928 0.985000
v 0.028072 0.044000 0.985000
v 0.027273 0.042071 0.985000
v 0.026583 -0.015048 0.985000
v 0.027000 0.040000 0.985000
v 0.029343 0.045657 0.985000
v 0.169100 0.069500 0.910000
v 0.169100 0.068171 0.896472
v 0.169100 0.057839 0.871466
v 0.169100 0.000250 0.840500
v 0.169100 -0.026308 0.845671
v 0.169100 -0.038326 0.852023
v 0.169100 -0.048878 0.860592
v 0.169100 -0.068072 0.895982
v 0.169100 -0.069498 0.909500
v 0.169300 -0.069298 0.909500
v 0.169100 -0.068078 0.923988
v 0.169100 -0.064065 0.936943
v 0.169100 -0.057613 0.948872
v 0.169100 -0.038456 0.967891
v 0.169100 -0.026481 0.974257
v 0.169100 -0.013497 0.978177
v 0.169100 0.000000 0.979500
v 0.169100 0.013559 0.978165
v 0.169100 0.064210 0.936597
v 0.169300 -0.069298 0.910500
v 0.169100 -0.069498 0.910500
v 0.169300 -0.067875 0.923979
v 0.169300 -0.063856 0.936924
v 0.169300 -0.026231 0.974144
v 0.169300 -0.013244 0.978023
v 0.169300 0.026693 0.973953
v 0.169300 0.049091 0.958914
v 0.169300 0.057673 0.948423
v 0.169300 0.067975 0.923489
v 0.169300 0.067974 0.896511
v 0.169300 0.057673 0.871577
v 0.169300 0.049091 0.861086
v 0.169300 0.026693 0.846047
v 0.169300 -0.013244 0.841977
v 0.169300 -0.026231 0.845856
v 0.169300 -0.038215 0.852189
v 0.169300 -0.063856 0.883077
v 0.169300 -0.067875 0.896021
v 0.169100 -0.064041 0.883000
v 0.169100 -0.057560 0.871051
v 0.169100 -0.013283 0.841781
v 0.169100 0.013773 0.841878
v 0.169100 0.026770 0.845862
v 0.169100 0.038742 0.852300
v 0.169100 0.049232 0.860945
v 0.169100 0.064234 0.883461
v 0.169100 0.068165 0.923559
v 0.169100 0.057787 0.948612
v 0.169100 0.049144 0.959144
v 0.169100 0.038612 0.967787
v 0.169100 0.026596 0.974210
v 0.169100 -0.048967 0.959320
v 0.169300 -0.057394 0.871162
v 0.169300 -0.048737 0.860733
v 0.169300 0.000250 0.840701
v 0.169300 0.013734 0.842075
v 0.169300 0.038631 0.852466
v 0.169300 0.064049 0.883538
v 0.169300 0.069300 0.910000
v 0.169300 0.064049 0.936462
v 0.169300 0.038631 0.967534
v 0.169300 0.013734 0.977925
v 0.169300 0.000250 0.979300
v 0.169300 -0.038215 0.967811
v 0.169300 -0.048737 0.959267
v 0.169300 -0.057394 0.948838
v -0.059609 -0.059107 0.837684
v -0.057668 -0.059618 0.916856
v -0.058525 -0.059156 0.916991
v -0.059275 -0.058533 0.917110
v -0.065500 -0.055000 0.875000
v -0.058685 -0.059592 0.837538
v -0.060127 -0.059809 0.900417
v -0.061756 -0.058990 0.900641
v -0.062983 -0.057632 0.900810
v -0.063640 -0.055919 0.900901
v -0.060932 -0.059809 0.856340
v -0.062568 -0.058990 0.856175
v -0.063800 -0.057632 0.856051
v -0.064460 -0.055919 0.855984
v -0.061837 -0.059809 0.878402
v -0.063482 -0.058990 0.878432
v -0.064720 -0.057632 0.878455
v -0.065383 -0.055919 0.878467
v -0.060723 -0.055000 0.917339
v -0.060628 -0.055977 0.917324
v -0.060347 -0.056910 0.917280
v -0.059890 -0.057776 0.917207
v -0.059583 -0.048116 0.922046
v -0.059860 -0.048458 0.920949
v -0.058040 -0.048000 0.927718
v -0.055671 -0.051720 0.935320
v -0.056366 -0.049022 0.933203
v -0.052445 -0.059613 0.935265
v -0.053315 -0.059146 0.935403
v -0.054073 -0.058520 0.935523
v -0.055150 -0.056898 0.935694
v -0.055431 -0.055970 0.935738
v -0.055525 -0.055000 0.935753
v -0.048609 -0.059809 0.944039
v -0.048969 -0.059682 0.944182
v -0.049576 -0.059381 0.944424
v -0.050137 -0.058990 0.944648
v -0.050580 -0.058580 0.944825
v -0.051287 -0.057632 0.945107
v -0.054692 -0.057762 0.935621
v -0.050523 -0.058990 0.943673
v -0.051675 -0.057632 0.944125
v -0.052293 -0.055919 0.944368
v -0.048311 -0.057988 0.948801
v -0.049180 -0.057351 0.948807
v -0.050343 -0.055960 0.948515
v -0.051904 -0.055919 0.945352
v -0.051646 -0.056869 0.945250
v -0.047148 -0.058532 0.948615
v -0.047116 -0.051874 0.955842
v -0.047154 -0.051807 0.955822
v -0.047491 -0.051092 0.955580
v -0.047710 -0.050356 0.955272
v -0.050727 -0.055177 0.948238
v -0.050302 -0.056028 0.948536
v -0.049794 -0.056727 0.948714
v -0.048942 -0.057550 0.948819
v -0.047633 -0.058340 0.948716
v -0.046650 -0.052558 0.956006
v -0.046086 -0.053178 0.956089
v -0.045969 -0.053288 0.956095
v -0.045342 -0.053788 0.956082
v -0.044659 -0.054200 0.955994
v -0.044446 -0.054305 0.955953
v -0.043818 -0.054554 0.955799
v -0.042982 -0.046182 0.964137
v -0.043462 -0.045647 0.963671
v -0.043704 -0.050176 0.960927
v -0.044837 -0.048879 0.960573
v -0.042237 -0.051143 0.960880
v -0.042328 -0.046711 0.964569
v -0.041555 -0.047161 0.964903
v -0.040770 -0.047490 0.965110
v -0.039936 -0.047728 0.965220
v -0.044220 -0.044243 0.962370
v -0.040365 -0.035021 0.969444
v -0.042575 -0.034070 0.965476
v -0.043822 -0.035073 0.963135
v -0.045005 -0.041203 0.960838
v -0.044724 -0.042833 0.961390
v -0.035943 -0.039036 0.972970
v -0.036810 -0.038765 0.972832
v -0.037655 -0.038366 0.972562
v -0.038383 -0.037869 0.972174
v -0.039267 -0.036888 0.971321
v -0.030040 -0.016039 0.981728
v -0.029841 -0.010848 0.982000
v -0.030990 -0.010848 0.981866
v -0.032734 -0.010848 0.981078
v -0.033434 -0.010848 0.980477
v -0.034012 -0.010848 0.979757
v -0.034620 -0.019755 0.978831
v -0.036235 -0.027730 0.976313
v -0.036804 -0.029717 0.975405
v -0.039374 -0.036705 0.971153
v -0.038929 -0.037343 0.971728
v -0.038508 -0.037763 0.972087
v -0.034071 -0.031389 0.977225
v -0.035684 -0.030599 0.976565
v -0.033447 -0.029240 0.978190
v -0.035085 -0.028526 0.977504
v -0.032014 -0.022804 0.980356
v -0.033712 -0.022332 0.979611
v -0.031665 -0.020572 0.980875
v -0.033378 -0.020186 0.980115
v -0.031174 -0.015947 0.981597
v -0.032910 -0.015744 0.980816
v -0.030990 0.010848 0.981866
v -0.033434 0.010848 0.980477
v -0.034012 0.010848 0.979757
v -0.031900 -0.010848 0.981556
v -0.036810 0.038765 0.972833
v -0.037655 0.038366 0.972562
v -0.036840 0.029836 0.975347
v -0.036309 0.028001 0.976196
v -0.034696 0.020293 0.978714
v -0.032734 0.010848 0.981078
v -0.031900 0.010848 0.981556
v -0.037979 0.036931 0.972848
v -0.036457 0.037940 0.973417
v -0.035722 0.030723 0.976505
v -0.034110 0.031518 0.977164
v -0.035162 0.028809 0.977384
v -0.033527 0.029533 0.978066
v -0.034656 0.026866 0.978169
v -0.033000 0.027517 0.978872
v -0.033459 0.020749 0.979994
v -0.031749 0.021158 0.980750
v -0.039374 0.036705 0.971153
v -0.038950 0.037318 0.971706
v -0.038383 0.037869 0.972174
v -0.035943 0.039036 0.972970
v -0.044079 0.035485 0.962642
v -0.043639 0.034835 0.963482
v -0.042588 0.034075 0.965451
v -0.040864 0.034502 0.968566
v -0.060473 -0.057381 0.823742
v -0.060605 -0.057031 0.822908
v -0.060806 -0.055750 0.821643
v -0.060860 -0.054906 0.821298
v -0.060879 -0.054000 0.821180
v -0.060719 -0.056475 0.822192
v -0.054889 0.043122 0.937608
v -0.055563 0.042690 0.935640
v -0.058400 0.029014 0.926455
v -0.049366 0.030331 0.951620
v -0.049780 0.035110 0.950674
v -0.050430 0.037955 0.949159
v -0.063620 0.026789 0.906155
v -0.063620 0.033211 0.906155
v -0.063226 0.032548 0.908641
v -0.063135 0.031951 0.909216
v -0.063071 0.031224 0.909622
v -0.063135 0.028049 0.909216
v -0.063226 0.027452 0.908641
v -0.063071 0.028776 0.909622
v -0.063037 0.029583 0.909832
v -0.063037 0.030417 0.909832
v -0.063463 0.033211 0.907143
v -0.066204 0.027452 0.889841
v -0.066392 0.030417 0.888650
v -0.066359 0.031224 0.888860
v -0.066092 0.032978 0.890548
v -0.066204 0.032548 0.889841
v -0.066392 0.029583 0.888650
v -0.066092 0.027022 0.890548
vt 0.000000 0.000000
vt 0.000000 0.000000
vt 0.831373 0.000000
vt 0.666667 0.000000
vt 0.000000 0.000000
vt 0.000000 0.000000
vt 0.000000 0.000000
vt 0.000000 0.000000
vt 0.000000 0.000000
vt 0.533333 0.023529
vt 0.000000 0.000000
vt 0.000000 0.000000
vt 0.000000 0.000000
vt 0.000000 0.000000
vt 0.376471 0.007843
vt 0.250980 0.007843
vt 0.000000 0.000000
vt 0.000000 0.000000
vt 0.000000 0.000000
vt 0.466667 0.972549
vt 0.117647 0.913726
vt 0.000000 0.000000
vt 1.000000 0.827451
vt 0.000000 0.000000
vt 0.000000 0.000000
vt 0.000000 0.000000
vt 0.000000 0.000000
vt 0.000000 0.000000
vt 0.882353 0.827451
vt 0.000000 0.000000
vt 0.000000 0.000000
vt 0.000000 0.000000
vt 0.533333 0.050980
vt 0.117647 0.827451
vt 0.000000 0.000000
vt 0.000000 0.000000
vt 0.109804 0.227451
vt 0.000000 0.000000
vt 0.000000 0.000000
vt 0.239216 0.050980
vt 0.000000 0.000000
vt 0.000000 0.000000
vt 0.062745 0.160784
vt 0.141176 0.117647
vt 0.176471 0.172549
vt 0.000000 0.000000
vt 0.176471 1.000000
vt 0.176471 0.141176
vt 0.000000 0.000000
vt 0.000000 0.000000
vt 0.501961 0.015686
vt 0.752941 0.090196
vt 0.000000 0.000000
vt 0.000000 0.501961
vt 0.000000 0.458824
vt 0.498039 0.878431
vt 0.000000 0.584314
vt 0.000000 0.000000
vt 0.000000 0.000000
vt 0.000000 0.000000
vt 1.000000 0.321569
vt 1.000000 0.913726
vt 1.000000 0.972549
vt 0.000000 0.000000
vt 0.047059 0.713726
vt 0.000000 0.000000
vt 0.000000 0.000000
vt 0.000000 0.000000
vt 1.000000 0.286275
vt 0.000000 0.000000
vt 0.000000 0.000000
vt 0.000000 0.000000
vt 0.568627 0.003922
vt 0.000000 0.000000
vt 0.000000 0.000000
vt 0.000000 0.000000
vt 0.000000 0.000000
vt 1.000000 0.772549
vt 0.000000 0.000000
vt 0.000000 0.000000
vt 0.000000 0.000000
vt 0.031373 0.909804
vt 0.000000 0.000000
vt 0.000000 0.000000
vt 0.000000 0.000000
vt 0.000000 0.000000
vt 0.000000 0.709804
vt 0.000000 0.000000
vt 0.000000 0.000000
vt 0.000000 0.000000
vt 0.000000 0.000000
vt 0.000000 0.000000
vt 1.000000 0.749020
vt 0.145098 0.149020
vt 0.219608 0.086275
vt 0.000000 0.000000
vt 0.000000 0.000000
vt 0.000000 0.000000
vt 0.000000 0.000000
vt 0.000000 0.000000
vt 0.000000 0.000000
vt 0.627451 0.984314
vt 0.000000 0.000000
vt 0.882353 0.686275
vt 0.000000 0.000000
vt 0.000000 0.501961
vt 1.000000 0.000000
vt 0.011765 0.600000
vt 0.000000 0.772549
vt 0.000000 0.000000
vt 0.000000 0.713726
vt 0.000000 0.627451
vt 0.000000 0.000000
vt 0.000000 0.000000
vt 0.000000 0.000000
vt 0.000000 0.000000
vt 0.000000 0.000000
vt 0.000000 0.000000
vt 0.000000 0.000000
vt 0.000000 0.000000
vt 0.000000 0.000000
vt 0.058824 0.270588
vt 0.000000 0.000000
vt 0.000000 0.000000
vt 0.082353 0.780392
vt 0.000000 0.000000
vt 0.000000 0.886275
vt 0.000000 0.000000
vt 0.000000 0.827451
vt 0.176471 0.941177
vt 0.000000 0.000000
vt 0.411765 0.913726
vt 0.000000 0.000000
vt 0.000000 0.000000
vt 0.247059 0.878431
vt 0.372549 0.752941
vt 0.882353 0.949020
vt 0.000000 0.000000
vt 0.000000 0.000000
vt 0.000000 0.000000
vt 0.498039 0.501961
vt 0.588235 0.400000
vt 0.000000 0.000000
vt 0.000000 0.000000
vt 0.000000 0.000000
vt 0.000000 0.521569
vt 0.000000 0.000000
vt 0.000000 0.000000
vt 0.000000 0.000000
vt 0.250980 0.000000
vt 0.000000 0.000000
vt 0.000000 0.000000
vt 0.000000 0.000000
vt 0.000000 0.000000
vt 1.000000 0.258824
vt 0.000000 0.000000
vt 0.000000 0.000000
vt 0.498039 0.501961
vt 0.000000 0.000000
vt 0.000000 0.000000
vt 0.466667 0.054902
vt 0.000000 0.000000
vt 0.000000 0.129412
vt 0.000000 0.352941
vt 0.000000 0.000000
vt 0.000000 0.000000
vt 0.000000 0.000000
vt 1.000000 0.501961
vt 0.000000 0.000000
vt 0.000000 0.549020
vt 0.000000 0.000000
vt 0.780392 0.086275
vt 0.000000 0.000000
vt 0.000000 0.000000
vt 0.000000 0.000000
vt 0.000000 0.807843
vt 0.000000 0.000000
vt 0.000000 0.000000
vt 0.000000 0.968628
vt 0.000000 0.031373
vt 0.000000 0.000000
vt 0.000000 0.000000
vt 0.000000 0.000000
vt 0.117647 0.800000
vt 0.000000 0.000000
vt 1.000000 0.000000
vt 0.000000 0.000000
vt 0.000000 0.000000
vt 0.352941 0.741176
vt 0.588235 0.741176
vt 0.823529 0.741176
vt 1.000000 0.807843
vt 0.000000 0.000000
vt 0.176471 0.658824
vt 0.000000 0.000000
vt 0.000000 0.000000
vt 0.117647 0.992157
vt 0.000000 0.000000
vt 0.000000 0.000000
vt 0.000000 0.000000
vt 0.000000 0.000000
vt 0.000000 0.000000
vt 0.247059 0.000000
vt 0.000000 0.000000
vt 0.000000 0.917647
vt 0.000000 0.000000
vt 0.000000 0.000000
vt 0.305882 1.000000
vt 0.117647 0.203922
vt 0.000000 0.000000
vt 0.000000 0.000000
vt 0.000000 0.000000
vt 0.000000 0.000000
vt 0.372549 0.372549
vt 0.372549 0.247059
vt 0.352941 0.952941
vt 0.000000 0.000000
vt 0.000000 0.000000
vt 0.000000 0.000000
vt 0.000000 0.098039
vt 1.000000 0.062745
vt 1.000000 0.098039
vt 0.000000 0.000000
vt 1.000000 0.031373
vt 0.933333 0.000000
vt 0.588235 0.984314
vt 0.498039 0.007843
vt 0.509804 1.000000
vt 1.000000 0.964706
vt 0.823529 0.713726
vt 0.823529 0.933333
vt 0.000000 0.000000
vt 0.247059 1.000000
vt 0.000000 0.364706
vt 0.000000 0.000000
vt 0.000000 0.000000
vt 0.329412 0.000000
vt 0.125490 0.000000
vt 0.000000 0.000000
vt 1.000000 0.619608
vt 0.000000 0.000000
vt 0.000000 0.619608
vt 0.000000 0.000000
vt 0.168627 0.000000
vt 0.000000 0.000000
vt 0.000000 0.184314
vt 0.000000 0.000000
vt 0.000000 0.000000
vt 0.090196 0.113725
vt 0.168627 0.000000
vt 0.000000 0.274510
vt 0.000000 0.000000
vt 0.356863 0.219608
vt 0.000000 0.000000
vt 0.498039 0.003922
vt 0.000000 0.000000
vt 0.372549 1.000000
vt 0.372549 0.878431
vt 0.176471 0.086275
vt 0.000000 0.000000
vt 0.250980 0.015686
vt 0.823529 1.000000
vt 0.000000 0.000000
vt 0.870588 0.113725
vt 0.749020 0.098039
vt 0.000000 0.000000
vt 0.243137 0.074510
vt 0.000000 0.000000
vt 0.000000 0.725490
vt 0.000000 0.000000
vt 0.000000 0.000000
vt 0.000000 0.000000
vt 0.015686 0.250980
vt 0.000000 0.000000
vt 0.000000 0.000000
vt 0.823529 0.427451
vt 0.000000 0.000000
vt 0.000000 0.000000
vt 0.329412 0.662745
vt 0.000000 0.635294
vt 0.000000 0.000000
vt 0.647059 0.984314
vt 0.411765 0.984314
vt 0.000000 0.000000
vt 0.000000 0.000000
vt 0.823529 0.000000
vt 0.000000 0.000000
vt 0.000000 0.000000
vt 0.270588 1.000000
vt 0.647059 0.898039
vt 0.000000 0.000000
vt 0.000000 0.000000
vt 0.000000 0.000000
vt 0.000000 0.000000
vt 0.000000 0.000000
vt 0.000000 0.000000
vt 0.000000 0.000000
vt 0.000000 0.000000
vt 0.000000 0.000000
vt 0.000000 0.000000
vt 0.000000 0.000000
vt 0.000000 0.000000
vt 0.854902 0.149020
vt 0.564706 0.000000
vt 0.000000 0.000000
vt 0.000000 0.000000
vt 0.000000 0.000000
vt 1.000000 0.364706
vt 0.000000 0.000000
vt 0.000000 0.000000
vt 0.000000 0.666667
vt 0.000000 0.000000
vt 0.000000 0.000000
vt 0.000000 0.000000
vt 0.000000 0.000000
vt 0.239216 0.000000
vt 0.000000 0.000000
vt 1.000000 0.125490
vt 0.176471 0.368627
vt 0.000000 0.000000
vt 0.321569 1.000000
vt 0.000000 0.000000
vt 0.156863 0.392157
vt 0.180392 0.427451
vt 0.258824 0.933333
vt 0.176471 0.949020
vt 0.000000 0.000000
vt 0.000000 0.000000
vt 0.490196 1.000000
vt 0.839216 0.337255
vt 0.062745 0.321569
vt 0.588235 0.372549
vt 0.000000 0.000000
vt 0.501961 1.000000
vt 0.262745 0.988235
vt 0.000000 0.000000
vt 0.000000 0.000000
vt 0.039216 0.937255
vt 0.000000 0.000000
vt 0.000000 0.000000
vt 0.000000 0.000000
vt 0.000000 0.000000
vt 1.000000 0.835294
vt 0.000000 0.000000
vt 0.262745 0.011765
vt 0.000000 0.000000
vt 1.000000 0.498039
vt 0.000000 0.000000
vt 0.749020 0.011765
vt 0.000000 0.000000
vt 0.000000 0.000000
vt 0.000000 0.000000
vt 1.000000 0.000000
vt 0.000000 0.000000
vt 1.000000 0.498039
vt 0.000000 0.000000
vt 0.000000 0.000000
vt 0.000000 0.000000
vt 1.000000 0.749020
vt 0.000000 0.000000
vt 0.000000 0.000000
vt 0.000000 0.000000
vt 0.968628 0.180392
vt 0.000000 0.000000
vt 0.000000 0.000000
vt 0.996078 0.215686
vt 1.000000 0.188235
vt 0.000000 0.000000
vt 0.000000 0.000000
vt 0.000000 0.000000
vt 0.000000 0.000000
vt 0.000000 0.000000
vt 0.000000 0.000000
vt 0.874510 1.000000
vt 0.000000 0.231373
vt 0.000000 0.000000
vt 0.000000 0.000000
vt 0.000000 0.000000
vt 0.917647 0.223529
vt 1.000000 0.223529
vt 0.874510 0.000000
vt 0.964706 0.294118
vt 0.000000 0.984314
vt 0.000000 0.000000
vt 0.639216 0.000000
vt 0.745098 0.000000
vt 0.745098 1.000000
vt 0.000000 0.000000
vt 0.000000 0.000000
vt 0.239216 0.498039
vt 0.000000 0.000000
vt 0.000000 0.772549
vt 0.352941 0.772549
vt 0.411765 0.258824
vt 0.105882 1.000000
vt 0.000000 0.000000
vt 0.000000 0.000000
vt 0.000000 0.294118
vt 0.984314 1.000000
vt 0.000000 0.000000
vt 0.000000 0.000000
vt 0.588235 0.341176
vt 0.380392 0.996078
vt 0.000000 0.000000
vt 0.000000 0.000000
vt 0.000000 0.000000
vt 0.000000 0.372549
vt 0.000000 0.000000
vt 0.000000 0.000000
vt 0.411765 1.000000
vt 0.000000 0.000000
vt 0.000000 0.000000
vt 1.000000 0.439216
vt 0.000000 0.000000
vt 1.000000 0.584314
vt 0.000000 0.000000
vt 0.000000 0.000000
vt 0.000000 0.000000
vt 0.000000 0.000000
vt 0.000000 0.000000
vt 0.000000 0.000000
vt 0.000000 0.000000
vt 0.988235 0.600000
vt 0.000000 0.000000
vt 0.000000 0.000000
vt 0.000000 0.000000
vt 0.000000 0.000000
vt 0.000000 0.882353
vt 0.749020 0.501961
vt 0.866667 1.000000
vt 0.745098 1.000000
vt 0.188235 0.078431
vt 0.000000 0.000000
vt 0.000000 0.000000
vt 0.000000 0.000000
vt 0.000000 0.000000
vt 0.894118 0.423529
vt 0.329412 0.698039
vt 0.000000 0.000000
vt 0.647059 1.000000
vt 0.000000 0.000000
vt 1.000000 0.501961
vt 1.000000 0.831373
vt 0.000000 0.000000
vt 0.000000 0.000000
vt 0.600000 0.168627
vt 0.819608 0.572549
vt 1.000000 0.698039
vt 0.000000 0.000000
vt 0.666667 0.698039
vt 0.000000 0.000000
vt 0.000000 0.000000
vt 0.498039 1.000000
vt 0.000000 0.000000
vt 0.000000 0.000000
vt 0.000000 0.000000
vt 1.000000 0.368627
vt 1.000000 0.619608
vt 1.000000 0.662745
vt 0.000000 0.000000
vt 1.000000 0.317647
vt 0.000000 0.000000
vt 0.000000 0.000000
vt 0.000000 0.000000
vt 0.000000 0.000000
vt 0.000000 0.321569
vt 1.000000 0.352941
vt 0.000000 0.419608
vt 1.000000 0.388235
vt 1.000000 0.419608
vt 0.000000 0.686275
vt 0.176471 0.686275
vt 0.000000 0.658824
vt 0.411765 0.686275
vt 0.411765 0.713726
vt 0.647059 0.713726
vt 0.647059 0.741176
vt 0.176471 0.713726
vt 0.411765 0.741176
vt 0.647059 0.686275
vt 0.882353 0.713726
vt 1.000000 0.968628
vt 0.000000 0.937255
vt 0.823529 0.772549
vt 1.000000 0.741176
vt 0.588235 0.772549
vt 0.823529 0.800000
vt 0.588235 0.800000
vt 0.823529 0.827451
vt 0.588235 0.827451
vt 0.352941 0.800000
vt 0.352941 0.827451
vt 0.176471 0.741176
vt 0.666667 1.000000
vt 0.666667 0.662745
vt 0.329412 0.443137
vt 0.329412 0.368627
vt 0.666667 0.443137
vt 0.666667 0.368627
vt 0.329412 0.043137
vt 0.666667 0.298039
vt 0.329412 0.298039
vt 0.329412 0.007843
vt 0.866667 0.000000
vt 0.411765 0.898039
vt 0.329412 0.317647
vt 0.125490 0.164706
vt 0.329412 0.164706
vt 0.666667 0.164706
vt 0.666667 0.317647
vt 0.666667 0.392157
vt 0.666667 0.619608
vt 0.329412 0.619608
vt 0.329412 0.392157
vt 0.498039 0.501961
vt 0.615686 1.000000
vt 0.498039 1.000000
vt 0.474510 1.000000
vt 0.360784 1.000000
vt 0.247059 1.000000
vt 0.247059 0.501961
vt 0.211765 1.000000
vt 0.376471 0.015686
vt 0.823529 0.258824
vt 1.000000 0.258824
vt 0.823529 0.227451
vt 1.000000 0.227451
vt 0.823529 0.200000
vt 1.000000 0.200000
vt 0.823529 0.172549
vt 1.000000 0.172549
vt 0.823529 0.313726
vt 0.588235 0.313726
vt 0.823529 0.341176
vt 0.188235 0.000000
vt 0.364706 0.498039
vt 0.364706 0.000000
vt 0.415686 0.000000
vt 0.756863 1.000000
vt 0.423529 1.000000
vt 0.466667 1.000000
vt 0.494118 0.498039
vt 0.352941 0.992157
vt 1.000000 0.298039
vt 0.647059 0.772549
vt 0.882353 0.772549
vt 0.882353 0.741176
vt 0.823529 0.886275
vt 1.000000 0.886275
vt 0.823529 0.858824
vt 0.588235 0.858824
vt 0.588235 0.886275
vt 0.352941 0.858824
vt 0.352941 0.886275
vt 0.117647 0.858824
vt 0.117647 0.886275
vt 0.647059 0.858824
vt 0.882353 0.858824
vt 0.647059 0.827451
vt 0.647059 0.800000
vt 0.411765 0.800000
vt 0.411765 0.827451
vt 0.000000 0.913726
vt 0.176471 0.913726
vt 0.176471 0.858824
vt 0.176471 0.827451
vt 0.000000 0.800000
vt 0.176471 0.800000
vt 0.176471 0.027451
vt 0.411765 0.027451
vt 0.176471 0.000000
vt 0.176471 0.886275
vt 0.411765 0.886275
vt 0.411765 0.858824
vt 0.882353 0.000000
vt 0.647059 0.968628
vt 0.882353 0.968628
vt 0.411765 0.968628
vt 0.823529 0.086275
vt 1.000000 0.086275
vt 0.823529 0.058824
vt 0.823529 0.941177
vt 1.000000 0.941177
vt 0.823529 0.913726
vt 0.588235 0.000000
vt 0.823529 0.000000
vt 0.588235 0.972549
vt 0.352941 0.972549
vt 0.352941 0.941177
vt 0.588235 0.941177
vt 0.823529 0.972549
vt 0.352941 0.913726
vt 0.588235 0.913726
vt 0.247059 0.752941
vt 0.372549 0.501961
vt 0.498039 0.372549
vt 0.372549 0.372549
vt 0.498039 0.247059
vt 0.372549 0.247059
vt 0.498039 0.121569
vt 0.372549 0.121569
vt 0.247059 0.247059
vt 0.247059 0.121569
vt 0.498039 0.752941
vt 0.372549 0.752941
vt 0.372549 0.501961
vt 0.498039 0.627451
vt 0.372549 0.627451
vt 0.117647 0.972549
vt 0.000000 0.972549
vt 0.352941 0.972549
vt 0.588235 0.992157
vt 0.588235 0.972549
vt 0.823529 0.972549
vt 0.588235 0.952941
vt 0.117647 0.952941
vt 1.000000 0.027451
vt 0.882353 0.800000
vt 0.000000 0.972549
vt 0.000000 0.941177
vt 0.117647 0.941177
vt 0.466667 0.027451
vt 0.000000 0.027451
vt 0.000000 0.000000
vt 0.329412 0.003922
vt 0.329412 0.003922
vt 0.823529 0.027451
vt 0.411765 0.227451
vt 0.176471 0.227451
vt 0.176471 0.258824
vt 0.823529 0.372549
vt 0.823529 0.400000
vt 0.000000 0.000000
vt 0.411765 0.658824
vt 0.647059 0.658824
vt 0.823529 0.113725
vt 0.176471 0.772549
vt 0.411765 0.772549
vt 0.486275 0.019608
vt 0.945098 0.258824
vt 1.000000 0.458824
vt 1.000000 0.400000
vt 0.000000 0.000000
vt 0.176471 0.113725
vt 0.176471 0.627451
vt 0.239216 0.078431
vt 0.176471 0.200000
vt 0.000000 0.000000
vt 0.168627 0.133333
vt 0.000000 0.000000
vt 0.372549 0.627451
vt 0.000000 0.000000
vt 0.000000 0.000000
vt 0.090196 0.792157
vt 0.650980 0.976471
vt 0.560784 0.996078
vt 1.000000 0.427451
vt 0.501961 1.000000
vt 0.725490 0.125490
vt 0.866667 1.000000
vt 0.823529 0.952941
vt 1.000000 0.686275
vt 1.000000 0.341176
vt 0.000000 0.529412
vt 0.011765 0.619608
vt 0.105882 0.196078
vt 0.039216 0.701961
vt 0.000000 0.000000
vt 0.000000 0.835294
vt 0.647059 0.949020
vt 1.000000 0.376471
vt 0.000000 0.513726
vt 1.000000 0.141176
vt 0.823529 0.141176
vt 0.000000 0.000000
vt 1.000000 0.839216
vt 1.000000 0.658824
vt 1.000000 0.768628
vt 1.000000 0.160784
vt 0.823529 0.286275
vt 0.733333 0.941177
vt 0.411765 0.949020
vt 1.000000 0.623529
vt 0.000000 0.901961
vt 0.000000 0.454902
vt 0.000000 0.776471
vt 0.000000 0.258824
vt 0.176471 0.972549
vt 0.000000 0.086275
vt 0.176471 0.058824
vt 0.003922 0.439216
vt 0.588235 0.933333
vt 0.176471 0.968628
vt 0.000000 0.000000
vt 0.000000 0.639216
vt 1.000000 0.062745
vt 0.000000 0.000000
vt 0.000000 0.000000
vt 0.898039 0.556863
vt 1.000000 0.313726
vt 0.278431 0.290196
vt 0.400000 0.180392
vt 0.627451 0.043137
vt 0.596078 1.000000
vt 0.309804 0.200000
vt 0.231373 0.278431
vt 1.000000 0.000000
vt 0.000000 0.000000
vt 0.321569 0.039216
vt 0.745098 1.000000
vt 0.756863 0.000000
vt 0.176471 0.984314
vt 0.000000 0.000000
vt 0.000000 0.815686
vt 0.352941 0.984314
vt 0.000000 0.984314
vt 0.117647 0.984314
vt 0.019608 0.125490
vt 0.435294 0.000000
vt 0.309804 0.078431
vt 1.000000 0.062745
vt 0.000000 0.000000
vt 0.482353 0.023529
vt 0.000000 0.000000
vt 0.858824 0.133333
vt 0.627451 0.015686
vt 0.000000 0.000000
vt 0.000000 0.000000
vt 0.733333 1.000000
vt 0.000000 0.000000
vt 0.937255 0.188235
vt 0.227451 1.000000
vt 0.392157 0.141176
vt 0.525490 0.109804
vt 0.000000 0.000000
vt 1.000000 0.000000
vt 0.000000 0.235294
vt 0.062745 0.329412
vt 0.631373 0.996078
vt 1.000000 0.917647
vt 0.501961 1.000000
vt 0.007843 0.941177
vt 0.007843 0.909804
vt 0.596078 0.000000
vt 0.000000 0.000000
vt 0.721569 0.000000
vt 0.000000 0.223529
vt 0.000000 0.000000
vt 0.749020 0.988235
vt 0.000000 0.000000
vt 0.109804 0.498039
vt 0.000000 0.000000
vt 0.631373 0.003922
vt 0.086275 0.262745
vt 0.000000 0.000000
vt 0.066667 0.137255
vt 0.000000 0.000000
vt 1.000000 0.560784
vt 0.188235 0.086275
vt 0.666667 0.043137
vt 0.164706 0.023529
vt 0.000000 0.000000
vt 0.698039 1.000000
vt 1.000000 0.082353
vt 1.000000 0.498039
vt 1.000000 1.000000
vt 0.090196 0.956863
vt 0.000000 0.188235
vt 1.000000 1.000000
vn -0.6514 0.0000 0.7587
vn -0.6669 -0.0909 0.7396
vn -0.6329 -0.0914 0.7688
vn 0.6917 0.0629 -0.7194
vn 0.0022 -0.0012 -1.0000
vn 0.9600 -0.0168 -0.2794
vn -0.9979 0.0170 -0.0617
vn 0.1012 -0.0315 -0.9944
vn 0.0166 0.0002 -0.9999
vn -0.0706 0.0001 -0.9975
vn 0.0984 -0.0905 -0.9910
vn 0.0982 -0.0000 -0.9952
vn -0.8594 0.4700 0.2014
vn -0.8656 0.4903 0.1017
vn -0.8898 0.4430 0.1096
vn 0.9981 -0.0167 -0.0598
vn 0.1807 -0.0012 -0.9835
vn -0.9831 -0.0071 -0.1827
vn -0.9785 -0.0975 -0.1819
vn -0.0828 -0.0408 -0.9957
vn -0.1292 -0.1194 -0.9844
vn -0.1622 0.0002 -0.9868
vn 0.6166 0.1582 -0.7712
vn 0.6274 0.0691 -0.7757
vn 0.6259 -0.0550 -0.7779
vn -0.9984 0.0161 -0.0546
vn -0.9884 0.1418 -0.0547
vn -0.9925 -0.1077 -0.0584
vn -0.2466 -0.1257 -0.9609
vn -0.2475 0.0001 -0.9689
vn -0.2591 -0.1229 -0.9580
vn -0.3143 0.0121 -0.9493
vn -0.4036 -0.0658 -0.9126
vn -0.3161 0.0202 -0.9485
vn -0.4307 0.0082 -0.9024
vn -0.2579 -0.0000 -0.9662
vn -0.1764 -0.0012 -0.9843
vn -0.0939 0.0328 -0.9950
vn -0.0907 0.1814 -0.9792
vn -0.9087 0.0167 -0.4172
vn 0.2842 0.0001 -0.9588
vn 0.2431 -0.0291 -0.9696
vn 0.2870 0.1302 -0.9490
vn 0.3669 0.0002 -0.9302
vn 0.3951 -0.1272 -0.9098
vn 0.8825 0.0595 -0.4664
vn -0.9783 0.0683 0.1956
vn -0.9391 0.0000 0.3437
vn -0.8683 -0.0088 0.4960
vn -0.4584 0.8822 0.1079
vn -0.4612 0.8811 0.1044
vn -0.4622 0.8804 0.1060
vn -0.3247 -0.9362 0.1346
vn -0.2037 -0.9584 0.1999
vn -0.2326 -0.9462 0.2248
vn -0.2825 -0.9554 0.0860
vn -0.7445 -0.6335 0.2107
vn -0.6889 -0.7061 0.1636
vn 0.4244 0.0000 -0.9055
vn -0.6556 0.0122 -0.7550
vn -0.5508 -0.0641 -0.8322
vn -0.5108 -0.2928 -0.8083
vn -0.6000 -0.2409 -0.7628
vn 0.7028 0.6276 0.3350
vn 0.7213 0.5756 0.3853
vn 0.1186 0.9904 0.0707
vn 0.1324 0.9903 0.0418
vn 0.0000 1.0000 0.0000
vn 0.1332 0.9904 0.0366
vn 0.1359 0.9904 0.0245
vn 0.1376 0.9904 0.0122
vn 0.1243 0.9904 -0.0601
vn 0.0830 0.9904 -0.1108
vn 0.1185 0.9904 -0.0710
vn 0.1116 0.9904 -0.0813
vn 0.0953 0.9904 -0.0999
vn 0.0497 0.9904 -0.1288
vn -0.0067 0.9904 -0.1379
vn -0.0309 0.9904 -0.1346
vn -0.0544 0.9904 -0.1269
vn -0.1319 0.9904 -0.0417
vn -0.8824 -0.0000 0.4705
vn -0.8409 -0.0461 0.5392
vn 0.7086 -0.7017 0.0740
vn 0.7561 -0.6504 0.0725
vn 0.7064 0.6775 -0.2050
vn 0.7046 -0.5460 -0.4533
vn 0.6790 -0.5012 -0.5365
vn -0.9780 0.0000 -0.2086
vn -0.9862 0.0417 -0.1602
vn -0.9906 0.0878 -0.1054
vn -0.9906 0.0877 -0.1050
vn 0.5409 -0.2407 -0.8059
vn 0.4137 -0.3981 -0.8188
vn 0.7069 0.0717 -0.7036
vn 0.6564 0.0784 -0.7504
vn -0.0483 -0.9904 -0.1296
vn 0.0000 -1.0000 0.0000
vn 0.0364 -0.9903 0.1341
vn 0.0004 -0.9904 -0.1383
vn -0.1375 -0.9904 0.0144
vn 0.0193 -0.9904 -0.1369
vn 0.0655 -0.9904 -0.1218
vn 0.1106 -0.9904 -0.0830
vn -0.0019 -0.9904 0.1383
vn 0.1188 -0.9904 -0.0707
vn -0.0114 -0.9904 0.1378
vn 0.1232 -0.9904 -0.0628
vn 0.1273 -0.9904 -0.0540
vn 0.1381 -0.9904 0.0066
vn 0.1370 -0.9904 0.0189
vn 0.1152 -0.9904 0.0765
vn 0.0997 -0.9904 0.0958
vn 0.1310 -0.9904 -0.0447
vn 0.0907 -0.9904 0.1044
vn -0.0666 -0.9904 0.1214
vn -0.3068 -0.8652 -0.3965
vn -0.3265 -0.9072 -0.2651
vn -0.2446 -0.8686 -0.4309
vn -0.3783 0.8603 -0.3418
vn -0.2543 0.9073 -0.3350
vn -0.2979 0.8450 -0.4442
vn -0.9055 -0.4199 0.0617
vn -0.9420 -0.3206 -0.0990
vn -0.9510 -0.3046 0.0525
vn -0.9749 -0.1963 -0.1047
vn -0.4675 -0.5686 -0.6768
vn -0.3544 -0.5740 -0.7382
vn -0.0837 0.8658 0.4933
vn 0.0983 0.8841 0.4568
vn -0.9880 -0.0100 0.1540
vn -0.9901 -0.0550 0.1288
vn -0.8475 0.4504 0.2808
vn -0.9017 0.3629 0.2349
vn 0.7026 0.7081 0.0696
vn 0.7098 0.6908 0.1375
vn -0.4675 0.5686 -0.6768
vn -0.3544 0.5740 -0.7382
vn -0.9750 0.1961 -0.1045
vn -0.9421 0.3205 -0.0989
vn 0.4455 -0.0353 -0.8946
vn 0.4386 0.0396 -0.8978
vn 1.0000 0.0000 0.0000
vn 0.9976 0.0263 -0.0642
vn 0.9975 0.0694 0.0160
vn 0.9961 0.0639 0.0612
vn 0.9975 0.0262 0.0649
vn 0.9976 0.0012 0.0692
vn 0.9976 -0.0429 0.0545
vn 0.9976 -0.0105 -0.0685
vn -0.9873 0.0000 0.1591
vn -0.9872 0.0000 0.1594
vn -1.0000 0.0000 0.0070
vn 0.4471 0.0386 -0.8936
vn 0.3946 0.1609 -0.9046
vn 0.6336 0.7702 -0.0734
vn 0.7061 0.7047 -0.0693
vn 0.5453 0.6491 -0.5304
vn 0.5401 0.5088 -0.6704
vn 0.4185 0.7801 -0.4651
vn 0.4717 0.7794 -0.4123
vn 0.5194 0.6482 -0.5567
vn 0.3496 0.8769 -0.3300
vn 0.3765 -0.8644 -0.3333
vn 0.3483 -0.8952 -0.2780
vn 0.3415 -0.8232 -0.4536
vn -0.9859 0.0364 0.1633
vn -0.9763 0.2115 -0.0461
vn -0.4731 -0.8774 -0.0793
vn -0.5043 -0.8603 -0.0753
vn -0.3277 -0.9138 -0.2399
vn -0.3904 -0.9137 -0.1128
vn -0.5045 -0.8599 -0.0772
vn -0.4131 -0.9061 -0.0917
vn -0.2212 0.8072 0.5473
vn -0.2904 0.8404 0.4576
vn -0.2227 0.8057 0.5489
vn -0.9950 -0.0923 -0.0373
vn -0.9799 -0.1619 -0.1169
vn -0.9847 -0.1167 -0.1291
vn -0.9876 -0.0134 -0.1564
vn -0.9964 -0.0779 -0.0324
vn -0.9993 -0.0357 0.0092
vn -0.9995 -0.0143 0.0278
vn 0.3432 0.8990 -0.2720
vn 0.1601 0.9475 -0.2768
vn -0.4077 -0.7528 -0.5167
vn -0.3788 -0.6831 -0.6244
vn -0.3349 -0.8327 -0.4409
vn -0.8059 0.5218 -0.2798
vn -0.8412 0.5332 -0.0906
vn -0.9878 0.0000 0.1559
vn -0.9990 0.0424 0.0110
vn 0.7071 0.5009 -0.4991
vn 0.7047 0.4512 -0.5476
vn 0.7070 0.3942 -0.5871
vn 0.6720 0.5113 -0.5357
vn 0.7075 0.2722 -0.6522
vn 0.7064 0.2074 -0.6768
vn 0.7068 0.1402 -0.6934
vn 0.7078 0.2721 -0.6519
vn 0.1499 -0.9833 -0.1037
vn 0.1889 -0.9540 -0.2327
vn 0.0295 -0.9994 -0.0156
vn 0.0982 -0.9897 0.1044
vn -0.4576 0.7789 0.4288
vn -0.6177 0.7593 0.2044
vn -0.6976 0.6936 0.1794
vn -0.5825 0.7038 0.4066
vn -0.9941 -0.0959 -0.0499
vn -0.9570 -0.2112 0.1991
vn -0.9907 0.0395 0.1299
vn -0.9908 -0.0119 0.1351
vn 0.0269 0.9995 -0.0135
vn 0.1152 0.9906 -0.0742
vn 0.1468 0.9872 0.0616
vn -0.5786 0.8129 -0.0655
vn -0.4177 0.9045 -0.0858
vn -0.3902 0.9136 -0.1143
vn -0.3309 0.9119 -0.2427
vn -0.9955 0.0658 0.0685
vn -0.9940 0.0094 0.1088
vn -0.1159 0.0000 0.9933
vn -0.1730 -0.1104 0.9787
vn -0.0651 -0.1146 0.9913
vn -0.9877 -0.0003 0.1565
vn -0.4626 -0.0000 -0.8866
vn -0.3678 0.0000 -0.9299
vn -0.2764 0.0398 -0.9602
vn 0.0270 -0.9996 0.0000
vn 0.0266 -0.9996 -0.0134
vn -0.9846 -0.0428 -0.1695
vn -0.9534 -0.0850 -0.2896
vn -0.9541 -0.1042 -0.2806
vn -0.9394 -0.0031 0.3428
vn -0.9402 -0.0021 0.3406
vn -0.9867 0.0581 0.1521
vn -0.9872 -0.0099 0.1591
vn -0.9877 -0.0097 0.1563
vn -0.8837 -0.0000 0.4681
vn -0.8805 -0.0044 0.4740
vn -0.9845 -0.0131 0.1747
vn -0.9741 0.0367 0.2232
vn -0.9844 -0.0114 0.1753
vn -0.9877 -0.0000 0.1564
vn -0.9877 0.0003 0.1565
vn -0.9804 0.0607 0.1877
vn 0.0268 0.9977 0.0618
vn -0.4563 0.5538 0.6965
vn -0.4423 0.5656 0.6960
vn -0.4692 0.4727 0.7459
vn -0.9808 0.0981 0.1683
vn -0.9896 0.0988 -0.1046
vn -0.9876 0.0016 0.1569
vn -0.9846 0.0347 0.1711
vn -0.4623 -0.1521 -0.8736
vn -0.3296 -0.1761 -0.9276
vn -0.2704 -0.0002 -0.9627
vn -0.2514 -0.1277 -0.9594
vn 0.0254 -0.9980 0.0584
vn -0.4348 -0.8759 0.2090
vn -0.3602 -0.9272 0.1025
vn -0.4248 -0.9047 0.0328
vn 0.3733 0.0136 0.9276
vn -0.7959 -0.1376 0.5896
vn -0.8356 -0.1818 0.5184
vn -0.8099 -0.2021 0.5507
vn -0.6182 0.7725 0.1453
vn -0.6170 0.7742 0.1412
vn -0.6179 0.7736 0.1409
vn -0.9878 0.0000 0.1557
vn -0.9757 0.0459 0.2142
vn -0.9945 -0.0365 0.0979
vn -0.9844 -0.0096 0.1754
vn -0.9844 -0.0114 0.1756
vn -0.9918 0.0327 0.1235
vn -0.9619 -0.0364 0.2711
vn -0.9618 -0.0338 0.2715
vn -0.9663 -0.0157 0.2570
vn -0.9743 -0.0965 0.2037
vn -0.9702 -0.0056 0.2420
vn -0.9705 -0.0051 0.2411
vn 0.0034 0.9171 0.3987
vn 0.0822 0.9537 0.2893
vn -0.1161 0.0983 0.9884
vn -0.3061 0.1241 0.9439
vn -0.9634 -0.0389 0.2653
vn -0.9733 0.0260 0.2280
vn -0.4073 -0.0811 -0.9097
vn -0.3142 0.0001 -0.9493
vn -0.6976 -0.6803 0.2248
vn -0.7393 -0.6604 0.1317
vn -0.8522 -0.5103 0.1158
vn -0.6138 -0.7857 0.0768
vn -0.3771 0.9219 0.0888
vn -0.3797 0.9205 0.0922
vn -0.4037 0.9126 0.0646
vn -0.5337 0.8287 0.1688
vn -0.3996 0.9143 0.0655
vn -0.3236 -0.9387 0.1189
vn -0.3631 -0.8984 0.2469
vn -0.3475 0.7468 0.5671
vn -0.2608 0.8100 0.5253
vn -0.3850 0.7905 0.4764
vn -0.3633 0.7379 0.5688
vn -0.7797 -0.4722 0.4113
vn -0.8480 -0.4282 0.3123
vn -0.8942 -0.3037 0.3288
vn -0.7528 0.6341 0.1766
vn -0.8155 0.5546 0.1653
vn -0.9597 -0.0022 0.2811
vn -0.9604 -0.0023 0.2787
vn -0.9481 -0.0002 0.3180
vn -0.9489 -0.0004 0.3156
vn -0.9506 -0.0013 0.3104
vn -0.9513 -0.0022 0.3081
vn -0.9554 -0.0084 0.2953
vn -0.9560 -0.0099 0.2933
vn -0.9588 -0.0191 0.2834
vn -0.9593 -0.0210 0.2818
vn -0.9619 -0.0342 0.2713
vn -0.9622 -0.0362 0.2699
vn -0.9624 -0.0000 0.2715
vn -0.9703 -0.0051 0.2417
vn -0.9853 -0.0592 0.1605
vn 0.7083 -0.5435 0.4505
vn -0.9707 0.0197 0.2396
vn -0.9714 0.0206 0.2364
vn -0.9854 -0.0119 0.1696
vn -0.9630 -0.0029 0.2696
vn -0.9632 0.0004 0.2687
vn -0.9630 0.0005 0.2696
vn -0.9514 0.0187 0.3073
vn -0.9581 0.0088 0.2864
vn -0.9490 0.0257 0.3141
vn -0.9543 0.0078 0.2988
vn -0.3163 0.6561 0.6852
vn -0.3076 0.6463 0.6983
vn -0.3894 0.0951 -0.9161
vn -0.3160 -0.0105 -0.9487
vn -0.1415 -0.1076 -0.9841
vn -0.3670 -0.1233 -0.9220
vn -0.9626 -0.1417 -0.2308
vn -0.9586 -0.2836 -0.0276
vn -0.9882 -0.1103 -0.1058
vn -0.9618 -0.1565 -0.2247
vn -0.7304 0.6663 0.1502
vn -0.5176 0.8381 0.1722
vn -0.8749 0.0000 0.4843
vn -0.2917 0.9225 0.2529
vn -0.3406 0.9333 0.1133
vn 0.0982 -0.8840 0.4571
vn 0.1625 -0.9075 0.3874
vn 0.0868 -0.9353 0.3431
vn 0.1262 -0.9688 0.2132
vn 0.1415 -0.8986 0.4153
vn 0.0797 -0.8755 0.4765
vn -0.3041 -0.8851 0.3523
vn -0.3698 -0.8796 0.2993
vn -0.6797 -0.2796 0.6781
vn -0.6912 -0.4203 0.5879
vn -0.6794 -0.2794 0.6785
vn -0.4525 -0.8893 -0.0656
vn -0.3663 -0.9272 -0.0782
vn -0.4394 -0.8903 0.1197
vn -0.5944 -0.6855 0.4205
vn -0.5863 -0.7210 0.3693
vn -0.9607 0.0000 0.2774
vn -0.9616 0.0005 0.2743
vn -0.9614 0.0021 0.2750
vn -0.9590 -0.0007 0.2835
vn -0.9543 -0.0049 0.2989
vn -0.9541 -0.0022 0.2996
vn -0.9511 -0.0027 0.3088
vn -0.9505 -0.0027 0.3106
vn -0.9606 0.0031 0.2778
vn -0.9604 0.0000 0.2787
vn -0.9620 -0.0000 0.2729
vn 0.1099 0.7428 0.6604
vn 0.0000 0.8389 0.5443
vn -0.0001 0.0000 1.0000
vn 0.0000 0.0000 1.0000
vn -0.1235 0.0431 0.9914
vn -0.1307 -0.0001 0.9914
vn 0.0001 0.0000 1.0000
vn -0.0774 -0.1053 0.9914
vn 0.0454 -0.1226 0.9914
vn -0.9469 0.0200 0.3210
vn -0.9231 -0.1420 0.3573
vn -0.9690 0.0974 0.2269
vn -0.8988 0.0647 0.4336
vn -0.8979 0.0794 0.4329
vn -0.9011 0.0645 0.4289
vn 0.1962 -0.7554 0.6251
vn 0.1145 -0.8687 0.4819
vn 0.0262 -0.8533 0.5207
vn 0.0000 -0.8321 0.5547
vn -0.2767 -0.8898 0.3629
vn -0.9344 -0.1561 0.3201
vn -0.9375 0.0099 0.3479
vn -0.9569 -0.1309 0.2592
vn -0.9315 0.2910 0.2182
vn -0.9388 0.3219 0.1227
vn -0.9087 -0.0892 0.4079
vn -0.9082 -0.1195 0.4011
vn -0.9577 -0.1758 0.2279
vn -0.9262 -0.0001 0.3770
vn -0.9260 -0.0034 0.3775
vn -0.9258 0.0000 0.3781
vn -0.9257 0.0000 0.3782
vn 0.7075 -0.4461 0.5481
vn -0.9262 0.0005 0.3771
vn -0.9758 -0.0190 0.2177
vn -0.9078 0.1174 0.4027
vn -0.9081 0.1200 0.4012
vn -0.9576 0.1760 0.2280
vn -0.9880 0.0376 0.1499
vn -0.9195 0.2620 0.2929
vn -0.9782 0.1351 0.1578
vn -0.7790 0.4516 0.4350
vn -0.7739 0.5658 0.2845
vn -0.8623 0.4302 0.2671
vn -0.8248 0.3680 0.4292
vn -0.0531 0.0000 0.9986
vn -0.1646 0.8904 0.4245
vn -0.2049 0.9267 0.3150
vn -0.1555 0.8964 0.4151
vn -0.2566 0.9022 0.3467
vn 0.6306 0.3622 -0.6864
vn 0.6533 0.4137 -0.6341
vn 0.4053 0.4708 -0.7836
vn 0.6171 0.4097 -0.6718
vn 0.2409 -0.6133 0.7522
vn 0.0014 -0.9090 0.4168
vn -0.1858 -0.7896 0.5848
vn -0.1414 -0.8368 0.5289
vn -0.9167 -0.0003 0.3996
vn -0.8447 -0.1426 0.5159
vn -0.9220 0.0000 0.3872
vn -0.8838 0.0255 0.4672
vn -0.9150 -0.0005 0.4035
vn -0.9087 -0.0000 0.4174
vn -0.8830 -0.0654 0.4647
vn -0.9125 -0.0002 0.4091
vn -0.8800 -0.0191 0.4746
vn -0.1531 0.8886 0.4323
vn -0.1425 0.8372 0.5280
vn 0.0161 0.7858 0.6182
vn -0.1383 0.8220 0.5524
vn -0.1815 0.7014 0.6893
vn 0.0931 0.2037 0.9746
vn 0.2038 0.2657 0.9423
vn 0.2112 0.2837 0.9353
vn -0.1925 0.7319 0.6537
vn -0.1907 0.7308 0.6554
vn -0.2092 0.6642 0.7177
vn -0.8260 -0.1201 0.5507
vn -0.9165 0.0015 0.4000
vn -0.9086 0.0002 0.4177
vn -0.9056 0.0132 0.4239
vn -0.8942 0.0081 0.4476
vn -0.8927 0.0225 0.4501
vn -0.8761 0.0329 0.4809
vn -0.8761 0.0476 0.4798
vn -0.8772 0.0307 0.4791
vn -0.8784 0.0450 0.4757
vn -0.5453 -0.7611 0.3512
vn -0.5190 -0.7511 0.4080
vn -0.5592 -0.7467 0.3602
vn -0.9638 -0.0005 0.2666
vn -0.8985 0.0003 0.4390
vn -0.8941 -0.0842 0.4398
vn 0.1138 -0.3037 0.9460
vn 0.2039 -0.2659 0.9422
vn -0.1304 -0.8246 0.5505
vn -0.2303 -0.7613 0.6061
vn -0.2100 -0.5070 0.8360
vn -0.2106 -0.5949 0.7757
vn -0.1807 -0.7241 0.6656
vn -0.1480 -0.8045 0.5752
vn -0.1514 -0.7973 0.5843
vn -0.2196 -0.8181 0.5314
vn -0.1120 -0.9175 0.3817
vn -0.1531 -0.7423 0.6523
vn -0.9151 0.0006 0.4033
vn -0.9649 -0.1197 0.2337
vn -0.8919 -0.0006 0.4523
vn -0.8942 0.0003 0.4477
vn -0.8903 -0.0018 0.4553
vn 0.6660 0.2166 0.7138
vn -0.2355 -0.0233 0.9716
vn -0.1233 0.1381 0.9827
vn -0.1423 0.1854 0.9723
vn -0.2091 0.4518 0.8673
vn -0.9895 0.0992 -0.1054
vn -0.9895 0.0994 -0.1052
vn -0.2794 0.6612 0.6963
vn -0.2802 0.6628 0.6944
vn -0.8919 0.0001 0.4523
vn -0.8905 0.0001 0.4549
vn -0.8875 -0.0000 0.4608
vn -0.8981 -0.0869 0.4310
vn -0.7462 -0.0994 0.6583
vn -0.8386 -0.1654 0.5191
vn -0.8742 -0.1927 0.4457
vn -0.8596 -0.2209 0.4608
vn -0.8696 -0.0032 0.4937
vn -0.8692 0.0000 0.4944
vn -0.8650 0.0001 0.5017
vn -0.8665 0.0000 0.4991
vn -0.8287 0.0236 0.5593
vn -0.8764 0.0330 0.4805
vn -0.8765 0.0367 0.4800
vn -0.8613 0.0000 0.5081
vn -0.8059 0.0594 0.5891
vn -0.8061 0.0596 0.5887
vn 0.0476 -0.1430 0.9886
vn 0.1378 -0.1057 0.9848
vn -0.1568 -0.3135 0.9365
vn -0.2087 -0.4360 0.8754
vn -0.6667 -0.6115 0.4261
vn -0.7172 -0.6217 0.3149
vn -0.6692 -0.6705 0.3204
vn -0.8890 0.0004 0.4578
vn -0.8840 -0.0083 0.4674
vn -0.8884 -0.0006 0.4590
vn -0.8900 0.0009 0.4559
vn -0.8700 -0.0097 0.4929
vn -0.8694 -0.0176 0.4937
vn -0.8766 -0.0030 0.4812
vn -0.8747 -0.0100 0.4845
vn 0.1013 0.0420 0.9940
vn 0.1482 -0.0440 0.9880
vn -0.0288 0.0307 0.9991
vn 0.0772 -0.0001 0.9970
vn -0.0519 -0.0221 0.9984
vn 0.1013 -0.0420 0.9940
vn 0.1000 0.0557 0.9934
vn 0.7440 -0.0630 0.6652
vn 0.6944 0.0018 0.7196
vn 0.0833 0.0110 0.9965
vn 0.1316 -0.0740 0.9885
vn 0.0772 0.0001 0.9970
vn 0.1488 -0.0661 0.9867
vn -0.1083 0.0989 0.9892
vn -0.0917 0.0704 0.9933
vn -0.5952 0.4396 0.6727
vn -0.6639 0.3881 0.6393
vn -0.8781 0.0000 0.4784
vn -0.8749 -0.0239 0.4837
vn -0.8762 -0.0257 0.4812
vn -0.8513 -0.0075 0.5246
vn -0.8549 -0.0000 0.5188
vn 0.0362 -0.0285 0.9989
vn -0.0887 -0.0680 0.9937
vn -0.6743 0.0089 0.7384
vn -0.6643 -0.1901 0.7229
vn -0.2365 -0.8057 0.5431
vn -0.1079 -0.8264 0.5527
vn -0.8030 -0.0534 0.5936
vn -0.8015 -0.0634 0.5946
vn -0.0654 -0.9633 0.2605
vn -0.7123 0.0324 0.7012
vn -0.3225 0.0000 0.9466
vn -0.3732 0.0547 0.9261
vn -0.8533 -0.0445 0.5194
vn -0.8564 -0.0493 0.5139
vn -0.8252 -0.1256 0.5507
vn -0.0532 0.0009 0.9986
vn -0.0565 0.0074 0.9984
vn -0.8449 -0.0001 0.5349
vn -0.8070 0.1785 0.5630
vn -0.8414 -0.0079 0.5403
vn -0.7335 -0.0434 0.6783
vn -0.7311 -0.0540 0.6801
vn -0.8410 -0.0001 0.5410
vn -0.9196 -0.0720 0.3861
vn -0.8426 0.0001 0.5385
vn -0.7565 0.1277 0.6414
vn -0.8384 0.0000 0.5450
vn -0.7246 0.0249 0.6887
vn -0.8251 -0.1844 0.5341
vn -0.7797 -0.1675 0.6034
vn -0.8360 0.0000 0.5487
vn -0.7526 0.1348 0.6446
vn -0.8362 0.0000 0.5484
vn -0.7582 0.1433 0.6360
vn -0.8365 -0.0001 0.5480
vn -0.7646 0.1516 0.6264
vn -0.9877 0.0000 0.1565
vn -0.0532 -0.0009 0.9986
vn -0.8367 0.0002 0.5477
vn -0.7889 -0.1736 0.5895
vn 0.7071 0.5885 0.3921
vn 0.7071 0.5879 0.3929
vn 0.7071 0.5009 0.4991
vn 0.7071 0.5000 0.5000
vn 0.7071 0.2724 0.6525
vn 0.7071 0.3929 0.5879
vn 0.7071 0.2706 0.6533
vn 0.7071 0.2724 -0.6525
vn 0.7071 0.3942 -0.5870
vn 0.1626 -0.9618 -0.2201
vn 0.1993 -0.9618 -0.1876
vn 0.3580 -0.7980 -0.4847
vn 0.2657 -0.7980 -0.5409
vn 0.3749 -0.5265 -0.7631
vn 0.2326 -0.5264 -0.8178
vn 0.1207 -0.9618 -0.2456
vn 0.1649 -0.7980 -0.5796
vn 0.5840 -0.1838 -0.7907
vn 0.5051 -0.5264 -0.6839
vn 0.4335 -0.1838 -0.8822
vn 0.4334 -0.1837 -0.8823
vn 0.5052 -0.5264 -0.6839
vn 0.3749 -0.5264 -0.7631
vn 0.7071 -0.1351 -0.6941
vn 0.7071 -0.2677 -0.6545
vn 0.1689 0.9618 -0.2153
vn 0.2046 0.9618 -0.1817
vn 0.4506 0.7980 -0.4001
vn 0.3719 0.7980 -0.4742
vn 0.1278 0.9618 -0.2420
vn 0.2813 0.7980 -0.5330
vn 0.0825 0.9618 -0.2609
vn 0.0825 0.9618 -0.2610
vn 0.2813 0.7980 -0.5329
vn 0.1816 0.7980 -0.5746
vn 0.5248 0.5264 -0.6690
vn 0.5247 0.5264 -0.6690
vn 0.3969 0.5264 -0.7519
vn 0.2963 0.1838 -0.9373
vn 0.2562 0.5264 -0.8107
vn 0.4588 0.1837 -0.8693
vn 0.2563 0.5264 -0.8107
vn 0.0749 -0.9618 -0.2632
vn 0.1649 -0.7980 -0.5797
vn -0.5787 0.0000 0.8156
vn -0.4119 -0.0000 0.9112
vn -0.5904 0.0912 0.8019
vn -0.2484 0.1730 0.9531
vn -0.2780 0.2754 0.9202
vn -0.2780 0.2754 0.9203
vn -0.2901 0.3065 0.9066
vn -0.6093 0.1453 0.7795
vn -0.8379 -0.0000 0.5458
vn -0.6170 0.1617 0.7702
vn -0.3538 0.4271 0.8321
vn -0.6255 0.1774 0.7598
vn -0.3032 0.3363 0.8916
vn -0.6171 0.1617 0.7701
vn -0.8464 0.0000 0.5326
vn -0.3612 0.4381 0.8232
vn -0.5228 0.3416 0.7810
vn -0.8626 -0.1471 0.4841
vn -0.8760 -0.1620 0.4542
vn -0.7952 -0.2902 0.5324
vn -0.9064 -0.0000 0.4225
vn -0.5598 -0.7980 0.2232
vn -0.6484 -0.7160 0.2586
vn -0.5610 -0.7980 0.2201
vn -0.4476 -0.8762 0.1785
vn -0.2464 -0.1633 0.9553
vn -0.0075 -0.1044 0.9945
vn -0.2345 -0.0858 0.9683
vn -0.2300 -0.0000 0.9732
vn -0.5815 -0.0453 0.8123
vn -0.7187 -0.0000 0.6953
vn -0.5891 -0.0861 0.8034
vn -0.8375 0.0000 0.5465
vn -0.5945 -0.1055 0.7972
vn -0.6159 -0.1593 0.7716
vn -0.8460 0.0000 0.5332
vn -0.6249 -0.1764 0.7605
vn -0.6250 -0.1764 0.7605
vn -0.8490 0.0000 0.5284
vn -0.3024 -0.3344 0.8926
vn -0.2883 -0.3020 0.9087
vn -0.2548 -0.2000 0.9461
vn -0.2345 -0.0859 0.9683
vn -0.5415 -0.5341 0.6492
vn -0.7681 -0.2745 0.5784
vn -0.6944 -0.4403 0.5692
vn -0.5816 -0.5644 0.5858
vn -0.5416 -0.5340 0.6492
vn -0.5416 -0.5341 0.6492
vn -0.5582 -0.5863 0.5871
vn -0.4327 -0.6864 0.5845
vn -0.4327 -0.6864 0.5844
vn -0.2962 -0.7688 0.5667
vn -0.2481 -0.7274 0.6397
vn -0.2962 -0.7688 0.5668
vn -0.2534 -0.7898 0.5585
vn -0.2481 -0.7274 0.6398
vn -0.1280 -0.8396 0.5278
vn -0.5420 -0.8311 0.1244
vn -0.6897 -0.7066 0.1580
vn -0.5970 -0.7980 0.0822
vn -0.1875 0.9618 0.1993
vn -0.2201 0.9618 0.1626
vn -0.2456 0.9618 0.1207
vn -0.2632 0.9618 0.0749
vn -0.1055 0.9618 0.2525
vn -0.2324 0.7980 0.5560
vn -0.0588 0.9618 0.2673
vn -0.1294 0.7980 0.5886
vn -0.2426 0.9105 0.3350
vn -0.2542 0.9618 0.1014
vn -0.3260 0.9364 0.1300
vn -0.4200 0.8221 0.3844
vn -0.4959 0.8455 0.1978
vn -0.5598 0.7980 0.2232
vn -0.8615 0.3738 0.3436
vn -0.7993 0.3186 0.5096
vn -0.7909 0.3323 0.5138
vn -0.3446 0.7517 0.5623
vn -0.5189 0.6366 0.5705
vn -0.4436 0.6846 0.5784
vn -0.5665 0.5969 0.5681
vn -0.2572 0.7946 0.5499
vn -0.5833 0.6963 0.4182
vn -0.5597 0.7980 0.2232
vn -0.9059 0.3823 0.1822
vn -0.8152 0.5554 0.1640
vn -0.8419 0.5264 0.1190
vn -0.7461 -0.2596 0.6132
vn -0.8275 -0.1320 0.5457
vn -0.7681 -0.2746 0.5784
vn -0.8492 -0.0000 0.5281
vn -0.7915 -0.5264 0.3105
vn -0.6484 -0.7161 0.2586
vn -0.7897 -0.5265 0.3150
vn -0.8418 0.5264 0.1190
vn -0.9733 0.1838 0.1376
vn 0.0829 -0.5264 -0.8462
vn 0.0958 -0.1838 -0.9783
vn 0.2690 -0.1837 -0.9455
vn -0.0145 0.9618 -0.2733
vn 0.0346 0.9618 -0.2715
vn 0.0761 0.7980 -0.5978
vn -0.0319 0.7980 -0.6018
vn 0.1074 0.5264 -0.8434
vn -0.0450 0.5264 -0.8490
vn -0.0450 0.5265 -0.8490
vn 0.1241 0.1837 -0.9751
vn -0.0520 0.1837 -0.9816
vn 0.0345 0.9618 -0.2715
vn 0.1074 0.5265 -0.8434
vn 0.2962 0.1837 -0.9373
vn 0.2963 0.1837 -0.9373
vn -0.3629 -0.5264 -0.7689
vn -0.4195 -0.1838 -0.8890
vn -0.2197 -0.5264 -0.8213
vn -0.4195 -0.1837 -0.8890
vn -0.2540 -0.1837 -0.9496
vn -0.0695 -0.5264 -0.8474
vn -0.0493 -0.7980 -0.6006
vn -0.1558 -0.7980 -0.5822
vn -0.2272 -0.9618 -0.1525
vn -0.1963 -0.9618 -0.1907
vn -0.1168 -0.9618 -0.2475
vn -0.0707 -0.9618 -0.2644
vn -0.0707 -0.9618 -0.2643
vn -0.0224 -0.9618 -0.2728
vn -0.2733 -0.9618 -0.0144
vn -0.6018 -0.7980 -0.0318
vn -0.2663 -0.9618 -0.0630
vn -0.4323 -0.7980 -0.4199
vn -0.1591 -0.9618 -0.2227
vn -0.1591 -0.9618 -0.2226
vn -0.3504 -0.7980 -0.4903
vn -0.2572 -0.7980 -0.5450
vn -0.1557 -0.7980 -0.5822
vn -0.8423 -0.5264 0.1160
vn -0.9738 -0.1838 0.1341
vn -0.8501 -0.5264 0.0155
vn -0.9738 -0.1837 0.1341
vn -0.9828 -0.1837 0.0180
vn -0.8423 -0.5264 0.1159
vn -0.6025 -0.7980 0.0110
vn -0.9828 -0.1838 0.0179
vn -1.0000 0.0000 -0.0000
vn -0.9780 -0.1838 -0.0984
vn -0.2644 0.9618 -0.0707
vn -0.2475 0.9618 -0.1168
vn -0.1096 0.9618 -0.2508
vn -0.0630 0.9618 -0.2663
vn -0.4199 0.7980 -0.4322
vn -0.1907 0.9618 -0.1963
vn -0.3360 0.7980 -0.5002
vn -0.4741 0.5264 -0.7058
vn -0.3360 0.7980 -0.5003
vn -0.3404 0.5264 -0.7791
vn -0.2413 0.7980 -0.5522
vn -0.1526 0.9618 -0.2272
vn -0.1959 0.5264 -0.8274
vn -0.1388 0.7980 -0.5864
vn -0.1958 0.5264 -0.8274
vn -0.2543 0.8681 -0.4263
vn -0.4369 0.7819 -0.4447
vn -0.3031 0.9162 -0.2623
vn -0.5342 0.5152 -0.6702
vn -0.3540 0.6097 -0.7092
vn -0.5048 0.4086 -0.7604
vn -0.5048 0.4086 -0.7605
vn -0.3540 0.6097 -0.7091
vn -0.3195 0.4835 -0.8149
vn -0.3195 0.4836 -0.8149
vn -0.4819 0.2828 -0.8294
vn -0.4818 0.2828 -0.8294
vn -0.2926 0.3347 -0.8957
vn -0.4819 0.2828 -0.8293
vn -0.4673 0.1427 -0.8725
vn -0.2756 0.1689 -0.9463
vn -0.2543 -0.8681 -0.4263
vn -0.3031 -0.9161 -0.2623
vn -0.4369 -0.7819 -0.4447
vn -0.4819 -0.2828 -0.8293
vn -0.4673 -0.1427 -0.8725
vn -0.2926 -0.3347 -0.8957
vn -0.2927 -0.3347 -0.8957
vn -0.4674 -0.1427 -0.8725
vn -0.2756 -0.1689 -0.9463
vn -0.3540 -0.6097 -0.7092
vn -0.5342 -0.5152 -0.6702
vn -0.5048 -0.4086 -0.7604
vn -0.3195 -0.4835 -0.8149
vn -0.3541 -0.6097 -0.7092
vn -0.9827 0.1837 0.0215
vn -0.9998 -0.0000 0.0219
vn -0.9939 0.0000 0.1099
vn -0.9733 0.1837 0.1376
vn -0.9827 0.1838 0.0215
vn -0.8500 0.5264 0.0186
vn -0.5967 0.7980 0.0844
vn -0.5967 0.7980 0.0843
vn -0.6025 0.7980 0.0132
vn -0.2736 0.9618 0.0060
vn -0.5998 0.7980 -0.0582
vn -0.9784 0.1838 -0.0949
vn -0.9784 0.1837 -0.0949
vn -0.8463 0.5264 -0.0821
vn 0.0367 0.0981 -0.9945
vn 0.0295 0.0633 -0.9976
vn -0.0263 -0.0533 -0.9982
vn 0.1351 -0.0620 -0.9889
vn -0.1421 0.0125 -0.9898
vn -0.0428 -0.0615 -0.9972
vn -0.0466 0.0914 -0.9947
vn -0.6008 0.7965 -0.0681
vn -0.5997 0.7981 -0.0582
vn -0.8440 0.5285 -0.0909
vn -0.8501 0.5263 0.0186
vn 0.1932 -0.0848 -0.9775
vn 0.2002 0.0553 -0.9782
vn 0.0079 -0.0054 -1.0000
vn -0.2575 0.0832 -0.9627
vn -0.1699 -0.0978 -0.9806
vn 0.5109 -0.2761 -0.8141
vn 0.4871 -0.4307 -0.7597
vn 0.2325 -0.5268 -0.8176
vn 0.2676 -0.1848 -0.9457
vn -0.1639 -0.0486 -0.9853
vn -0.0891 -0.0000 -0.9960
vn 0.0205 0.0563 -0.9982
vn -0.2255 0.0655 -0.9720
vn -0.1874 -0.0793 -0.9791
vn 0.5054 -0.5256 -0.6843
vn 0.3598 -0.7971 -0.4850
vn 0.2653 -0.7987 -0.5402
vn 0.3733 -0.5277 -0.7630
vn 0.0846 0.0981 -0.9916
vn 0.2136 0.0997 -0.9718
vn 0.1260 0.1874 -0.9742
vn 0.1059 0.0001 -0.9944
vn 0.0338 0.0547 -0.9979
vn 0.0585 0.0203 -0.9981
vn 0.3065 0.1006 -0.9465
vn 0.2639 0.0003 -0.9645
vn 0.1268 0.0001 -0.9919
vn 0.2213 0.0445 -0.9742
vn 0.1956 0.0002 -0.9807
vn 0.1186 0.0464 -0.9919
vn 0.9107 -0.0164 -0.4128
vn 0.9006 -0.1467 -0.4091
vn 0.8515 -0.0214 -0.5240
vn -0.4066 0.0058 -0.9136
vn -0.3931 0.1834 -0.9010
vn -0.4316 0.0941 -0.8972
vn -0.5757 -0.5090 0.6399
vn -0.6325 -0.4505 0.6301
vn -0.6353 -0.5209 0.5701
vn 0.1304 0.0656 -0.9893
vn 0.1685 -0.0794 -0.9825
vn 0.1857 -0.0050 -0.9826
vn 0.2574 -0.1072 -0.9603
vn 0.3602 -0.1731 -0.9167
vn 0.0970 0.0939 -0.9908
vn 0.6009 0.7076 -0.3718
vn 0.6624 0.6097 -0.4352
vn 0.5242 0.5278 -0.6683
vn 0.3417 0.6997 -0.6274
vn 0.4306 0.7087 -0.5588
vn 0.4678 0.6108 -0.6388
vn 0.2560 0.5278 -0.8099
vn 0.1009 0.7010 -0.7060
vn -0.9864 -0.0071 0.1641
vn -0.9992 -0.0128 0.0388
vn -0.9751 -0.1369 0.1744
vn -0.2270 0.0322 -0.9734
vn -0.3411 -0.1293 -0.9311
vn -0.1583 -0.0622 -0.9854
vn -0.4285 -0.4805 -0.7651
vn -0.4441 -0.2696 -0.8544
vn -0.3008 -0.2245 -0.9269
vn -0.2956 -0.5575 -0.7757
vn 0.3722 0.8967 -0.2394
vn 0.4137 0.8604 -0.2975
vn 0.2805 0.7992 -0.5316
vn 0.1132 0.8977 -0.4258
vn 0.4707 0.1020 -0.8764
vn 0.3856 0.0124 -0.9226
vn 0.4795 -0.0673 -0.8750
vn 0.1950 -0.0183 -0.9806
vn 0.1934 -0.0486 -0.9799
vn 0.2672 -0.0516 -0.9623
vn -0.9578 -0.0971 0.2704
vn -0.9576 -0.0959 0.2717
vn -0.9572 -0.0987 0.2722
vn -0.9571 -0.0981 0.2726
vn -0.4372 0.1494 -0.8868
vn -0.3327 0.0810 -0.9395
vn -0.3810 0.9225 -0.0628
vn -0.4320 0.8966 -0.0975
vn -0.3455 0.8784 -0.3301
vn -0.4461 0.8875 -0.1150
vn 0.3540 -0.0012 -0.9353
vn 0.2877 -0.0583 -0.9559
vn 0.4292 -0.0004 -0.9032
vn 0.3592 -0.0053 -0.9332
vn 0.2741 -0.0001 -0.9617
vn 0.1604 -0.0866 -0.9832
vn 0.5186 0.0118 -0.8550
vn 0.3760 -0.0145 -0.9265
vn -0.3315 -0.4303 -0.8396
vn -0.3421 -0.2756 -0.8983
vn 0.0190 -0.2745 -0.9614
vn -0.2562 -0.1846 -0.9488
vn -0.4074 -0.6532 0.6382
vn -0.4812 -0.5959 0.6429
vn -0.4782 -0.6604 0.5790
vn 0.0693 -0.9142 0.3993
vn -0.1000 -0.9614 0.2563
vn 0.0646 -0.8911 0.4492
vn 0.0485 -0.8677 0.4947
vn -0.1387 0.7986 -0.5857
vn -0.0644 0.9620 -0.2654
vn 0.1227 0.8972 -0.4242
vn 0.1161 0.8609 -0.4953
vn -0.0100 0.9617 0.2740
vn -0.0236 0.7979 0.6023
vn 0.2064 0.8597 0.4672
vn 0.2069 0.8952 0.3947
vn -0.2769 -0.7911 -0.5455
vn -0.3801 -0.6602 -0.6478
vn -0.5495 -0.6219 -0.5579
vn 0.5476 -0.6442 -0.5340
vn 0.3813 -0.6863 -0.6193
vn 0.5356 -0.7606 -0.3669
vn 0.6241 -0.5854 -0.5175
vn -0.4884 -0.5592 -0.6699
vn -0.4992 -0.4529 -0.7387
vn -0.2268 -0.6346 -0.7388
vn 0.0540 0.9708 0.2338
vn 0.1095 0.9900 0.0888
vn 0.0397 0.9944 0.0982
vn -0.4138 -0.3437 -0.8430
vn -0.4243 -0.1215 -0.8974
vn -0.5408 -0.1790 -0.8219
vn -0.4622 0.1522 -0.8736
vn -0.2924 0.1858 -0.9381
vn -0.3671 0.0789 -0.9268
vn -0.3660 -0.0253 -0.9303
vn -0.1359 0.9904 -0.0235
vn -0.0268 0.9977 0.0627
vn -0.2722 0.9620 -0.0222
vn -0.1049 -0.8967 -0.4300
vn -0.0924 -0.8607 -0.5006
vn 0.2680 -0.8602 -0.4338
vn 0.2124 -0.8978 -0.3858
vn -0.9267 -0.3364 0.1676
vn -0.9266 -0.3381 0.1646
vn -0.9788 -0.1585 0.1295
vn -0.8558 -0.5032 0.1203
vn -0.4981 0.4538 -0.7389
vn -0.4868 0.5603 -0.6701
vn -0.2167 0.6341 -0.7423
vn -0.5036 0.5548 -0.6622
vn -0.4014 0.7303 -0.5527
vn -0.5514 0.5785 -0.6011
vn 0.4793 0.1216 -0.8692
vn 0.5312 0.2231 -0.8174
vn 0.4169 0.2611 -0.8706
vn -0.8496 0.0952 0.5188
vn -0.8498 0.0949 0.5185
vn -0.8573 0.0944 0.5060
vn -0.6712 0.0000 -0.7413
vn -0.6433 0.0973 -0.7594
vn -0.6428 -0.0971 -0.7598
vn -0.7611 -0.0211 -0.6483
vn 0.7071 -0.7071 0.0000
vn -0.5642 -0.0374 -0.8248
vn -0.5496 0.0641 -0.8329
vn -0.4597 0.0693 -0.8854
vn -0.5940 0.1807 -0.7839
vn -0.5176 0.2841 -0.8071
vn -0.5959 0.0518 -0.8014
vn 0.5116 -0.1754 -0.8411
vn 0.5774 -0.3398 -0.7424
vn 0.6740 -0.1395 -0.7254
vn -0.3617 -0.8969 -0.2546
vn -0.3989 -0.8609 -0.3159
vn -0.2571 -0.7982 -0.5448
vn -0.0942 -0.8981 -0.4296
vn 0.0587 -0.7982 -0.5995
vn 0.0815 -0.5272 -0.8458
vn 0.3230 -0.6090 -0.7244
vn 0.3043 -0.7002 -0.6459
vn -0.1272 -0.9905 0.0532
vn -0.0399 -0.9976 -0.0561
vn -0.2611 -0.9618 0.0826
vn -0.0477 -0.9904 -0.1300
vn 0.2298 -0.9617 -0.1492
vn 0.0008 -1.0000 0.0004
vn 0.0123 -0.9827 -0.1849
vn 0.0318 -0.9791 -0.2009
vn -0.0821 -0.9904 0.1112
vn -0.0633 -0.9976 -0.0269
vn -0.2137 -0.9369 -0.2765
vn -0.3424 -0.8510 -0.3982
vn -0.5095 -0.8046 -0.3050
vn -0.3581 -0.8815 -0.3078
vn -0.4678 -0.7725 -0.4295
vn -0.2583 -0.9238 -0.2825
vn -0.4639 -0.7769 -0.4257
vn -0.4764 -0.7045 -0.5261
vn -0.2297 -0.7277 -0.6463
vn -0.4078 0.7528 -0.5167
vn -0.3349 0.8329 -0.4406
vn -0.3075 0.7357 -0.6034
vn -0.4417 -0.6273 -0.6414
vn -0.4233 -0.5331 -0.7326
vn -0.3659 -0.7226 -0.5865
vn -0.4551 -0.5952 -0.6623
vn -0.4583 -0.4924 -0.7399
vn -0.3375 -0.6355 -0.6945
vn -0.5649 0.0373 -0.8243
vn -0.5481 0.0384 -0.8355
vn -0.5299 -0.1938 -0.8256
vn -0.4162 -0.2565 -0.8723
vn -0.5942 -0.1809 -0.7837
vn -0.4141 -0.1579 -0.8965
vn 0.0051 0.9903 -0.1387
vn -0.0662 0.9976 -0.0196
vn 0.1437 0.9807 -0.1322
vn 0.1118 0.9904 0.0810
vn 0.1262 0.9904 0.0561
vn 0.1232 0.9903 -0.0640
vn 0.1245 0.9904 0.0598
vn 0.1294 0.9904 0.0484
vn 0.1381 0.9904 -0.0002
vn -0.0011 0.9904 -0.1383
vn 0.1375 0.9904 -0.0126
vn 0.1227 0.9904 -0.0638
vn -0.0228 0.9903 -0.1369
vn 0.1358 0.9904 -0.0248
vn 0.1152 0.9903 -0.0774
vn -0.0437 0.9904 -0.1310
vn 0.1331 0.9904 -0.0369
vn 0.1053 0.9904 -0.0894
vn -0.0638 0.9904 -0.1227
vn 0.1292 0.9904 -0.0487
vn 0.0948 0.9904 -0.1007
vn -0.0823 0.9904 -0.1113
vn 0.1039 0.9904 -0.0910
vn -0.0428 0.9904 -0.1313
vn 0.0227 0.9904 0.1364
vn -0.0656 0.9904 -0.1215
vn -0.0762 0.9904 -0.1152
vn -0.0862 0.9904 -0.1079
vn -0.0760 0.9903 -0.1161
vn 0.0691 0.9976 -0.0005
vn 0.1695 0.9790 0.1135
vn 0.1625 0.9826 0.0895
vn 0.0317 0.9905 0.1341
vn -0.7356 -0.0680 0.6740
vn -0.8424 -0.0009 0.5389
vn -0.6077 -0.1017 0.7876
vn -0.5997 -0.1049 0.7933
vn -0.4767 0.7049 -0.5253
vn -0.4635 0.7775 -0.4251
vn -0.1983 0.8635 -0.4638
vn -0.4676 0.7731 -0.4285
vn -0.3649 0.8777 -0.3106
vn -0.5210 0.7744 -0.3591
vn -0.4680 0.7823 -0.4110
vn -0.3536 0.9008 -0.2521
vn -0.4975 0.8075 -0.3170
vn -0.4583 0.4924 -0.7399
vn -0.4551 0.5952 -0.6623
vn -0.3375 0.6355 -0.6945
vn -0.4417 0.6273 -0.6414
vn -0.3659 0.7226 -0.5865
vn -0.4232 0.5331 -0.7326
vn -0.2231 0.9617 -0.1594
vn -0.1045 0.9905 -0.0899
vn -0.0224 0.9792 -0.2019
vn -0.1854 -0.9826 -0.0043
vn -0.2024 -0.9790 -0.0230
vn -0.1590 -0.9619 -0.2226
vn -0.2077 -0.9626 -0.1738
vn 0.5263 0.4278 -0.7348
vn 0.5666 0.5623 -0.6023
vn 0.4545 0.4918 -0.7427
vn 0.6134 0.5401 -0.5763
vn 0.6310 0.4962 -0.5964
vn 0.4401 0.4763 -0.7612
vn 0.0296 -0.9182 0.3951
vn 0.0114 -0.8872 0.4613
vn -0.1599 -0.9079 0.3875
vn 0.5883 0.2739 -0.7608
vn 0.5977 0.2252 -0.7694
vn 0.6348 0.1817 -0.7510
vn -0.4353 0.6920 0.5759
vn -0.4240 0.6989 0.5760
vn -0.4429 0.8157 0.3720
vn -0.5827 0.6966 0.4185
vn 0.7024 0.4521 0.5498
vn 0.7372 0.4654 0.4899
vn 0.6689 0.5249 0.5264
vn 0.7318 0.3777 0.5672
vn -0.5477 0.3235 -0.7716
vn -0.4766 0.4324 -0.7654
vn -0.5431 0.2020 -0.8150
vn -0.9862 0.0416 -0.1603
vn -0.9862 0.0413 -0.1602
vn -0.9862 0.0412 -0.1604
vn -0.7316 0.5029 0.4603
vn -0.8635 0.3484 0.3647
vn -0.8789 0.2529 0.4045
vn -0.8354 0.2404 0.4943
vn -0.7618 0.2468 0.5990
vn -0.9069 0.2306 0.3527
vn 0.7420 -0.2337 -0.6284
vn 0.7057 -0.2027 -0.6788
vn 0.7475 -0.1588 -0.6450
vn -0.5883 0.8043 -0.0842
vn -0.4406 0.8951 0.0687
vn -0.5100 0.8594 0.0356
vn -0.3657 0.8977 -0.2455
vn 0.6406 -0.5078 -0.5760
vn 0.6702 -0.3213 -0.6691
vn 0.4054 -0.5954 -0.6936
vn -0.0416 0.9904 0.1316
vn 0.0594 0.9976 0.0351
vn 0.0875 0.9789 0.1845
vn 0.0933 0.9827 0.1600
vn -0.1366 -0.9904 -0.0196
vn -0.0063 -0.9976 -0.0686
vn -0.0987 -0.9885 0.1145
vn -0.1820 -0.9826 -0.0372
vn -0.1948 -0.9791 -0.0590
vn 0.0431 -0.9789 -0.1997
vn -0.0701 -0.9904 -0.1195
vn 0.1398 -0.8977 -0.4178
vn -0.0224 -0.9619 -0.2724
vn -0.0507 -0.7984 -0.6000
vn 0.0587 -0.7978 -0.6000
vn -0.0365 -0.9904 -0.1334
vn 0.1133 -0.9903 -0.0804
vn -0.1218 -0.9903 -0.0668
vn -0.0243 -0.9904 -0.1361
vn -0.1315 -0.9903 0.0449
vn -0.1094 -0.9904 -0.0847
vn -0.0120 -0.9904 -0.1378
vn -0.1351 -0.9904 0.0297
vn -0.0947 -0.9904 -0.1007
vn 0.1316 -0.9904 -0.0424
vn 0.1349 -0.9904 -0.0304
vn 0.1371 -0.9904 -0.0182
vn 0.1382 -0.9904 -0.0059
vn 0.1347 -0.9904 0.0311
vn 0.1314 -0.9904 0.0431
vn 0.1270 -0.9904 0.0547
vn 0.1216 -0.9904 0.0658
vn 0.1079 -0.9904 0.0865
vn -0.0258 -0.9904 0.1360
vn 0.0810 -0.9904 0.1121
vn 0.1377 -0.9904 -0.0144
vn -0.0847 -0.9904 0.1094
vn -0.1072 -0.9904 -0.0868
vn -0.2272 -0.9618 -0.1526
vn -0.4554 -0.8248 -0.3352
vn -0.4334 -0.7978 -0.4190
vn -0.1955 -0.9617 -0.1920
vn -0.4354 -0.8605 -0.2644
vn -0.4487 -0.8041 -0.3900
vn -0.1963 -0.8499 -0.4891
vn -0.7728 -0.6112 -0.1711
vn -0.8410 -0.5334 -0.0907
vn -0.7775 -0.6020 -0.1819
vn -0.9066 -0.4126 0.0884
vn -0.9504 -0.2993 0.0847
vn -0.8725 -0.4632 -0.1559
vn -0.5139 0.4279 -0.7435
vn -0.4478 0.5334 -0.7176
vn -0.4170 0.3851 -0.8233
vn -0.5136 0.4281 -0.7436
vn -0.5480 -0.3236 -0.7714
vn -0.5116 -0.1290 -0.8495
vn -0.3624 -0.3894 -0.8468
vn 0.6357 -0.2406 0.7335
vn 0.6504 -0.2740 0.7084
vn 0.7444 -0.2581 0.6159
vn 0.7587 -0.1457 0.6350
vn 0.0389 0.9618 0.2709
vn 0.0073 0.9905 0.1375
vn 0.0678 0.9976 0.0114
vn -0.1220 0.9790 0.1635
vn -0.0971 0.9825 0.1592
vn -0.0002 1.0000 0.0000
vn -0.2726 0.9618 0.0259
vn -0.0870 0.9904 -0.1073
vn -0.2198 0.9731 -0.0694
vn -0.0623 0.9976 0.0297
vn -0.1906 0.9619 -0.1961
vn -0.4245 0.8844 -0.1940
vn -0.3502 0.9254 -0.1447
vn -0.4306 0.8827 -0.1883
vn -0.1141 0.9494 0.2927
vn -0.1619 0.9337 0.3193
vn -0.3291 0.9297 0.1651
vn -0.2491 0.9139 0.3204
vn 0.7046 -0.4473 -0.5508
vn 0.6372 -0.5144 -0.5739
vn 0.7055 -0.6230 -0.3378
vn 0.7529 -0.5780 -0.3147
vn 0.7067 -0.6519 -0.2749
vn 0.6722 -0.6239 -0.3986
vn 0.7048 0.3360 -0.6248
vn 0.6610 0.3235 -0.6771
vn 0.6711 0.3965 -0.6265
vn 0.9976 0.0178 -0.0671
vn 0.9976 0.0687 -0.0102
vn 0.9975 -0.0052 0.0710
vn 0.9961 -0.0532 0.0708
vn 0.9975 -0.0656 0.0246
vn 0.9976 -0.0688 -0.0077
vn 0.9976 -0.0502 -0.0477
vn 0.9976 -0.0331 0.0608
vn 0.9976 -0.0406 -0.0562
vn -0.9984 0.0513 -0.0218
vn -0.9946 0.0925 -0.0481
vn -0.9978 0.0437 -0.0505
vn 0.7074 0.5882 -0.3919
vn 0.7055 0.6254 -0.3334
vn 0.6728 0.6765 -0.2996
vn 0.5949 -0.5763 -0.5603
vn 0.7272 -0.4484 -0.5197
vn 0.6477 -0.4524 -0.6130
vn 0.0515 0.9977 0.0450
vn -0.1055 0.9618 0.2524
vn -0.0645 0.9904 0.1222
vn -0.0000 1.0000 0.0001
vn 0.2952 -0.9269 -0.2316
vn 0.2395 -0.9648 -0.1087
vn 0.3799 -0.9171 -0.1204
vn -0.0556 0.9976 -0.0405
vn 0.0824 0.9618 -0.2609
vn 0.0533 0.9904 -0.1274
vn -0.2898 -0.9529 -0.0898
vn -0.4608 -0.8822 -0.0967
vn -0.3270 -0.8911 -0.3145
vn -0.7055 -0.7010 0.1044
vn -0.7722 -0.6276 0.0992
vn -0.7871 -0.5930 -0.1698
vn -0.9092 0.3276 0.2570
vn -0.8885 0.3814 0.2554
vn -0.8500 0.5265 0.0186
vn -0.9823 0.1867 0.0127
vn -0.9688 -0.1022 0.2256
vn -0.9945 -0.0924 -0.0499
vn -0.9831 -0.0955 -0.1561
vn -0.0577 -0.9977 -0.0368
vn -0.2150 -0.9619 0.1687
vn -0.1009 -0.9904 0.0949
vn 0.2192 0.9358 -0.2760
vn 0.1939 0.9705 -0.1433
vn 0.2136 0.9368 -0.2772
vn -0.3754 0.9067 -0.1925
vn -0.2898 0.9529 -0.0898
vn -0.2414 0.9458 -0.2172
vn 0.0000 -1.0000 -0.0004
vn -0.0232 -0.9617 -0.2730
vn 0.0267 -0.9620 -0.2719
vn 0.0009 -1.0000 0.0005
vn -0.9532 0.2911 0.0814
vn -0.9101 0.4042 0.0911
vn -0.9276 0.3610 -0.0959
vn -0.9653 0.2549 -0.0573
vn 0.7061 -0.0667 -0.7049
vn 0.7083 -0.1351 -0.6929
vn 0.6382 -0.3927 -0.6622
vn 0.6326 -0.3605 -0.6855
vn 0.7060 -0.2682 -0.6555
vn 0.7405 -0.3537 -0.5714
vn -0.9877 -0.0003 0.1566
vn -0.9961 -0.0039 0.0878
vn -0.9957 -0.0184 0.0905
vn -0.9950 0.0791 0.0612
vn -0.9992 0.0398 0.0042
vn -0.9989 -0.0079 -0.0455
vn -0.9915 0.1283 -0.0218
vn 0.7069 0.5887 -0.3922
vn 0.7521 0.5094 -0.4181
vn 0.6537 0.5868 -0.4779
vn 0.7046 0.5493 -0.4493
vn 0.1156 -0.9906 -0.0736
vn 0.0301 -0.9829 -0.1815
vn 0.0494 -0.9792 -0.1966
vn 0.7073 -0.6514 -0.2746
vn 0.7417 -0.6526 -0.1550
vn 0.7064 -0.6760 -0.2099
vn 0.6557 -0.7208 -0.2247
vn -0.0002 -1.0000 0.0005
vn -0.0503 -0.9617 0.2694
vn 0.1005 -0.9884 0.1134
vn -0.0378 -0.9904 0.1329
vn -0.3741 -0.9189 -0.1248
vn -0.4785 -0.8557 -0.1968
vn -0.4996 -0.8571 -0.1257
vn -0.8079 -0.0766 0.5843
vn -0.8528 -0.1122 0.5101
vn -0.8501 -0.1189 0.5131
vn -0.7768 -0.2691 0.5694
vn -0.5381 -0.8168 -0.2082
vn -0.3601 -0.9224 0.1397
vn -0.5809 -0.8108 0.0714
vn -0.2984 -0.9512 0.0792
vn -0.4287 -0.8873 0.1700
vn -0.3556 -0.9167 -0.1823
vn -0.0913 -0.9828 0.1604
vn -0.0290 -0.9977 -0.0620
vn -0.2713 -0.9619 0.0346
vn -0.1345 -0.9905 0.0296
vn -0.2673 0.9618 -0.0584
vn -0.5854 0.7990 -0.1376
vn -0.4927 0.8636 0.1072
vn -0.2686 0.9578 -0.1021
vn -0.2744 -0.9613 0.0229
vn -0.4758 -0.8635 0.1673
vn -0.5287 -0.8367 0.1427
vn -0.9957 -0.0921 0.0092
vn -0.9804 -0.0864 0.1772
vn -0.9657 -0.2486 0.0750
vn -0.9874 -0.1368 -0.0798
vn -0.9915 -0.0641 0.1129
vn -0.9967 -0.0406 0.0698
vn -0.9929 -0.1168 -0.0201
vn -0.9923 -0.0348 0.1188
vn -0.9974 -0.0193 0.0698
vn 0.0838 0.9963 -0.0180
vn 0.2149 0.9639 -0.1573
vn 0.1409 0.9853 -0.0968
vn 0.7061 -0.7042 -0.0743
vn -0.7779 0.6210 0.0961
vn -0.7120 0.6940 0.1065
vn -0.7347 0.6736 -0.0807
vn -0.3017 0.9533 -0.0124
vn -0.3074 0.9516 0.0028
vn -0.4661 0.8817 -0.0733
vn -0.4837 0.8694 0.1008
vn -0.4224 0.9000 0.1071
vn -0.4390 0.8951 -0.0784
vn -0.4363 0.8997 -0.0145
vn -0.4597 0.8874 -0.0351
vn -0.4757 0.8573 -0.1968
vn -0.1296 0.9904 -0.0474
vn -0.0925 0.9790 -0.1816
vn -0.6979 -0.6997 0.1528
vn -0.7621 -0.6292 0.1527
vn -0.8459 -0.5264 -0.0851
vn -0.6044 -0.7964 0.0208
vn -0.1230 -0.8046 0.5809
vn -0.1988 -0.8158 0.5431
vn -0.9906 0.0474 0.1281
vn -0.9855 0.0416 0.1648
vn -0.9959 0.0838 -0.0345
vn -0.9957 0.0646 0.0658
vn -0.4245 -0.8973 -0.1214
vn -0.5650 -0.8238 0.0472
vn -0.6021 -0.7978 -0.0304
vn 0.6354 -0.3767 0.6740
vn 0.6486 -0.4047 0.6446
vn 0.7075 -0.3309 0.6244
vn 0.7597 -0.2684 0.5923
vn -0.4652 -0.3142 0.8276
vn -0.2787 -0.3400 0.8982
vn -0.6000 -0.1769 0.7802
vn -0.5152 -0.6193 0.5925
vn -0.5759 -0.5671 0.5888
vn -0.5521 -0.6007 0.5781
vn -0.8703 -0.4672 0.1557
vn -0.8653 -0.4734 0.1649
vn -0.9366 -0.3486 0.0359
vn 0.1854 -0.6996 -0.6901
vn -0.0493 -0.7982 -0.6004
vn -0.0709 -0.5271 -0.8469
vn 0.0829 -0.5262 -0.8463
vn -0.9733 0.0163 0.2290
vn -0.9947 -0.0224 0.1003
vn -0.9859 -0.0106 0.1670
vn -0.9793 -0.0966 0.1780
vn -0.9786 -0.0986 0.1808
vn -0.9990 0.0232 0.0371
vn -0.6325 0.5284 0.5663
vn -0.5715 0.5917 0.5686
vn -0.6739 0.4658 0.5735
vn -0.6846 0.4638 0.5623
vn -0.4032 -0.6163 0.6764
vn -0.4020 -0.6147 0.6787
vn -0.5558 -0.5260 0.6438
vn -0.2736 -0.7292 0.6273
vn -0.7987 -0.0157 0.6015
vn -0.7411 -0.0216 0.6711
vn -0.6786 -0.0023 0.7345
vn -0.7256 0.0724 0.6843
vn -0.4455 0.8950 -0.0215
vn -0.3345 0.9274 -0.1675
vn -0.5802 0.8109 0.0765
vn -0.2745 -0.7290 0.6271
vn -0.3630 -0.6830 0.6339
vn -0.3465 -0.7460 0.5688
vn -0.0610 -0.9904 0.1242
vn -0.0670 -0.9976 -0.0152
vn -0.1424 -0.9617 0.2341
vn -0.4675 0.2912 -0.8346
vn -0.2777 0.3288 -0.9026
vn -0.3642 0.2311 -0.9022
vn -0.4781 0.1657 -0.8626
vn -0.8631 -0.2771 0.4223
vn -0.9400 -0.1484 0.3073
vn -0.8089 -0.4448 0.3845
vn -0.7732 -0.4087 0.4849
vn -0.9430 0.2913 0.1607
vn 0.6197 -0.5252 -0.5832
vn 0.4409 -0.7968 -0.4132
vn 0.3146 -0.7091 -0.6311
vn 0.3739 -0.6116 -0.6973
vn -0.3971 -0.8926 0.2137
vn -0.4385 -0.8718 0.2182
vn -0.6026 -0.7980 0.0110
vn -0.4772 -0.8749 -0.0828
vn -0.6289 0.7700 0.1077
vn -0.6221 0.7751 0.1109
vn -0.5227 0.8522 -0.0227
vn -0.2850 0.9578 -0.0362
vn -0.2735 0.9619 0.0060
vn -0.6013 0.7990 0.0038
vn -0.3772 0.9013 0.2131
vn -0.9808 -0.0617 0.1849
vn -0.9787 -0.0537 0.1982
vn -0.9877 0.0000 0.1563
vn -0.9770 -0.0419 0.2093
vn -0.9804 0.0603 0.1877
vn -0.9694 -0.0047 0.2453
vn -0.9816 0.0316 0.1882
vn -0.9907 0.0551 0.1246
vn -0.6966 0.6206 0.3599
vn -0.6508 0.6937 0.3086
vn -0.7302 0.6679 0.1443
vn -0.7344 0.6332 0.2444
vn -0.0499 -0.9976 -0.0474
vn -0.2424 -0.9617 0.1281
vn -0.1161 -0.9904 0.0754
vn 0.0001 1.0000 -0.0001
vn -0.1880 0.9619 0.1986
vn 0.0167 0.9789 0.2035
vn -0.1994 0.9627 0.1829
vn 0.4386 -0.7982 -0.4128
vn 0.2003 -0.9618 -0.1864
vn 0.1628 -0.9617 -0.2204
vn 0.3569 -0.7980 -0.4856
vn -0.2264 0.1843 -0.9564
vn -0.1972 0.5264 -0.8270
vn 0.0560 0.4293 -0.9014
vn 0.0473 0.2746 -0.9604
vn -0.9769 0.0547 0.2067
vn -0.9782 0.0615 0.1982
vn -0.9287 0.0036 0.3707
vn -0.9133 0.1859 0.3624
vn -0.9452 0.0939 0.3127
vn -0.9869 -0.0396 0.1564
vn -0.9417 0.0275 0.3352
vn -0.9689 -0.0087 0.2474
vn -0.9807 -0.0129 0.1950
vn -0.9812 -0.0069 0.1930
vn -0.9808 -0.0077 0.1951
vn -0.0560 0.9790 0.1962
vn -0.0350 0.9826 0.1826
vn -0.0001 1.0000 0.0001
vn -0.2460 0.9618 0.1200
vn 0.6431 -0.7425 0.1872
vn 0.7149 -0.6851 0.1398
vn 0.7087 -0.6739 0.2090
vn 0.6363 -0.7385 0.2231
vn -0.2896 0.9460 0.1458
vn -0.4328 0.9008 0.0352
vn -0.4555 0.8778 -0.1485
vn -0.9886 0.0597 0.1380
vn -0.9629 -0.0090 0.2696
vn -0.9781 0.0289 0.2060
vn -0.8993 -0.4128 0.1444
vn -0.9418 -0.3032 0.1450
vn -0.9780 -0.1837 -0.0984
vn -0.8466 -0.5239 -0.0941
vn -0.9210 -0.2885 0.2617
vn -0.9202 -0.2916 0.2611
vn -0.9209 -0.2904 0.2601
vn -0.9206 -0.2892 0.2623
vn -0.8363 0.0004 0.5483
vn -0.5983 -0.1254 0.7914
vn -0.7232 0.0586 0.6881
vn -0.7226 -0.0336 0.6904
vn -0.7411 0.6604 0.1214
vn -0.6114 0.7863 0.0888
vn -0.7459 0.6641 0.0514
vn -0.7363 0.6399 0.2199
vn -0.3042 0.9350 0.1824
vn -0.3850 0.8984 0.2114
vn -0.3858 0.9194 0.0764
vn -0.4945 0.3130 -0.8109
vn -0.4840 0.4311 -0.7615
vn -0.2968 0.5576 -0.7753
vn -0.2997 0.2247 -0.9272
vn 0.0869 -0.9182 0.3865
vn 0.0830 -0.9519 0.2949
vn 0.1059 -0.9736 0.2024
vn 0.0910 -0.9619 0.2580
vn 0.0343 -0.9905 0.1334
vn 0.0496 -0.9904 -0.1292
vn 0.0685 -0.9976 0.0081
vn 0.1205 -0.9620 -0.2451
vn 0.0006 -1.0000 0.0008
vn -0.4131 -0.9093 0.0506
vn -0.3005 -0.9455 0.1257
vn -0.3048 -0.9156 0.2623
vn -0.4706 -0.8407 0.2677
vn -0.5277 -0.7681 0.3627
vn -0.4959 -0.8488 0.1834
vn -0.4312 -0.8631 0.2631
vn -0.6009 -0.7692 0.2174
vn -0.5891 -0.7598 0.2751
vn -0.6456 -0.7087 0.2845
vn -0.6311 -0.7401 0.2322
vn -0.6541 -0.6961 0.2959
vn -0.7277 -0.5315 0.4335
vn -0.7227 -0.6374 0.2673
vn -0.7915 -0.5264 0.3106
vn -0.7897 -0.5523 0.2671
vn -0.7289 -0.6299 0.2682
vn -0.8680 -0.3529 0.3493
vn -0.8315 -0.4663 0.3021
vn -0.8994 -0.2880 0.3288
vn -0.9006 -0.2865 0.3270
vn -0.8984 -0.2900 0.3299
vn -0.7958 -0.3072 0.5218
vn -0.7828 -0.3117 0.5386
vn -0.7906 -0.2984 0.5347
vn -0.9872 0.0034 0.1595
vn -0.9869 0.0030 0.1615
vn -0.9872 0.0000 0.1598
vn -0.9877 -0.0002 0.1565
vn -0.9871 0.0000 0.1599
vn -0.4539 -0.8817 0.1290
vn -0.5040 -0.8628 0.0396
vn -0.4559 -0.8895 0.0300
vn -0.9692 -0.0044 0.2461
vn -0.9709 0.0913 0.2215
vn -0.9706 0.0905 0.2228
vn -0.9632 0.0000 0.2687
vn -0.9641 -0.0015 0.2657
vn -0.9626 0.0026 0.2709
vn -0.0175 -0.9976 -0.0663
vn -0.1377 -0.9905 0.0051
vn 0.2250 0.9110 0.3455
vn 0.0892 0.9219 0.3769
vn 0.0115 0.9632 0.2684
vn 0.6360 -0.6826 0.3598
vn 0.6446 -0.6926 0.3237
vn 0.7085 -0.6206 0.3361
vn 0.0450 0.9625 0.2676
vn 0.0621 0.8001 0.5966
vn 0.0950 0.8938 0.4384
vn 0.0297 0.9904 -0.1353
vn -0.0620 0.9976 -0.0310
vn 0.1416 0.9885 -0.0528
vn -0.9612 0.0015 0.2759
vn -0.9603 0.0023 0.2790
vn -0.9675 0.0008 0.2527
vn -0.9608 -0.0003 0.2773
vn -0.9602 0.0024 0.2792
vn -0.9666 -0.0018 0.2563
vn -0.9354 -0.0940 0.3409
vn -0.9353 -0.0916 0.3419
vn -0.9358 -0.0959 0.3393
vn 0.6032 -0.4497 -0.6588
vn 0.4854 -0.5572 -0.6738
vn 0.4208 -0.3331 -0.8438
vn 0.5614 -0.2980 -0.7720
vn -0.3145 0.9113 0.2658
vn -0.1975 0.9605 0.1958
vn -0.2818 0.9248 0.2556
vn -0.4904 -0.5876 -0.6435
vn -0.2240 -0.6137 -0.7571
vn -0.4906 -0.5115 -0.7054
vn -0.4779 -0.6785 -0.5579
vn 0.1361 -0.8229 0.5517
vn 0.1097 -0.8743 0.4729
vn 0.1127 -0.9162 0.3846
vn -0.1488 -0.9730 0.1764
vn -0.2433 -0.9591 0.1445
vn -0.3206 -0.9368 0.1398
vn -0.2459 -0.9422 0.2276
vn -0.2268 -0.9380 0.2620
vn -0.2575 -0.9377 0.2334
vn -0.3016 -0.8878 0.3477
vn -0.3794 -0.8550 0.3535
vn -0.3262 -0.9067 0.2674
vn 0.0753 0.9904 -0.1161
vn -0.0015 0.9731 -0.2302
vn -0.0474 0.9976 -0.0499
vn 0.1280 0.9617 -0.2424
vn -0.3588 -0.9295 0.0861
vn -0.2281 -0.9541 0.1939
vn -0.2593 -0.9210 0.2908
vn 0.0937 0.7873 0.6094
vn -0.0741 0.8376 0.5412
vn -0.1667 0.7306 0.6621
vn -0.7897 -0.5264 0.3150
vn -0.8297 -0.4518 0.3278
vn -0.7692 -0.5622 0.3038
vn -0.2807 -0.5628 0.7775
vn -0.2807 -0.5627 0.7776
vn -0.2823 -0.5621 0.7774
vn -0.2822 -0.5619 0.7775
vn -0.8254 -0.3648 0.4309
vn -0.7836 -0.2637 0.5624
vn -0.8078 -0.4997 0.3125
vn -0.8631 0.2771 0.4223
vn -0.7733 0.4084 0.4850
vn -0.9124 0.3262 0.2473
vn -0.9399 0.1484 0.3075
vn -0.8538 -0.1620 0.4948
vn -0.8927 -0.2803 0.3529
vn -0.9260 0.0921 0.3661
vn -0.9589 0.0318 0.2819
vn -0.8884 0.0841 0.4514
vn -0.8883 0.1383 0.4380
vn -0.9289 -0.0010 0.3704
vn -0.9301 -0.0011 0.3673
vn -0.9309 -0.0014 0.3653
vn -0.9573 -0.0015 0.2892
vn -0.9554 -0.0018 0.2952
vn -0.9563 -0.0016 0.2925
vn -0.9263 -0.0889 0.3661
vn -0.9263 -0.0900 0.3658
vn -0.9261 -0.0921 0.3659
vn -0.8537 -0.2361 0.4642
vn -0.9570 -0.0235 0.2892
vn -0.9571 -0.0230 0.2888
vn -0.9566 -0.0261 0.2901
vn 0.0556 0.9509 0.3045
vn 0.1205 0.8603 0.4953
vn 0.1326 0.8958 0.4242
vn 0.0610 0.8579 0.5102
vn 0.1109 0.9905 -0.0819
vn -0.0271 0.9977 -0.0626
vn 0.0379 0.9790 -0.2002
vn 0.1145 0.8684 0.4824
vn 0.1637 0.9039 0.3952
vn 0.2100 0.8231 0.5277
vn 0.0272 0.8576 0.5137
vn 0.0002 0.0000 1.0000
vn -0.1048 -0.0780 0.9914
vn -0.1198 0.0529 0.9914
vn -0.0922 -0.0929 0.9914
vn -0.0114 -0.1302 0.9914
vn 0.1201 -0.0514 0.9914
vn 0.1162 0.0599 0.9914
vn 0.1949 0.7582 0.6222
vn 0.2692 0.7555 0.5973
vn 0.2583 0.7736 0.5787
vn -0.4916 0.5848 -0.6453
vn -0.4819 0.6749 -0.5588
vn -0.2881 0.7917 -0.5387
vn -0.3403 0.5226 -0.7817
vn -0.9510 0.2441 0.1899
vn -0.8951 0.2723 0.3530
vn -0.9472 0.0201 0.3200
vn -0.9472 0.0208 0.3198
vn -0.8535 0.1622 0.4951
vn -0.8727 0.4271 0.2367
vn -0.9132 0.4003 0.0767
vn -0.7419 -0.4314 0.5132
vn -0.7790 -0.4516 0.4350
vn -0.8121 -0.4620 0.3565
vn -0.7100 0.5757 0.4054
vn -0.8296 0.4517 0.3283
vn -0.7249 0.5247 0.4463
vn -0.6483 0.7161 0.2586
vn -0.7903 0.5264 0.3134
vn -0.7897 0.5264 0.3150
vn -0.5834 0.6963 0.4182
vn -0.6804 0.6868 0.2559
vn -0.5833 0.6962 0.4183
vn -0.5597 0.7980 0.2233
vn -0.6631 0.6957 0.2763
vn -0.5131 0.8187 0.2579
vn -0.3960 0.9069 0.1441
vn -0.6854 0.6192 0.3832
vn -0.5874 0.7610 0.2755
vn -0.4487 0.8786 0.1637
vn -0.4713 0.8805 -0.0517
vn -0.1708 0.9686 0.1807
vn -0.3305 0.9072 0.2601
vn -0.3496 0.9005 0.2584
vn -0.0892 0.9626 -0.2557
vn 0.0003 1.0000 0.0005
vn -0.1085 0.9620 -0.2506
vn -0.1528 0.9617 -0.2276
vn -0.2358 0.9340 0.2686
vn -0.1422 0.9601 0.2410
vn -0.2069 0.9366 0.2829
vn -0.4879 -0.5453 -0.6817
vn -0.5499 -0.3109 -0.7752
vn -0.3159 -0.4639 -0.8276
vn -0.3373 -0.5351 -0.7745
vn -0.0844 -0.9832 0.1620
vn 0.0416 -0.9936 0.1049
vn -0.2474 -0.9610 0.1238
vn -0.3073 -0.9329 0.1877
vn -0.1824 -0.9517 0.2469
vn -0.2167 -0.9541 0.2069
vn -0.2940 -0.9122 0.2853
vn -0.1639 -0.9283 0.3336
vn 0.0000 1.0000 0.0003
vn 0.1154 0.9791 -0.1676
vn -0.1586 0.9789 -0.1286
vn -0.1539 0.9826 -0.1040
vn -0.7434 -0.3890 0.5441
vn -0.7400 -0.4044 0.5374
vn -0.7971 -0.3264 0.5079
vn -0.6957 -0.4636 0.5487
vn -0.2257 -0.7904 0.5696
vn -0.3119 -0.7499 0.5834
vn -0.2778 -0.7818 0.5583
vn -0.8496 -0.4696 0.2401
vn -0.8503 -0.4657 0.2450
vn -0.2570 -0.7984 -0.5446
vn -0.3639 -0.5273 -0.7678
vn -0.0922 -0.6101 -0.7869
vn -0.3657 -0.5274 -0.7669
vn -0.4454 0.8927 0.0685
vn -0.2830 0.9587 0.0284
vn -0.4870 0.8666 -0.1086
vn -0.4502 0.8898 0.0754
vn 0.1769 -0.2663 -0.9475
vn -0.0817 -0.1848 -0.9794
vn 0.1907 -0.2748 -0.9424
vn 0.1906 -0.4294 -0.8828
vn -0.6230 0.1768 0.7620
vn -0.6243 0.2047 0.7539
vn -0.4124 0.1303 0.9016
vn -0.5224 0.3633 0.7714
vn -0.7863 -0.2530 0.5636
vn -0.8583 -0.1510 0.4904
vn -0.8640 -0.3427 0.3688
vn -0.9064 -0.0000 0.4224
vn -0.8972 -0.0738 0.4354
vn -0.9192 -0.0894 0.3835
vn -0.9197 -0.0882 0.3826
vn -0.9287 -0.2478 0.2759
vn -0.9280 0.0239 0.3717
vn -0.9289 0.0272 0.3692
vn -0.2493 -0.8967 -0.3657
vn -0.2624 -0.8608 -0.4362
vn 0.0991 -0.8602 -0.5002
vn 0.0638 -0.8977 -0.4359
vn -0.1313 -0.9904 -0.0438
vn 0.0057 -0.9976 -0.0688
vn 0.2422 0.5847 0.7742
vn 0.3185 0.6132 0.7229
vn 0.3125 0.6290 0.7118
vn 0.2405 0.6158 0.7503
vn -0.9749 0.0095 0.2224
vn -0.9072 0.2939 0.3009
vn -0.9148 0.3490 0.2034
vn -0.9274 -0.0295 0.3729
vn -0.9287 -0.0233 0.3702
vn -0.9281 -0.0261 0.3713
vn -0.9183 0.0943 0.3845
vn -0.9130 0.1838 0.3641
vn -0.9289 0.0000 0.3704
vn -0.9094 0.0865 0.4067
vn -0.9092 0.0854 0.4075
vn -0.9086 0.0891 0.4081
vn -0.6085 0.5201 0.5994
vn -0.7433 0.3976 0.5380
vn -0.8403 0.2440 0.4842
vn -0.5815 -0.3689 0.7251
vn -0.5811 -0.3693 0.7252
vn -0.7344 0.5212 0.4347
vn -0.6807 0.6353 0.3647
vn -0.8029 0.5101 0.3084
vn -0.6521 0.5195 0.5522
vn -0.6275 0.5417 0.5593
vn -0.7325 0.5777 0.3602
vn -0.5730 0.6314 0.5225
vn -0.5510 0.6493 0.5241
vn -0.6687 0.6297 0.3953
vn -0.4235 0.7643 0.4864
vn -0.2573 0.7946 0.5499
vn -0.2458 0.8604 0.4464
vn -0.2425 0.9105 0.3350
vn -0.1189 0.8056 0.5804
vn -0.1094 0.9626 0.2480
vn -0.0343 0.9108 0.4114
vn -0.0860 0.9019 0.4234
vn -0.1061 0.8949 0.4334
vn -0.2837 0.9138 0.2908
vn -0.1960 0.9781 0.0707
vn -0.2154 0.9742 0.0680
vn -0.3175 0.9122 0.2591
vn -0.1234 0.9145 0.3854
vn -0.1732 0.9511 0.2557
vn -0.2896 0.9007 0.3238
vn -0.3779 0.8974 -0.2277
vn -0.2480 0.9462 -0.2078
vn -0.1998 0.8532 -0.4817
vn -0.4096 0.8008 -0.4370
vn 0.2423 -0.5850 0.7740
vn -0.4833 0.8314 0.2741
vn -0.3017 0.9362 0.1802
vn -0.4367 0.8878 0.1455
vn -0.2472 0.9619 -0.1166
vn -0.1187 0.9905 -0.0697
vn -0.0574 0.9790 -0.1955
vn -0.2520 -0.7410 0.6224
vn 0.0262 -0.9057 0.4231
vn -0.1433 -0.8518 0.5038
vn 0.1009 -0.9625 -0.2518
vn -0.0536 -0.9826 -0.1780
vn -0.0402 -0.9791 -0.1994
vn 0.1627 -0.9617 -0.2204
vn -0.6117 -0.7718 0.1734
vn -0.6561 -0.7501 0.0834
vn -0.6131 -0.7866 0.0738
vn -0.2616 0.8980 -0.3539
vn 0.0470 0.8967 -0.4402
vn 0.0235 0.8609 -0.5082
vn -0.2414 0.7978 -0.5526
vn -0.7518 -0.1901 0.6314
vn -0.7198 -0.3620 0.5923
vn -0.7314 -0.3592 0.5797
vn -0.8398 -0.3605 0.4061
vn -0.7927 -0.2660 0.5485
vn -0.7817 -0.2993 0.5471
vn -0.2543 -0.9072 -0.3353
vn -0.3842 -0.8972 -0.2177
vn -0.3782 -0.8604 -0.3416
vn -0.2992 -0.8440 -0.4451
vn -0.8452 0.1648 0.5084
vn -0.8250 0.0819 0.5592
vn -0.9191 -0.0001 0.3941
vn -0.8818 -0.0671 0.4668
vn -0.9164 -0.0842 0.3914
vn -0.9042 -0.1246 0.4086
vn -0.4806 -0.8767 -0.0208
vn -0.4625 -0.8772 0.1287
vn -0.4025 -0.9136 0.0574
vn -0.4491 -0.8718 0.1957
vn 0.0186 -0.9976 -0.0660
vn -0.2274 -0.9618 -0.1527
vn -0.1211 -0.9904 -0.0664
vn -0.1475 0.8720 0.4667
vn -0.0101 0.8124 0.5830
vn -0.0561 0.7896 0.6110
vn 0.3290 0.4557 0.8271
vn 0.3262 0.4677 0.8215
vn 0.2465 0.4569 0.8547
vn 0.7304 0.3235 0.6016
vn 0.6743 0.3268 0.6622
vn -0.1897 0.7377 0.6479
vn -0.1902 0.7369 0.6486
vn -0.1876 0.7370 0.6494
vn -0.2100 0.5070 0.8360
vn -0.9669 0.1134 0.2287
vn -0.8152 -0.0424 0.5776
vn -0.9185 0.0008 0.3955
vn -0.9176 -0.0003 0.3975
vn -0.9117 0.0017 0.4109
vn -0.9232 -0.0068 0.3842
vn 0.5336 -0.7512 -0.3886
vn 0.3315 -0.7876 -0.5194
vn 0.5119 -0.6413 -0.5715
vn 0.5277 -0.7322 -0.4306
vn -0.9973 0.0679 0.0287
vn -0.9962 0.0591 -0.0647
vn -0.9986 0.0495 -0.0175
vn -0.6698 0.3637 0.6474
vn -0.6960 0.4206 0.5820
vn -0.7138 0.3915 0.5807
vn -0.4036 -0.8317 0.3813
vn -0.4355 -0.8422 0.3178
vn -0.3929 -0.8676 0.3048
vn -0.4334 -0.8924 0.1255
vn -0.4254 -0.8912 0.1576
vn -0.4309 -0.9003 -0.0618
vn -0.5936 -0.8022 -0.0640
vn -0.5130 0.6361 0.5764
vn -0.4454 0.7223 0.5290
vn -0.5356 0.6399 0.5510
vn -0.3563 -0.9305 0.0845
vn -0.5238 -0.8420 0.1290
vn -0.6050 -0.7919 0.0827
vn -0.2824 -0.9588 0.0315
vn -0.1851 0.9540 0.2360
vn -0.3216 0.9124 0.2534
vn -0.3201 0.9200 0.2260
vn 0.2344 -0.3685 0.8996
vn 0.2463 -0.4549 0.8558
vn 0.2560 -0.3600 0.8971
vn 0.1862 -0.1921 0.9635
vn 0.2108 -0.2825 0.9358
vn -0.1699 -0.7976 0.5787
vn -0.0864 -0.9616 0.2606
vn -0.1057 -0.8942 0.4351
vn -0.1728 -0.9771 0.1240
vn -0.1673 -0.9809 0.0994
vn -0.0338 -0.9905 0.1331
vn -0.1448 -0.8001 0.5822
vn -0.1280 -0.8397 0.5278
vn -0.2822 -0.6747 0.6820
vn -0.2832 -0.6758 0.6805
vn -0.2826 -0.6753 0.6812
vn -0.6727 -0.3856 0.6315
vn -0.7816 -0.2931 0.5506
vn -0.7828 -0.2606 0.5650
vn -0.5709 -0.5305 0.6266
vn -0.5677 -0.4781 0.6702
vn -0.5682 -0.4787 0.6693
vn -0.6947 -0.4722 0.5426
vn -0.4360 -0.4753 0.7642
vn -0.4373 -0.4745 0.7640
vn -0.4371 -0.4743 0.7642
vn -0.4423 -0.0441 0.8958
vn -0.5054 -0.2204 0.8343
vn -0.4018 -0.2317 0.8859
vn -0.8859 -0.0000 0.4639
vn -0.8889 -0.0044 0.4580
vn -0.8946 -0.0000 0.4469
vn 0.1325 -0.0247 0.9909
vn 0.1379 0.1058 0.9848
vn 0.1326 0.2348 0.9629
vn 0.5985 0.0142 0.8010
vn 0.6573 0.0738 0.7500
vn 0.5899 0.1272 0.7974
vn 0.7413 0.0681 0.6677
vn 0.6734 0.0546 0.7373
vn 0.0242 0.0280 0.9993
vn 0.1410 -0.0007 0.9900
vn 0.1584 0.1907 0.9688
vn 0.7358 0.1985 0.6474
vn 0.6779 0.1865 0.7111
vn -0.3239 0.2891 0.9008
vn -0.3224 0.2959 0.8992
vn -0.1946 0.3579 0.9133
vn -0.3101 0.2588 0.9148
vn -0.3080 0.2636 0.9141
vn -0.1866 0.3223 0.9281
vn -0.1887 0.4226 0.8865
vn -0.1576 0.0548 0.9860
vn -0.1669 0.2489 0.9540
vn -0.3686 0.3623 0.8561
vn -0.3325 0.3307 0.8832
vn -0.2084 0.4350 0.8760
vn -0.2799 0.4721 0.8360
vn -0.8965 -0.0870 0.4344
vn -0.8938 -0.0889 0.4396
vn -0.8948 0.1052 0.4338
vn -0.8767 0.0273 0.4803
vn -0.8738 0.0000 0.4864
vn -0.8706 -0.0000 0.4919
vn -0.8722 0.0000 0.4891
vn -0.8225 0.0584 0.5658
vn -0.8226 0.0588 0.5656
vn -0.8223 0.0580 0.5661
vn -0.8423 -0.0171 0.5387
vn -0.6273 0.1861 0.7562
vn -0.7542 0.1031 0.6485
vn -0.5997 0.1058 0.7932
vn -0.6099 0.1505 0.7781
vn -0.7346 0.1258 0.6667
vn -0.7507 0.0062 0.6607
vn -0.7210 0.1718 0.6713
vn -0.6583 0.2253 0.7182
vn -0.5949 0.2841 0.7519
vn -0.6215 0.1130 -0.7752
vn -0.6212 0.1125 -0.7755
vn -0.6213 0.1128 -0.7754
vn -0.5505 0.0648 -0.8323
vn -0.6289 0.3583 0.6900
vn -0.3785 0.2297 0.8966
vn -0.4966 0.3688 0.7858
vn -0.6121 0.1942 0.7666
vn -0.3040 0.3770 0.8749
vn -0.5520 0.3308 0.7654
vn 0.7062 -0.1343 0.6952
vn 0.5980 -0.0301 0.8009
vn 0.6050 -0.1391 0.7840
vn 0.0996 -0.0057 0.9950
vn 0.1341 -0.0967 0.9862
vn 0.2293 -0.0823 0.9699
vn -0.1418 -0.1848 0.9725
vn -0.2568 -0.1505 0.9547
vn -0.2603 -0.1523 0.9534
vn -0.1486 -0.2019 0.9681
vn -0.2770 -0.1850 0.9429
vn -0.3131 -0.2306 0.9213
vn -0.1762 -0.2785 0.9441
vn -0.3203 -0.2911 0.9015
vn -0.3227 -0.2859 0.9023
vn -0.1939 -0.3544 0.9147
vn -0.3202 -0.8915 -0.3205
vn -0.4525 -0.8849 -0.1106
vn -0.3383 -0.9226 -0.1853
vn -0.4635 -0.8735 -0.1489
vn -0.1252 -0.4256 0.8962
vn -0.2688 -0.4179 0.8678
vn -0.2687 -0.4167 0.8684
vn 0.7029 0.6807 0.2062
vn -0.4371 -0.8678 0.2365
vn -0.4240 -0.8922 0.1554
vn -0.3458 -0.9254 0.1549
vn 0.2234 -0.8925 0.3918
vn -0.3977 0.8855 0.2402
vn -0.6554 -0.3397 0.6746
vn -0.6389 -0.0088 0.7692
vn -0.6890 0.0487 0.7231
vn -0.7967 -0.2259 -0.5606
vn -0.6912 -0.5653 -0.4502
vn 0.3777 0.2122 -0.9013
vn 0.4383 0.4030 -0.8034
vn 0.3628 0.2219 -0.9051
vn 0.3467 0.3733 -0.8605
vn -0.8726 -0.0031 0.4883
vn -0.8727 -0.0032 0.4882
vn -0.8716 -0.0137 0.4900
vn -0.5080 -0.8573 -0.0833
vn -0.5388 -0.8417 0.0341
vn -0.5073 -0.8508 -0.1370
vn -0.2778 -0.9586 -0.0619
vn 0.0445 0.1141 0.9925
vn 0.0983 -0.1403 0.9852
vn 0.0833 -0.0110 0.9965
vn 0.0772 0.0000 0.9970
vn -0.5080 -0.3006 0.8072
vn -0.4052 -0.3331 0.8514
vn -0.2480 -0.1641 0.9548
vn -0.4050 0.0401 0.9134
vn -0.3732 0.0235 0.9274
vn -0.3213 0.0785 0.9437
vn -0.2301 0.2577 0.9384
vn 0.0643 0.9977 0.0235
vn -0.0101 0.9619 0.2734
vn -0.0174 0.9905 0.1367
vn -0.8483 -0.0101 0.5293
vn -0.8625 -0.0000 0.5061
vn -0.8505 0.0015 0.5260
vn -0.8557 -0.0001 0.5174
vn -0.8443 -0.0077 0.5358
vn -0.7531 -0.0937 0.6512
vn -0.9243 0.0664 0.3759
vn -0.0705 -0.0301 0.9971
vn -0.2476 -0.1511 0.9570
vn -0.1241 -0.1403 0.9823
vn -0.7417 0.0780 0.6662
vn -0.7114 -0.1060 0.6947
vn -0.7680 0.2450 0.5917
vn -0.8155 0.1955 0.5447
vn -0.1383 0.9904 0.0011
vn -0.1503 0.9791 -0.1371
vn -0.1490 0.9789 0.1397
vn -0.1238 0.9825 0.1388
vn -0.6110 -0.0532 0.7899
vn -0.5828 -0.2505 0.7730
vn -0.1956 0.5273 -0.8269
vn -0.1267 0.2756 -0.9529
vn -0.4729 0.2743 -0.8373
vn -0.4542 0.4290 -0.7808
vn -0.7359 0.0604 0.6744
vn -0.7949 -0.0981 0.5987
vn -0.6070 0.0519 0.7930
vn -0.6510 0.0353 0.7582
vn -0.6058 -0.0619 0.7932
vn -0.7291 0.0777 0.6800
vn -0.7613 0.2023 0.6160
vn -0.7249 0.0355 0.6879
vn -0.6337 -0.0000 -0.7736
vn -0.4626 0.0007 -0.8866
vn -0.6337 -0.0007 -0.7736
vn -0.4972 0.0000 0.8676
vn -0.4482 0.0547 0.8922
vn -0.0677 0.0280 0.9973
vn -0.7521 0.0916 0.6526
vn -0.8474 0.0001 0.5309
vn -0.9246 -0.0634 0.3757
vn -0.0395 0.0999 0.9942
vn -0.0677 -0.0280 0.9973
vn -0.0911 -0.1563 0.9835
vn -0.0912 0.0757 0.9929
vn -0.1156 -0.1649 0.9795
vn -0.0677 -0.1789 0.9815
vn -0.3224 -0.0383 0.9458
vn -0.3742 -0.1472 0.9156
vn -0.4161 0.9004 0.1273
vn -0.4420 0.8970 -0.0088
vn -0.5971 0.8017 0.0263
vn -0.4533 0.8737 0.1768
vn -0.7007 0.3722 0.6086
vn -0.7773 0.4116 0.4757
vn -0.7749 0.4344 0.4592
vn -0.7841 0.3228 0.5301
vn -0.2918 0.6090 -0.7375
vn -0.2783 0.7069 -0.6503
vn 0.0881 0.7076 -0.7011
vn 0.0686 0.6105 -0.7891
vn -0.7847 0.1104 0.6100
vn -0.7283 -0.0498 0.6834
vn -0.6059 0.0241 0.7952
vn 0.0257 -0.9904 -0.1356
vn -0.1122 -0.9827 -0.1474
vn 0.0682 -0.9977 -0.0025
vn 0.0749 -0.9618 -0.2633
vn -0.7772 -0.0860 0.6233
vn -0.7720 -0.0858 0.6298
vn -0.7798 0.0063 0.6261
vn -0.7636 -0.0901 0.6394
vn -0.7186 -0.0000 0.6954
vn -0.7798 0.0000 0.6260
vn -0.0870 -0.1345 0.9871
vn -0.0195 0.1185 0.9928
vn -0.0565 -0.0074 0.9984
s off
f 548/1/1 540/2/1 521/3/2 520/4/3
f 209/5/4 261/6/4 154/7/4
f 261/6/5 310/8/5 154/7/5
f 310/8/6 268/9/6 154/7/6
f 268/9/7 209/5/7 154/7/7
f 151/10/8 261/6/9 209/5/9
f 268/9/10 259/11/10 209/5/10
f 151/10/11 314/12/12 261/6/12
f 113/13/13 120/14/13 129/15/14 128/16/15
f 314/12/16 267/17/16 155/18/16
f 264/19/17 314/12/17 155/18/17
f 267/17/18 314/12/18 151/10/19
f 263/20/20 205/21/21 259/11/22
f 263/20/23 153/22/24 205/21/25
f 153/22/26 271/23/27 205/21/28
f 271/23/29 152/24/30 205/21/31
f 152/24/32 72/25/32 205/21/33
f 72/25/34 173/26/34 205/21/35
f 262/27/36 152/24/36 306/28/36
f 153/22/37 263/20/38 306/29/39
f 156/30/40 266/31/40 217/32/40
f 266/31/41 150/33/42 217/34/43
f 260/35/44 265/36/44 217/34/45
f 265/36/46 156/30/46 217/32/46
f 6/37/47 9/38/48 8/39/48 7/40/49
f 121/41/50 111/42/50 122/43/51 123/44/52
f 289/45/53 53/46/54 465/47/55 290/48/56
f 471/49/57 453/50/57 435/51/58 461/52/57
f 369/53/59 265/36/59 260/35/59
f 572/54/60 69/55/61 60/56/62 571/57/63
f 393/58/64 425/59/64 384/60/64 413/61/65
f 168/62/66 166/63/67 233/64/68
f 168/62/69 235/65/68 165/66/68
f 168/62/70 165/66/68 236/67/68
f 168/62/71 236/67/68 164/68/68
f 168/62/72 159/69/73 237/70/68
f 168/62/74 237/70/68 158/71/68
f 168/62/75 158/71/68 238/72/68
f 168/62/76 239/73/68 157/74/68
f 168/62/77 157/74/68 241/75/68
f 168/62/78 241/75/68 229/76/68
f 168/62/79 229/76/68 171/77/68
f 168/62/80 170/78/81 230/79/68
f 508/80/82 566/81/82 565/82/83 509/83/82
f 376/84/84 386/85/84 385/86/84 387/87/85
f 395/88/86 423/89/86 411/90/86 367/91/86
f 405/92/87 372/93/88 419/94/87 418/95/87
f 572/96/89 2/97/89 4/98/89
f 572/96/89 4/98/89 149/99/89
f 4/98/90 5/100/90 149/99/90
f 5/100/91 16/101/91 148/102/92
f 370/103/93 326/104/94 406/105/93
f 420/106/95 369/53/95 407/107/96 421/108/95
f 276/109/97 253/110/98 275/111/99
f 276/109/100 272/112/101 254/113/98
f 276/109/102 254/113/98 240/114/98
f 276/109/103 240/114/98 257/115/98
f 276/109/104 257/115/98 255/116/98
f 276/109/105 255/116/98 256/117/98
f 276/109/106 256/117/98 269/118/98
f 276/109/107 269/118/98 270/119/98
f 276/109/108 270/119/98 282/120/98
f 276/109/109 282/120/98 242/121/98
f 276/109/110 246/122/98 281/123/98
f 276/109/111 281/123/98 247/124/98
f 276/109/112 251/125/98 280/126/98
f 276/109/113 279/127/114 252/128/98
f 276/109/115 252/128/98 278/129/116
f 297/130/117 67/131/118 298/132/119
f 145/133/120 146/134/120 76/135/121 77/136/122
f 445/137/123 573/138/124 569/139/124
f 445/137/125 570/140/126 573/138/126
f 570/140/127 56/141/128 573/138/127
f 178/142/129 343/143/130 413/144/130 384/60/130
f 591/145/131 19/146/132 441/147/131 597/148/131
f 117/149/133 120/14/133 113/150/134 92/151/133
f 394/152/135 424/153/135 366/154/135 412/155/136
f 144/156/137 147/157/137 74/158/138
f 144/156/139 136/159/139 147/157/139
f 136/159/140 145/133/140 147/157/140
f 369/53/141 406/105/141 322/160/141 265/161/142
f 422/162/143 396/163/144 423/89/143
f 422/162/143 423/89/143 395/88/143
f 422/162/143 395/88/143 424/153/143
f 422/162/143 424/153/143 394/152/143
f 422/162/143 394/152/143 425/59/143
f 422/162/143 425/59/143 393/58/143
f 422/162/143 392/164/145 426/165/143
f 422/162/143 426/165/143 391/166/143
f 422/162/143 391/166/143 427/167/143
f 422/162/143 428/168/143 390/169/143
f 422/162/143 389/170/146 429/171/143
f 422/162/143 431/172/143 388/173/143
f 422/162/143 387/87/147 385/86/143
f 422/162/143 385/86/143 375/174/143
f 422/162/143 375/174/143 403/175/143
f 422/162/143 402/176/148 418/177/143
f 422/162/143 419/94/143 401/178/143
f 422/162/143 399/179/149 420/106/143
f 422/162/143 421/108/143 398/180/150
f 2/97/151 3/181/151 5/100/151
f 2/97/152 5/100/152 4/98/152
f 3/181/153 596/182/153 592/183/153
f 3/181/153 592/183/153 5/100/153
f 369/53/154 260/35/154 221/184/155 407/185/154
f 366/186/156 424/153/157 395/88/157 367/91/157
f 368/187/158 410/188/158 227/189/159 226/190/160
f 411/90/161 368/187/161 226/190/162 225/191/163
f 404/192/164 373/193/165 332/194/166
f 590/195/167 14/196/167 130/197/168 581/198/167
f 437/199/169 432/200/169 568/201/169
f 432/200/170 443/202/170 568/201/170
f 54/203/171 283/204/172 568/205/173
f 283/204/174 437/199/174 568/201/174
f 45/206/175 105/207/175 97/208/176 46/209/177
f 17/210/178 1/211/178 445/137/179
f 1/211/180 3/181/180 445/137/181
f 1/211/182 436/212/182 3/181/182
f 436/212/183 18/213/183 3/181/183
f 18/213/184 596/182/184 3/181/184
f 367/91/185 411/90/185 225/191/186
f 569/139/187 573/138/187 66/214/188 65/215/189
f 137/216/190 146/134/191 145/133/191
f 596/182/192 591/145/192 595/217/192
f 596/182/192 595/217/192 592/183/192
f 126/218/193 15/219/193 592/183/193
f 397/220/194 422/162/195 409/221/196 410/222/197
f 398/180/198 421/223/199 407/107/200 408/224/201
f 374/225/202 272/112/203 373/193/202
f 374/225/204 254/113/204 272/112/205
f 118/226/206 121/41/207 112/227/208 115/228/209
f 1/211/210 17/210/210 436/229/211
f 19/146/212 591/145/213 596/182/213
f 241/75/214 366/154/214 229/76/214
f 367/91/215 228/230/216 229/76/215
f 135/231/217 192/232/218 146/134/218
f 192/232/219 73/233/220 146/134/219
f 126/218/221 593/234/222 595/217/221
f 51/235/223 539/236/223 519/237/224 518/238/225
f 582/239/226 581/198/226 595/217/226
f 71/240/227 72/25/228 55/241/228 68/242/229
f 386/85/230 240/114/230 374/243/230
f 240/114/231 254/113/231 374/225/231
f 3/181/232 2/97/232 572/54/233 571/57/234
f 8/39/235 9/38/235 464/244/236 25/245/235
f 586/246/237 580/247/238 441/147/238
f 580/247/239 597/148/239 441/147/239
f 509/83/240 506/248/240 30/249/241 508/80/240
f 450/250/242 585/251/243 441/147/244
f 597/148/245 580/247/245 591/145/245
f 580/247/246 586/246/247 591/145/246
f 157/74/248 366/154/248 241/75/248
f 543/252/249 104/253/250 47/254/249 544/255/251
f 14/196/252 125/256/252 130/197/253
f 590/195/254 581/198/254 582/239/254
f 14/196/255 590/195/255 582/239/255
f 60/56/256 68/242/257 55/257/258 59/258/259
f 257/115/260 240/114/260 386/85/260
f 292/259/261 459/260/262 433/261/263
f 527/262/264 516/263/265 498/264/266 497/265/267
f 112/266/268 121/41/268 123/44/269 124/267/270
f 587/268/271 583/269/272 585/251/273
f 450/250/274 587/268/275 585/251/276
f 464/244/277 21/270/278 450/271/278
f 21/270/279 454/272/279 450/271/279
f 455/273/280 20/274/281 450/271/281
f 20/274/282 588/275/282 450/271/282
f 176/276/283 384/60/284 412/277/284
f 539/236/285 51/235/285 50/278/285 559/279/286
f 584/280/287 13/281/288 14/196/288
f 55/257/289 72/25/290 152/24/290 262/27/290
f 435/51/291 453/50/292 440/282/293 439/283/294
f 111/42/295 189/284/295 122/43/296
f 190/285/297 133/286/298 122/43/299
f 466/287/300 459/260/300 292/259/301
f 46/288/302 97/208/303 106/289/304 104/253/305
f 473/290/306 479/291/307 462/292/307
f 479/291/308 474/293/308 462/292/308
f 112/266/309 124/294/309 129/15/310 120/14/309
f 9/38/311 24/295/311 464/244/312
f 24/295/313 457/296/313 464/244/314
f 457/296/315 458/297/315 464/244/316
f 458/297/317 22/298/317 464/244/318
f 22/298/319 456/299/319 464/244/320
f 456/299/321 21/270/321 464/244/322
f 456/299/323 576/300/323 21/270/323
f 588/275/324 20/274/324 455/273/325
f 417/301/326 378/302/326 431/172/326 430/303/326
f 589/304/327 13/281/328 584/280/329
f 589/304/330 576/300/331 13/281/331
f 576/300/332 41/305/332 13/281/332
f 6/306/333 575/307/333 13/308/334
f 575/307/335 114/309/335 13/308/336
f 104/253/337 543/252/338 563/310/338 46/288/338
f 55/257/339 262/27/340 306/29/341 59/258/342
f 570/311/343 445/137/344 3/181/345 571/57/346
f 118/226/347 89/312/348 121/41/348
f 40/313/349 508/80/349 33/314/349 567/315/349
f 88/316/350 189/284/351 111/42/351
f 349/317/352 255/116/352 377/318/353
f 255/116/354 258/319/355 377/318/356
f 349/317/357 256/117/357 255/116/357
f 53/46/358 489/320/358 467/321/359
f 528/322/360 497/265/361 502/323/362 515/324/360
f 443/202/363 432/200/363 437/325/364 442/326/365
f 488/327/366 476/328/366 469/329/367
f 6/306/368 42/330/369 9/38/368
f 42/330/370 456/299/368 9/38/368
f 456/299/371 22/298/371 9/38/371
f 23/331/372 458/297/373 9/38/373
f 458/297/374 457/296/374 9/38/374
f 457/296/375 24/295/375 9/38/375
f 42/330/376 41/305/377 456/299/377
f 41/305/378 576/300/378 456/299/378
f 180/332/379 358/333/380 343/143/380
f 358/334/381 360/335/381 365/336/381
f 358/334/382 365/336/382 361/337/382
f 358/334/382 362/338/382 364/339/382
f 358/334/382 364/339/382 334/340/382
f 358/334/382 334/340/382 363/341/382
f 358/334/381 363/341/381 355/342/381
f 358/334/382 353/343/383 356/344/382
f 358/334/382 357/345/382 352/346/382
f 358/334/382 351/347/384 349/317/382
f 358/334/385 349/317/385 335/348/385
f 358/334/382 336/349/382 348/350/382
f 358/334/382 348/350/382 337/351/382
f 358/334/382 337/351/382 347/352/382
f 358/334/382 346/353/386 338/354/382
f 358/334/382 339/355/382 350/356/382
f 358/334/382 350/356/382 340/357/382
f 358/334/382 340/357/382 345/358/382
f 358/334/382 344/359/387 341/360/382
f 114/309/388 574/361/388 6/37/389
f 125/256/390 14/196/390 13/281/390 119/362/390
f 10/363/391 48/364/392 110/365/392 11/366/393
f 417/301/394 335/348/394 378/302/394
f 335/348/395 349/317/395 378/367/396
f 351/368/397 269/118/397 256/117/397
f 351/368/397 256/117/397 349/317/397
f 480/369/398 489/320/398 53/46/398
f 7/40/399 94/370/400 114/309/400 6/37/401
f 113/13/402 128/16/403 125/256/402 119/362/402
f 28/371/404 27/372/404 485/373/404
f 27/372/405 478/374/406 485/373/405
f 28/371/407 8/39/407 26/375/408
f 28/371/409 11/376/409 7/377/409
f 28/371/410 7/377/410 8/39/410
f 379/378/411 417/301/411 430/303/411 429/379/411
f 11/376/412 94/370/412 7/40/413
f 12/380/414 110/365/415 93/381/416
f 594/382/417 581/198/417 130/197/418 127/383/419
f 109/384/420 91/385/421 92/386/422 96/387/423
f 334/340/424 51/235/424 518/388/424 363/341/424
f 105/207/425 86/389/425 98/390/426
f 86/389/427 184/391/427 98/390/428
f 408/224/429 172/392/430 224/393/431 409/221/432
f 379/378/433 335/348/433 417/301/433
f 284/394/434 496/395/435 480/369/436
f 577/396/437 578/397/437 28/371/437
f 579/398/438 11/376/439 28/371/439
f 484/399/440 577/396/441 28/371/441
f 43/400/442 44/401/442 484/399/443
f 44/401/444 577/396/444 484/399/445
f 86/389/446 105/207/446 184/391/446
f 105/207/447 45/206/447 182/402/448
f 45/206/449 359/403/449 182/402/450
f 344/359/451 383/404/452 341/360/452
f 383/404/453 416/405/453 341/360/453
f 46/209/454 49/406/455 359/403/455
f 49/406/456 563/310/456 359/403/456
f 578/407/457 44/401/458 11/376/458
f 44/401/459 43/400/459 10/363/460
f 43/400/461 564/408/461 10/363/462
f 564/408/463 567/315/463 10/363/464
f 567/315/465 560/409/465 10/363/466
f 468/410/467 475/411/468 488/327/468 469/329/469
f 588/275/470 454/272/470 21/270/470 576/300/470
f 564/408/471 43/400/471 484/399/472 29/412/471
f 381/413/473 348/350/474 336/349/474
f 284/414/475 270/119/475 352/415/476
f 357/345/477 512/416/477 352/346/477
f 512/416/478 505/417/478 352/346/478
f 505/417/479 501/418/479 352/346/479
f 501/418/480 52/419/480 352/346/480
f 52/419/481 496/420/481 352/346/481
f 496/395/482 284/394/483 352/415/484
f 44/401/485 578/407/486 577/396/485
f 511/421/487 510/422/487 29/412/487
f 510/422/488 564/408/488 29/412/488
f 506/248/489 511/421/489 29/412/489
f 427/423/490 416/405/490 383/404/490
f 559/279/491 50/278/492 360/424/492
f 50/278/493 365/336/493 360/335/493
f 563/310/494 551/425/494 360/335/494
f 136/159/495 144/156/495 148/102/496 16/101/495
f 563/310/497 49/406/497 46/209/498
f 510/422/499 31/426/499 564/408/499
f 31/426/500 32/427/500 564/408/500
f 32/427/501 509/83/501 564/428/502
f 500/429/503 29/412/504 483/430/505 482/431/506
f 34/432/507 507/433/508 567/315/508
f 507/433/509 526/434/509 567/315/509
f 526/434/510 560/409/510 567/315/510
f 565/82/511 566/81/512 567/315/512
f 566/81/513 40/313/513 567/315/513
f 526/434/514 39/435/514 560/409/514
f 39/435/515 545/436/515 561/437/516
f 381/413/517 337/351/518 348/350/518
f 529/438/519 512/416/520 357/345/520
f 476/328/521 487/439/521 470/440/522 469/329/523
f 506/248/524 509/83/524 511/421/524
f 509/83/525 32/427/525 31/426/525
f 509/83/526 31/426/526 510/422/526
f 509/83/527 510/422/527 511/421/527
f 526/434/528 34/441/528 30/249/529
f 33/314/530 508/80/530 30/249/531
f 340/357/532 382/442/533 345/443/534
f 338/354/535 346/353/536 382/444/535
f 347/352/537 337/351/537 382/442/538
f 390/169/539 428/168/539 382/442/540
f 340/357/541 350/356/541 382/442/542
f 350/356/543 339/355/543 382/442/544
f 51/235/545 365/336/545 50/278/545
f 51/235/546 361/337/546 365/336/546
f 544/445/547 47/254/547 103/446/548 562/447/547
f 40/313/549 566/81/549 508/80/549
f 526/434/550 507/433/550 34/432/551
f 525/448/552 545/436/553 39/435/553
f 353/343/554 517/449/555 356/344/555
f 530/450/556 528/322/557 515/324/557
f 352/415/558 270/119/559 269/118/559 351/368/559
f 525/448/560 516/263/561 527/262/562
f 37/451/563 540/2/563 558/452/563
f 539/236/564 549/453/565 542/454/564 519/455/564
f 526/434/566 30/249/567 498/264/568 516/263/566
f 334/340/569 364/339/569 51/235/569
f 364/339/570 362/338/570 51/235/570
f 38/456/571 546/457/572 525/448/573
f 524/458/574 547/459/575 38/456/576
f 524/458/577 35/460/578 547/459/579
f 35/460/580 523/461/581 547/459/582
f 523/461/583 522/462/584 547/459/585
f 522/462/586 541/463/586 547/459/587
f 541/463/588 37/451/588 547/459/589
f 582/239/590 595/217/590 591/145/590 586/464/590
f 355/342/591 363/341/591 518/388/591
f 522/462/592 523/461/593 36/465/592
f 393/466/594 413/61/595 392/164/596
f 392/164/596 413/61/595 414/467/597
f 391/468/598 415/469/599 416/470/600
f 398/180/601 408/224/601 409/221/602
f 274/471/98 329/472/603 273/473/98
f 273/473/98 329/472/603 332/194/604
f 328/474/605 329/472/603 324/475/606
f 323/476/607 324/475/606 319/477/608
f 329/472/603 325/478/609 324/475/606
f 324/475/606 325/478/609 320/479/610
f 324/475/606 320/479/610 319/477/608
f 326/104/611 327/480/612 322/481/613
f 322/481/614 327/480/615 323/476/616
f 406/482/617 399/179/617 400/483/618
f 222/484/619 170/78/68 225/191/620
f 225/191/620 170/78/68 171/485/68
f 225/191/620 226/190/621 222/484/619
f 222/484/619 226/190/621 223/486/622
f 218/487/623 219/488/624 214/489/625
f 214/489/626 219/488/627 215/490/628
f 223/486/622 224/393/629 219/488/624
f 219/488/627 224/393/630 220/491/631
f 217/34/632 216/492/633 221/184/634
f 221/184/634 216/492/635 220/491/631
f 321/493/636 320/479/637 325/478/609
f 548/494/638 549/453/639 558/495/640
f 558/495/640 549/453/639 559/279/641
f 558/495/640 559/279/641 557/496/642
f 557/496/643 555/497/644 556/498/645
f 557/496/643 556/498/645 558/495/640
f 558/495/640 556/498/645 547/459/646
f 555/497/644 554/499/647 556/498/645
f 551/500/648 552/501/649 553/502/650
f 554/499/651 552/501/649 546/457/652
f 551/500/648 543/503/653 544/255/654
f 483/430/655 485/504/656 482/431/657
f 484/399/658 485/504/656 483/430/655
f 468/410/659 469/329/660 472/505/661
f 472/505/661 467/321/662 468/410/659
f 535/506/663 517/507/664 537/508/665
f 537/508/665 517/507/664 519/237/666
f 538/509/667 520/4/638 521/3/668
f 536/510/669 523/461/670 534/511/671
f 532/512/672 524/458/673 530/450/674
f 530/450/675 524/458/673 525/448/676
f 530/450/674 529/438/677 532/512/672
f 532/512/672 529/438/677 531/513/678
f 532/512/672 531/513/678 534/511/671
f 534/511/671 531/513/678 533/514/679
f 536/510/669 535/506/663 538/509/667
f 538/509/667 535/506/663 537/508/680
f 499/515/681 500/429/682 490/516/683
f 490/516/683 491/517/684 499/515/685
f 499/515/686 491/517/684 492/518/687
f 499/515/686 492/518/687 493/519/688
f 493/519/689 494/520/690 501/521/691
f 501/521/691 494/520/692 495/522/693
f 501/521/694 495/522/693 496/395/695
f 434/523/696 435/51/697 439/283/698
f 186/524/699 160/525/68 187/526/700
f 187/526/700 160/525/68 161/527/68
f 188/528/701 162/529/68 189/530/702
f 189/530/702 162/529/68 163/531/68
f 183/532/703 184/533/704 181/534/705
f 181/534/705 184/533/704 182/402/706
f 98/390/707 87/535/708 88/316/709
f 98/390/707 88/316/709 99/536/710
f 99/536/710 88/316/709 89/537/711
f 99/536/710 89/537/711 90/538/712
f 92/386/713 95/539/714 96/387/715
f 106/289/716 107/540/717 104/253/718
f 104/253/718 107/540/717 108/541/719
f 99/536/710 97/208/720 98/390/707
f 100/542/721 99/536/710 90/538/722
f 128/16/723 129/15/724 131/543/725
f 497/265/726 498/264/727 500/429/728
f 518/238/382 519/237/666 517/507/664
f 499/515/681 493/519/689 501/521/691
f 545/544/729 546/457/652 552/501/649
f 473/290/730 469/329/731 470/440/732
f 128/16/723 131/543/733 130/197/734
f 319/477/608 315/545/735 314/546/736
f 319/477/608 314/546/736 318/547/737
f 206/548/738 169/549/68 210/550/739
f 206/548/738 211/551/740 207/552/741
f 207/552/741 211/551/740 212/553/742
f 207/552/741 212/553/742 208/554/743
f 208/554/744 212/553/742 213/555/745
f 208/554/743 213/555/745 209/556/746
f 214/489/626 215/490/628 210/550/739
f 210/550/747 215/490/628 211/551/740
f 210/550/739 211/551/740 206/548/738
f 211/551/740 216/492/633 212/553/742
f 212/553/748 216/492/633 217/34/749
f 212/553/742 217/34/750 213/555/745
f 215/490/628 216/492/633 211/551/740
f 303/557/751 302/558/752 307/559/753
f 307/559/753 302/558/754 306/29/755
f 311/560/756 312/561/757 307/559/753
f 307/559/753 312/561/757 308/562/758
f 280/563/98 297/130/759 299/564/760
f 278/129/98 305/565/761 309/566/762
f 278/129/98 309/566/762 277/567/98
f 277/567/98 309/566/763 313/568/764
f 295/569/765 294/570/766 283/571/767
f 299/564/760 298/132/768 301/572/769
f 301/572/770 298/132/768 300/573/771
f 305/565/761 304/574/772 309/566/762
f 309/566/762 304/574/772 308/562/773
f 440/282/774 441/575/775 448/576/776
f 448/576/776 441/575/777 449/577/778
f 440/282/779 448/576/776 447/578/780
f 449/577/781 436/229/782 445/137/783
f 440/282/774 447/578/780 439/283/698
f 192/579/784 165/580/68 193/581/785
f 198/582/786 167/583/68 202/584/787
f 202/584/787 167/583/68 168/62/68
f 175/585/788 174/586/789 196/587/790
f 197/588/791 196/587/792 200/589/793
f 198/582/786 199/590/794 195/591/795
f 195/591/795 199/590/794 196/587/792
f 195/591/795 196/587/792 174/586/789
f 204/592/796 200/589/793 199/590/794
f 199/590/794 200/589/793 196/587/792
f 199/590/794 203/593/797 204/592/798
f 75/594/799 77/136/800 76/135/801
f 74/158/802 78/595/803 83/596/804
f 83/596/805 78/595/806 82/597/807
f 83/596/804 82/597/808 80/598/809
f 80/598/810 82/597/807 81/599/811
f 80/598/812 81/599/811 85/600/813
f 85/600/813 81/599/811 84/601/814
f 64/602/815 67/603/816 65/215/817
f 57/604/818 60/56/819 58/605/820
f 58/605/821 60/56/822 59/258/823
f 61/606/824 56/141/825 63/607/826
f 63/607/826 57/604/818 62/608/827
f 62/608/827 57/604/818 58/605/820
f 62/608/827 61/606/828 63/607/826
f 140/609/829 126/610/830 127/383/831
f 127/383/831 130/197/832 140/609/833
f 141/611/834 131/543/733 132/612/835
f 141/611/834 132/612/836 142/613/837
f 142/613/837 143/614/838 138/615/839
f 140/609/833 141/611/834 136/616/840
f 136/616/841 141/611/834 137/216/842
f 213/555/745 155/18/843 209/556/746
f 155/617/844 151/10/845 209/556/846
f 259/11/847 205/21/848 209/556/849
f 142/613/850 138/615/851 137/216/852 141/611/853
f 314/546/854 310/618/855 261/6/856
f 306/29/857 268/9/858 310/8/858
f 322/481/859 323/476/860 319/477/861 318/547/862
f 263/20/863 259/11/864 268/9/864
f 306/29/865 263/20/866 268/619/867
f 327/480/868 328/474/869 324/475/870 323/476/871
f 217/34/872 155/18/873 213/555/874
f 267/17/875 151/10/876 155/617/877
f 217/34/878 150/33/879 155/617/880
f 150/33/881 264/19/882 155/617/883
f 153/22/884 306/29/885 271/23/886
f 173/620/887 201/621/888 205/21/889
f 491/517/890 490/516/891 487/439/892 476/328/892
f 264/622/893 266/623/894 314/12/895
f 266/623/896 318/547/897 314/546/898
f 226/190/899 227/189/900 224/393/901 223/486/902
f 219/488/903 220/491/904 216/492/905 215/490/906
f 152/24/907 271/23/908 306/29/909
f 302/558/910 59/624/911 306/29/912
f 62/608/913 58/605/914 302/558/915 303/557/916
f 222/484/917 223/486/918 219/488/919 218/487/920
f 221/184/921 260/35/922 217/34/923
f 266/623/924 264/622/925 150/33/926
f 450/271/927 451/625/928 463/626/929 464/244/930
f 84/601/931 173/26/932 72/25/932
f 193/581/933 194/627/934 76/135/935 73/233/936
f 156/30/937 265/36/937 266/623/938
f 265/161/939 322/160/940 266/623/941
f 322/481/942 318/547/943 266/623/944
f 307/559/945 306/29/946 310/618/947 311/560/948
f 493/519/949 492/518/950 488/327/951 475/411/951
f 286/628/952 287/629/953 285/630/954 284/394/955
f 203/593/956 202/584/957 206/548/958 207/552/959
f 179/631/960 180/332/961 178/142/962 177/632/963
f 300/573/964 66/633/965 304/574/966
f 405/92/967 331/634/968 330/635/969 372/93/970
f 61/606/971 62/608/972 303/557/973
f 176/276/974 412/155/975 366/154/976 157/74/976
f 58/605/977 59/258/978 302/558/979
f 85/600/980 84/601/981 72/25/982 71/240/983
f 236/67/984 165/66/984 192/579/985 191/636/986
f 317/637/987 316/638/988 320/479/989 321/493/990
f 452/639/991 451/625/992 441/575/993 440/282/994
f 82/597/995 78/595/996 200/589/997
f 78/595/998 197/588/999 200/589/1000
f 172/392/1001 407/185/1002 221/184/1003
f 560/640/1004 561/437/1004 48/364/1005 10/363/1006
f 149/99/1007 70/641/1008 69/55/1009 572/54/1010
f 374/243/1011 375/642/1011 385/86/1011 386/85/1011
f 70/641/1012 85/643/1013 71/240/1014
f 148/102/1015 80/598/1016 85/600/1017
f 406/105/1018 326/104/1019 322/481/1020
f 301/572/1021 300/573/1022 304/574/1023 305/565/1024
f 316/638/1025 315/545/1026 319/477/1027 320/479/1028
f 246/122/1029 291/644/1030 292/259/1031 281/123/1029
f 278/129/98 252/128/1032 305/565/761
f 333/645/1033 272/112/1034 273/473/1035 332/194/1036
f 243/646/1037 288/647/1038 289/648/1037 244/649/1037
f 298/132/1039 64/650/1040 300/573/1041
f 64/602/1042 65/215/1043 300/573/1044
f 65/215/1045 66/214/1046 300/573/1047
f 145/133/1048 77/136/1049 79/651/1050 147/157/1048
f 573/138/1051 61/606/1052 66/214/1053
f 573/138/1054 56/141/1055 61/606/1056
f 69/55/1057 68/242/1058 60/56/1059
f 57/604/1060 571/652/1061 60/56/1062
f 232/653/1063 210/550/1064 169/549/1065
f 168/62/1066 167/583/1067 166/63/1068
f 168/62/1069 233/64/68 234/654/68
f 168/62/1070 234/654/68 235/65/68
f 168/62/1071 164/68/68 163/531/1072
f 168/62/1073 163/531/1074 162/529/1075
f 168/62/1076 162/529/1077 161/527/1078
f 168/62/1079 161/527/1080 160/525/1081
f 168/62/1082 160/525/1083 159/69/1084
f 168/62/1085 238/72/68 239/73/68
f 168/62/1086 171/77/68 170/78/1087
f 168/62/1088 230/79/68 231/655/68
f 168/62/1089 231/655/68 232/656/68
f 168/62/1090 232/656/68 169/549/1091
f 177/632/1092 176/276/1093 157/657/1094 239/73/1095
f 35/460/1096 524/458/1097 532/512/1098 534/511/1099
f 79/651/1100 77/136/1101 196/587/1102
f 77/136/1103 75/594/1104 196/587/1105
f 75/594/1106 175/585/1107 196/587/1108
f 74/158/1109 147/157/1110 78/595/1111
f 147/157/1112 79/651/1113 78/595/1114
f 194/627/1115 234/654/1116 233/64/1116 174/586/1117
f 280/563/1118 299/564/1119 301/572/1120 279/127/1121
f 227/189/1122 410/188/1123 224/393/1124
f 410/222/1125 409/221/1126 224/393/1127
f 287/629/1128 286/628/1129 480/369/1130 53/46/1130
f 408/224/1131 407/107/1132 172/392/1133
f 107/540/1134 106/289/1135 99/536/1136 100/542/1137
f 426/165/1138 392/164/1139 414/467/1140 415/469/1141
f 148/102/1142 83/596/1143 80/598/1144
f 5/100/1145 148/102/1146 149/658/1147
f 102/659/1148 95/539/1149 110/660/1150 48/364/1151
f 561/437/1152 562/447/1152 102/659/1153 48/364/1152
f 400/483/1154 370/103/1155 406/482/1156
f 139/661/1157 191/636/1158 192/579/1159 135/231/1160
f 371/662/1161 330/635/1162 327/480/1163
f 237/70/1164 183/532/1165 181/534/1166 158/663/1167
f 248/664/1168 295/569/1169 283/571/1170 249/665/1168
f 279/127/1171 301/572/1172 305/565/1173 252/128/1174
f 317/637/1175 313/568/1176 312/561/1177 316/638/1178
f 276/109/1179 275/111/1180 274/471/1181
f 276/109/1182 274/471/1183 273/473/1184
f 276/109/1185 273/473/1186 272/112/1187
f 276/109/1188 242/121/98 243/646/98
f 276/109/1189 243/646/98 244/649/98
f 276/109/1190 244/649/98 245/666/98
f 276/109/1191 245/666/98 246/122/98
f 276/109/1192 247/124/98 248/664/98
f 276/109/1193 248/664/98 249/665/98
f 276/109/1194 249/665/98 250/667/98
f 276/109/1195 250/667/98 251/125/98
f 276/109/1196 280/126/98 279/127/1197
f 276/109/1198 278/129/1199 277/567/1200
f 251/125/1201 297/130/1202 280/563/98
f 297/130/1203 298/132/1204 299/564/1205
f 67/603/1206 64/602/1207 298/132/1208
f 568/205/1209 444/668/1210 569/669/1211
f 444/670/1212 445/137/1213 569/669/1214
f 144/156/1215 74/158/1216 83/596/1217 148/102/1218
f 571/652/1219 57/604/1220 63/607/1221
f 381/413/1222 380/671/1223 389/170/1224 390/672/1225
f 177/632/1226 239/73/1227 238/72/1227 179/631/1228
f 189/530/1229 163/531/1230 164/673/1231 190/674/1232
f 233/64/1233 166/63/1234 195/591/1235 174/586/1236
f 76/135/1237 194/627/1238 174/586/1239
f 186/524/1240 187/526/1241 87/535/1242 98/390/1243
f 419/94/1244 372/93/1245 371/675/1244 401/178/1244
f 418/177/1246 402/176/1247 404/192/1248 405/676/1249
f 422/162/1250 398/180/1251 409/221/1252
f 422/162/143 397/220/1253 396/163/1254
f 422/162/143 393/58/143 392/164/1255
f 422/162/143 427/167/143 428/168/143
f 422/162/143 390/169/143 389/170/1256
f 422/162/143 429/171/143 430/303/143
f 422/162/143 430/303/143 431/172/143
f 422/162/143 388/173/143 387/87/1257
f 422/162/143 403/175/143 402/176/1258
f 422/162/143 418/177/143 419/94/143
f 422/162/143 401/178/143 400/483/1259
f 422/162/143 400/483/1260 399/179/1261
f 422/162/143 420/106/143 421/108/143
f 15/677/1262 136/159/1263 16/678/1264
f 396/163/1265 368/187/1266 411/679/1267 423/89/1266
f 372/93/1268 330/635/1269 371/662/1270
f 185/680/1271 183/532/1272 237/70/1273 159/69/1274
f 373/193/1275 333/645/1276 332/194/1277
f 218/487/1278 214/489/1279 231/655/1280 230/681/1280
f 54/203/1281 568/205/1282 67/603/1283
f 443/682/1284 444/670/1285 568/205/1286
f 130/197/1287 131/543/1288 141/611/1289 140/609/1290
f 436/229/1291 17/210/1292 445/137/1293
f 289/45/1294 290/48/1295 245/666/1296 244/649/1296
f 228/230/1297 367/91/1298 225/191/1299
f 146/134/1300 73/233/1301 76/135/1302
f 277/567/1303 313/568/1304 317/637/1305 276/109/1306
f 136/616/1307 137/216/1308 145/133/1309
f 15/677/1310 140/609/829 136/616/841
f 420/106/1311 399/179/1312 406/105/1311 369/53/1311
f 371/662/1313 370/683/1314 400/483/1315 401/684/1316
f 595/217/1317 593/234/1318 592/685/1319
f 593/234/1320 126/218/1321 592/685/1322
f 126/610/830 140/609/833 15/677/1323
f 396/163/1324 397/220/1325 410/222/1326 368/187/1327
f 373/193/1328 272/112/1329 333/645/1330
f 402/176/1331 403/686/1332 373/193/1333 404/192/1334
f 282/687/1335 285/630/1336 287/629/1337 242/121/1338
f 283/204/1339 54/203/1340 296/688/1341
f 498/264/1342 30/249/1343 29/412/1344 500/429/1345
f 442/326/1346 294/570/1347 443/682/1348
f 294/570/1349 447/578/1350 443/682/1351
f 281/689/1352 292/259/1353 293/690/1354 247/691/1355
f 135/231/1356 134/692/1357 138/615/1358 139/661/1359
f 294/570/1360 446/693/1361 447/578/1362
f 18/213/1363 436/212/1363 449/577/781
f 441/575/1364 19/694/1365 449/577/1366
f 19/146/1367 18/695/1368 449/577/1369
f 19/146/1370 596/182/1371 18/213/1371
f 366/186/1372 367/696/1373 229/76/1374
f 375/642/1375 374/225/1375 373/193/1375 403/175/1375
f 137/216/1376 138/615/1377 146/134/1378
f 138/615/1379 134/692/1380 146/134/1381
f 134/692/1382 135/231/1383 146/134/1384
f 192/579/1385 193/581/1386 73/233/1387
f 165/66/1388 235/65/1388 193/581/1389
f 447/578/1390 448/576/1391 444/670/1392 443/682/1393
f 496/395/1394 495/697/1395 489/320/1395 480/369/1395
f 594/382/1396 127/698/1396 595/699/1396
f 127/383/1397 126/610/1398 595/699/1399
f 581/198/245 594/382/245 595/699/245
f 295/569/1400 293/690/1401 294/570/1402
f 380/671/1403 379/700/1404 429/171/1405 389/170/1406
f 514/701/1407 513/702/1407 529/438/1408 530/450/1409
f 492/518/1410 491/517/1411 476/328/1412 488/327/1412
f 453/703/1413 452/639/1414 440/282/1415
f 316/638/1416 312/561/1417 311/560/1418 315/545/1419
f 585/251/1420 586/246/1421 441/147/1422
f 451/625/1423 450/250/1424 441/575/1425
f 47/254/1426 108/541/1427 109/704/1428 103/446/1429
f 504/705/1430 503/706/1431 499/515/1432 501/521/1433
f 522/707/1434 36/465/1435 538/509/1436 521/3/1437
f 191/708/1438 139/661/1439 138/615/1440
f 494/520/1441 493/519/1442 475/411/1443 489/320/1443
f 243/646/1444 242/709/1444 287/629/1445 288/647/1446
f 81/599/1447 201/621/1448 173/26/1449 84/601/1450
f 485/373/1451 478/374/1452 479/710/1453 477/711/1454
f 125/256/1455 128/16/723 130/197/734
f 330/635/1456 331/634/1457 328/474/1458 327/480/1459
f 438/712/1460 439/283/1461 447/578/1462 446/693/1463
f 124/267/1464 123/44/1465 132/612/1466
f 133/286/1467 143/614/1468 142/613/1469 132/612/1470
f 586/246/1471 585/251/1472 583/713/1473
f 586/246/1474 583/713/1473 582/714/1475
f 583/269/1476 14/196/1477 582/714/1478
f 117/715/1479 115/228/1480 112/227/1481 120/14/1482
f 290/48/1483 291/644/1484 246/122/1485 245/666/1485
f 160/525/1486 186/524/1487 185/680/1488 159/69/1489
f 331/634/1490 332/194/1491 329/472/1492 328/474/1493
f 205/21/1494 204/592/1495 208/554/1496 209/556/1497
f 587/268/271 584/280/1498 583/269/1499
f 114/716/1500 116/717/1501 119/362/1502 13/281/1502
f 454/718/1503 455/273/1504 450/271/1505
f 588/719/1506 587/720/1507 450/250/1508
f 187/526/1509 161/527/1510 162/529/1511 188/528/1512
f 376/721/1513 387/87/1514 388/173/1515 377/318/1516
f 133/286/1517 190/285/1518 143/614/1519
f 583/269/1520 584/280/1521 14/196/1522
f 448/576/1523 449/577/1524 445/137/1525 444/670/1526
f 463/626/1527 451/625/1528 452/722/1529 462/723/1530
f 523/461/1531 536/510/1532 538/509/1533 36/465/1534
f 124/294/1535 132/612/1536 131/543/1537 129/15/1538
f 189/530/1539 190/674/1540 122/43/1541
f 81/599/1542 82/597/1543 200/589/1544 201/621/1545
f 377/318/1546 258/724/1547 376/721/1548
f 258/319/1549 255/116/1550 257/115/1550
f 253/110/1551 321/493/1552 325/478/1553 275/111/1554
f 291/644/1555 466/287/1556 292/259/1557
f 467/321/1558 472/505/1559 460/725/1560
f 472/505/1561 461/52/1562 460/725/1562
f 472/505/1563 469/329/1564 461/52/1565
f 469/329/1566 473/290/1567 461/52/1568
f 473/290/1569 471/726/1570 461/52/1571
f 473/290/1572 462/292/1573 471/49/1573
f 474/293/1574 463/626/1575 462/723/1576
f 477/727/1577 486/728/1577 481/729/1578 482/431/1579
f 588/719/1580 589/304/1581 584/730/1582
f 588/719/1583 584/730/1584 587/268/1584
f 459/731/1585 460/725/1585 434/523/1586 433/261/1587
f 588/275/1588 455/273/1589 454/718/1590
f 576/300/1591 589/304/1592 588/719/1593
f 293/690/1594 295/569/765 248/664/1595 247/691/1595
f 177/632/1596 384/60/1597 176/276/1598
f 378/367/1599 377/318/1600 388/173/1601 431/172/1601
f 177/632/1602 178/142/1603 384/60/1604
f 231/655/1605 214/489/1606 210/550/1607 232/656/1605
f 41/305/1608 42/330/1609 13/308/1610
f 42/330/1611 6/306/1612 13/308/1613
f 25/245/1614 464/244/1615 463/626/1616 474/293/1614
f 371/662/1617 327/480/1618 326/104/1619 370/683/1620
f 88/316/1621 188/528/1622 189/530/1623
f 61/606/1624 303/557/1625 304/574/1626 66/214/1627
f 378/367/1628 349/317/1629 377/318/1630
f 291/644/1631 465/47/1632 466/732/1633
f 465/47/1634 53/46/1635 466/732/1636
f 53/46/1637 467/321/1638 466/732/1639
f 230/79/1640 170/78/1641 222/484/1642 218/487/1643
f 290/48/1644 465/47/1645 291/644/1646
f 182/402/1647 359/403/1648 358/333/1648 180/332/1649
f 470/440/1650 479/291/1651 473/290/1652
f 504/705/1653 505/733/1654 512/734/1655 513/702/1656
f 486/728/1657 477/711/1658 479/710/1659
f 110/365/1660 95/539/1661 92/386/1662 93/381/1663
f 478/374/1664 474/293/1665 479/291/1665
f 116/735/1666 114/716/1667 94/736/1668 93/381/1669
f 26/375/1670 8/39/1671 25/737/1672
f 22/738/1673 23/331/1674 9/38/1675
f 26/375/1676 25/737/1677 474/293/1678 478/374/1679
f 23/331/1680 22/738/1681 458/297/1682
f 182/402/1683 180/332/1684 179/631/1685 181/534/1686
f 229/76/1687 228/230/1688 225/191/1689 171/77/1687
f 342/739/1690 413/144/1690 343/143/1690
f 178/142/1691 180/332/1692 343/143/1693
f 358/334/381 359/403/381 360/335/381
f 358/334/382 361/337/382 362/338/382
f 358/334/1694 355/342/1694 354/740/1695
f 358/334/381 354/740/1696 353/343/1697
f 358/334/385 356/344/385 357/345/385
f 358/334/381 352/346/381 351/347/1698
f 358/334/382 335/348/382 336/349/382
f 358/334/381 347/352/381 346/353/1699
f 358/334/382 338/354/382 339/355/382
f 358/334/382 345/358/382 344/359/1700
f 358/334/382 341/360/382 342/739/382
f 358/334/382 342/739/382 343/741/382
f 342/739/1701 414/467/1702 413/61/1703
f 78/595/1704 79/651/1705 196/587/1706 197/588/1707
f 574/742/1708 575/743/1709 6/306/1710
f 574/361/1711 114/309/1711 575/307/1711
f 93/381/1712 92/386/1713 116/717/1714
f 487/744/1715 486/728/1716 479/291/1716 470/440/1717
f 91/385/1718 117/149/1719 92/151/1719
f 91/385/1720 115/228/1721 117/715/1722
f 91/385/1723 100/542/1724 115/228/1725
f 100/542/1726 90/538/1727 115/228/1728
f 90/538/1729 118/226/1730 115/228/1731
f 90/538/1732 89/537/1733 118/226/1734
f 87/535/1735 188/528/1736 88/316/1737
f 166/63/1738 167/583/1739 198/582/1740 195/591/1741
f 87/535/1742 187/526/1743 188/528/1744
f 570/311/1745 571/57/1746 63/607/1747 56/141/1748
f 258/319/1749 257/115/1750 386/85/1750 376/84/1750
f 289/45/1751 288/647/1752 53/46/1753
f 288/647/1754 287/629/1755 53/46/1756
f 169/549/1757 206/548/1758 202/584/1759 168/62/1760
f 490/745/1761 481/729/1762 486/746/1763 487/744/1764
f 495/522/1765 494/520/1766 489/320/1767
f 452/722/1768 453/703/1769 471/49/1768 462/292/1768
f 304/574/1770 303/557/1771 307/559/1772 308/562/1773
f 122/43/1774 133/286/1775 132/612/1776 123/44/1777
f 311/560/1778 310/618/1779 314/546/1780 315/545/1781
f 552/501/1782 554/499/1783 555/497/1784 553/502/1785
f 482/431/1786 485/504/1787 477/711/1788
f 484/399/1789 28/371/1790 485/373/1790
f 27/747/1791 26/375/1792 478/374/1793
f 27/372/1794 28/371/1794 26/375/1795
f 309/566/1796 308/562/1797 312/561/1798 313/568/1799
f 249/665/1800 283/571/1801 296/748/1800 250/667/1800
f 341/749/1802 415/750/1802 342/739/1802
f 415/469/1803 414/467/1804 342/739/1805
f 116/717/1806 92/151/1807 113/150/1808 119/362/1807
f 11/366/1809 12/380/1810 94/370/1811
f 12/380/1812 93/381/1813 94/736/1814
f 12/380/1815 11/366/1816 110/365/1817
f 102/659/1818 96/387/1819 95/539/1820
f 514/701/1821 515/324/1821 502/323/1822 503/706/1822
f 109/384/1823 100/542/1824 91/385/1825
f 109/704/1826 108/541/1827 100/542/1828
f 108/541/1829 107/540/1830 100/542/1831
f 106/289/1832 97/208/1833 99/536/710
f 97/208/1833 105/207/1834 98/390/1835
f 184/533/1836 183/532/1837 98/390/1838
f 183/532/1839 185/680/1840 98/390/1841
f 185/680/1842 101/751/1843 98/390/1844
f 101/751/1845 186/752/1846 98/390/1847
f 76/135/1848 174/586/1849 175/585/1850 75/594/1851
f 379/378/1852 336/349/1852 335/753/1852
f 89/537/1853 88/316/1854 111/42/1855 121/41/1855
f 193/581/1856 235/65/1857 234/654/1857 194/627/1858
f 286/628/1859 284/394/1860 480/369/1861
f 274/471/1862 275/111/1863 325/478/1864 329/472/1865
f 460/725/1866 461/52/1866 435/51/1867 434/523/1868
f 198/582/1869 202/584/1870 203/593/1871 199/590/1872
f 500/429/1873 481/729/1874 490/745/1875
f 500/429/1876 482/431/1877 481/729/1878
f 67/603/1879 568/205/1880 569/139/1881 65/215/1882
f 578/407/1883 579/398/1884 28/371/1885
f 29/412/1886 484/399/1887 483/430/1888
f 292/259/1889 433/261/1890 438/712/1891 293/690/1892
f 296/688/1893 297/130/1894 251/125/1895 250/667/1895
f 105/207/1896 182/402/1897 184/533/1898
f 416/470/1899 415/469/1900 341/749/1901
f 391/166/1902 426/165/1902 415/469/1903
f 45/754/1904 46/209/1905 359/403/1906
f 563/310/1907 360/335/1907 359/403/1907
f 579/398/1908 578/407/1909 11/376/1910
f 44/401/1911 10/363/1912 11/366/1913
f 404/192/1914 332/194/1915 331/634/1916 405/676/1917
f 15/677/1918 16/678/1919 5/100/1920 592/183/1920
f 562/447/1921 103/446/1922 102/659/1923
f 475/411/1924 468/410/1925 467/321/1926 489/320/1924
f 294/570/1927 442/326/1928 437/199/1929 283/571/1930
f 47/254/1931 104/253/1932 108/541/1933
f 433/261/1934 434/523/1935 439/283/1936 438/712/1937
f 186/752/1938 101/751/1939 185/680/1940
f 380/671/1941 336/349/1942 379/378/1942
f 380/671/1943 381/413/1944 336/349/1945
f 284/394/1946 285/630/1947 270/119/1948
f 285/630/1949 282/687/1950 270/119/1951
f 52/419/1952 501/418/1952 496/395/1953
f 505/733/1954 504/705/1955 501/418/1956
f 502/323/1957 497/265/1958 500/429/1959 499/515/1960
f 503/706/1961 502/323/1962 499/515/1963
f 513/702/1964 514/701/1964 503/706/1965 504/705/1966
f 542/454/1967 520/755/1967 538/509/1968 537/508/1969
f 30/249/1970 506/248/1971 29/756/1972
f 345/443/1973 383/404/1974 344/359/1975
f 382/442/1976 428/757/1977 383/758/1978
f 428/168/1979 427/423/1979 383/758/1980
f 345/443/1981 382/442/1982 383/758/1983
f 427/167/1984 391/166/1984 416/470/1985
f 553/502/1986 555/497/1987 360/424/1988
f 555/497/1989 557/496/1990 360/424/1991
f 557/496/1992 559/279/1993 360/424/1994
f 551/500/1995 553/502/1996 360/424/1997
f 543/503/653 551/500/648 563/310/1998
f 509/83/1970 565/82/1999 564/428/2000
f 565/82/2001 567/315/2002 564/408/2002
f 33/759/2003 34/432/2004 567/315/2005
f 39/435/2006 561/437/2007 560/640/2008
f 545/544/2009 552/501/2010 561/437/2011
f 552/501/2012 550/760/2013 561/437/2014
f 550/760/2015 562/447/2016 561/437/2016
f 550/760/2017 544/255/654 562/447/2018
f 149/658/2019 148/102/2020 85/643/2021 70/641/2022
f 550/760/2023 552/501/2024 544/255/2025
f 552/501/2026 551/500/2027 544/255/2028
f 390/672/2029 382/442/2030 381/413/2031
f 382/442/2032 337/351/2033 381/413/2034
f 356/761/2035 535/762/2035 357/345/2035
f 535/506/2036 533/514/2037 357/345/2038
f 533/514/2039 531/513/2040 357/345/2041
f 531/513/2042 529/438/2043 357/345/2044
f 296/688/2045 54/203/2046 67/131/2047 297/130/2048
f 529/438/2049 513/702/2050 512/734/2051
f 425/59/2052 394/152/2052 412/277/2052 384/60/2052
f 467/321/2053 460/725/2054 459/260/2054 466/732/2055
f 528/763/2056 527/262/2057 497/265/2058
f 530/450/2059 525/448/2060 527/262/2061 528/763/2062
f 224/393/2063 172/392/2064 221/184/2065 220/491/2066
f 34/432/2067 33/759/2068 30/249/2069
f 293/690/2070 438/712/2071 446/693/2072 294/570/2073
f 346/353/2074 347/764/2075 382/444/2076
f 339/355/2077 338/765/2077 382/444/2077
f 534/511/2078 533/514/2079 535/506/2080 536/510/2081
f 549/453/2082 539/236/2083 559/279/2084
f 181/534/2085 179/631/2086 238/72/2087 158/663/1274
f 516/263/2088 525/448/676 526/766/2089
f 525/448/2090 39/435/2091 526/434/2091
f 525/448/2092 546/457/2093 545/544/2094
f 517/507/2095 535/506/2096 356/761/2097
f 38/456/2098 556/498/2099 554/499/2100 546/457/2101
f 236/67/2102 191/636/2103 190/674/2104 164/673/2105
f 530/450/2106 515/324/2107 514/701/2107
f 204/592/2108 205/21/2109 201/621/2110 200/589/2111
f 38/456/2112 547/459/2113 556/498/2114
f 540/2/2115 548/494/2116 558/495/2117
f 547/459/2118 37/451/2119 558/452/2119
f 70/641/2120 71/240/2121 68/242/227 69/55/2122
f 542/454/2123 549/453/2124 548/1/2123 520/755/2123
f 362/338/2125 361/767/2125 51/235/2125
f 524/458/2126 38/456/2127 525/448/2128
f 354/740/2129 518/388/2130 353/343/2131
f 518/238/2132 517/507/2133 353/343/2134
f 519/455/2135 542/454/2135 537/508/2136
f 190/674/2137 191/708/2138 138/615/2139 143/614/2140
f 103/446/2141 109/704/2142 96/387/2143 102/659/2144
f 204/592/2145 203/593/2146 207/552/2147 208/554/2148
f 523/461/2149 35/460/2150 534/511/2151
f 253/110/2152 276/109/2153 317/637/2154 321/493/2155
f 541/463/2156 540/768/2157 37/451/2158
f 521/3/2159 540/768/2160 541/463/2161 522/462/2161
f 354/740/2162 355/769/2163 518/388/2164
